{"type":"FeatureCollection","features":[{"type":"Feature","geometry":{"type":"Polygon","coordinates":[[[-79.23266007697022,43.73063207941199],[-79.23932593873128,43.72924022396361],[-79.24088658694238,43.724542211132764],[-79.2357825293324,43.721236296195904],[-79.22911771891232,43.72262781782086],[-79.22755591486529,43.72732558816064],[-79.23266007697022,43.73063207941199]]]},"properties":{"cell_id":"882b9bd4c3fffff","hex_id":"882b9bd4c3fffff","lat":43.725934,"lng":-79.234221,"resolution":8,"neighbourhood":"Cliffside"}},{"type":"Feature","geometry":{"type":"Polygon","coordinates":[[[-79.30131298319459,43.860685231719714],[-79.3079955847229,43.859287306111625],[-79.30955354657297,43.854582002238395],[-79.30443007074727,43.851274865367834],[-79.29774852477637,43.85267245525577],[-79.29618939917817,43.85737751768865],[-79.30131298319459,43.860685231719714]]]},"properties":{"cell_id":"882b9bd293fffff","hex_id":"882b9bd293fffff","lat":43.85598,"lng":-79.302872,"resolution":8,"neighbourhood":"North Toronto"}},{"type":"Feature","geometry":{"type":"Polygon","coordinates":[[[-79.4314051132654,43.71081145679214],[-79.43806134650474,43.709408449994044],[-79.43960068867447,43.704708963105034],[-79.43448495623609,43.70141272122553],[-79.42782976821665,43.70281539056173],[-79.42628926751819,43.70751463919351],[-79.4314051132654,43.71081145679214]]]},"properties":{"cell_id":"882b9bc0d9fffff","hex_id":"882b9bc0d9fffff","lat":43.706112,"lng":-79.432945,"resolution":8,"neighbourhood":"Central Toronto"}},{"type":"Feature","geometry":{"type":"Polygon","coordinates":[[[-79.53777399956363,43.63146603435505],[-79.54441502252442,43.63005821237248],[-79.54594066003119,43.625361391110495],[-79.54082643112818,43.62207262757144],[-79.53418644695604,43.62348011048099],[-79.53265965299948,43.628176695956725],[-79.53777399956363,43.63146603435505]]]},"properties":{"cell_id":"882b9bce33fffff","hex_id":"882b9bce33fffff","lat":43.626769,"lng":-79.5393,"resolution":8,"neighbourhood":"Etobicoke South"}},{"type":"Feature","geometry":{"type":"Polygon","coordinates":[[[-79.51340613152574,43.8204770748642],[-79.52007558963119,43.81906753233953],[-79.5216101010149,43.8143616053388],[-79.51647632002806,43.8110654576674],[-79.50980791000977,43.81247466067898],[-79.50827223299382,43.81718035082893],[-79.51340613152574,43.8204770748642]]]},"properties":{"cell_id":"882b9bc309fffff","hex_id":"882b9bc309fffff","lat":43.815771,"lng":-79.514941,"resolution":8,"neighbourhood":"NW Toronto"}},{"type":"Feature","geometry":{"type":"Polygon","coordinates":[[[-79.45089908804974,43.63235248521951],[-79.45754321640118,43.63094964681136],[-79.4590778932972,43.62625383320289],[-79.45396959685154,43.62296109557279],[-79.44732650961846,43.62436359652416],[-79.44579067781451,43.62905917251666],[-79.45089908804974,43.63235248521951]]]},"properties":{"cell_id":"882b9bc539fffff","hex_id":"882b9bc539fffff","lat":43.627657,"lng":-79.452435,"resolution":8,"neighbourhood":"South Toronto"}},{"type":"Feature","geometry":{"type":"Polygon","coordinates":[[[-79.39966124446428,43.71312166021657],[-79.40631889747611,43.71172044655179],[-79.40786161409336,43.70702123358348],[-79.40274783586153,43.70372347316594],[-79.39609122901129,43.705124349952314],[-79.39454735433402,43.70982332398888],[-79.39966124446428,43.71312166021657]]]},"properties":{"cell_id":"882b9bc769fffff","hex_id":"882b9bc769fffff","lat":43.708422,"lng":-79.401205,"resolution":8,"neighbourhood":"Forest Hill"}},{"type":"Feature","geometry":{"type":"Polygon","coordinates":[[[-79.50519992281963,43.82659237354156],[-79.51187055938723,43.82518320471838],[-79.51340613152574,43.8204770748642],[-79.50827223299382,43.81718035082893],[-79.50160264501316,43.818589180263665],[-79.50006590708023,43.823295073076],[-79.50519992281963,43.82659237354156]]]},"properties":{"cell_id":"882b9bc343fffff","hex_id":"882b9bc343fffff","lat":43.821886,"lng":-79.506736,"resolution":8,"neighbourhood":"NW Toronto"}},{"type":"Feature","geometry":{"type":"Polygon","coordinates":[[[-79.5563752535184,43.74568065682443],[-79.56303228904721,43.744269868514074],[-79.56455981587636,43.739567130709105],[-79.55943146987526,43.73627541689472],[-79.55277547785718,43.737685865243336],[-79.55124678843131,43.74238836732195],[-79.5563752535184,43.74568065682443]]]},"properties":{"cell_id":"882b9bc113fffff","hex_id":"882b9bc113fffff","lat":43.740978,"lng":-79.557904,"resolution":8,"neighbourhood":"Etobicoke North"}},{"type":"Feature","geometry":{"type":"Polygon","coordinates":[[[-79.24088658694238,43.724542211132764],[-79.24755128171871,43.723149978593106],[-79.24911086793547,43.71845216511215],[-79.24400691516145,43.715146826425496],[-79.23734327123077,43.71653872501507],[-79.2357825293324,43.721236296195904],[-79.24088658694238,43.724542211132764]]]},"properties":{"cell_id":"882b9bd489fffff","hex_id":"882b9bd489fffff","lat":43.719844,"lng":-79.242447,"resolution":8,"neighbourhood":"Cliffside"}},{"type":"Feature","geometry":{"type":"Polygon","coordinates":[[[-79.19619321646628,43.74698240178292],[-79.20286269396941,43.745592391298636],[-79.20442768718648,43.74089402506638],[-79.1993243589835,43.73758591257828],[-79.19265593452646,43.73897558985065],[-79.19108978533069,43.743673712777635],[-79.19619321646628,43.74698240178292]]]},"properties":{"cell_id":"882b9bd6b9fffff","hex_id":"882b9bd6b9fffff","lat":43.742284,"lng":-79.197759,"resolution":8,"neighbourhood":"Scarborough"}},{"type":"Feature","geometry":{"type":"Polygon","coordinates":[[[-79.61510201587431,43.851539969828806],[-79.62177250649583,43.85012403869775],[-79.62329746304347,43.845415347345174],[-79.61815309815921,43.842122821868564],[-79.61148365433979,43.84353841143943],[-79.60995752870465,43.8482468680007],[-79.61510201587431,43.851539969828806]]]},"properties":{"cell_id":"882b9bd8e9fffff","hex_id":"882b9bd8e9fffff","lat":43.846831,"lng":-79.616628,"resolution":8,"neighbourhood":"NW Toronto"}},{"type":"Feature","geometry":{"type":"Polygon","coordinates":[[[-79.14555420125416,43.8056220576702],[-79.15223396433807,43.804234039382585],[-79.15380623393555,43.799533410433064],[-79.14869989855247,43.796221044271384],[-79.14202119254864,43.797608730032835],[-79.14044776495298,43.802309114436724],[-79.14555420125416,43.8056220576702]]]},"properties":{"cell_id":"882b9b9905fffff","hex_id":"882b9b9905fffff","lat":43.800921,"lng":-79.147127,"resolution":8,"neighbourhood":"East Scarborough"}},{"type":"Feature","geometry":{"type":"Polygon","coordinates":[[[-79.33426178715743,43.8362712328971],[-79.34093968805128,43.83487179360192],[-79.34249338608325,43.83016728480065],[-79.33737034644315,43.8268624559226],[-79.33069349910784,43.828261558991024],[-79.32913863795811,43.83296582711845],[-79.33426178715743,43.8362712328971]]]},"properties":{"cell_id":"882b9bd72dfffff","hex_id":"882b9bd72dfffff","lat":43.831567,"lng":-79.335816,"resolution":8,"neighbourhood":"North Toronto"}},{"type":"Feature","geometry":{"type":"Polygon","coordinates":[[[-79.52721195432383,43.77813155005537],[-79.53387473882067,43.77672190774763],[-79.53540638833944,43.77201791123593],[-79.5302764171837,43.76872379342184],[-79.52361467846036,43.77013309615859],[-79.52208186522154,43.77483685623427],[-79.52721195432383,43.77813155005537]]]},"properties":{"cell_id":"882b9bc065fffff","hex_id":"882b9bc065fffff","lat":43.773428,"lng":-79.528744,"resolution":8,"neighbourhood":"Etobicoke North"}},{"type":"Feature","geometry":{"type":"Polygon","coordinates":[[[-79.40680501530812,43.72911791863466],[-79.41346476146258,43.7277160308997],[-79.41500727715527,43.72301593514758],[-79.4098912058014,43.7197179659135],[-79.40323250635485,43.72111951656114],[-79.40168883165704,43.725819373484384],[-79.40680501530812,43.72911791863466]]]},"properties":{"cell_id":"882b9bc295fffff","hex_id":"882b9bc295fffff","lat":43.724418,"lng":-79.408348,"resolution":8,"neighbourhood":"Lawrence Park"}},{"type":"Feature","geometry":{"type":"Polygon","coordinates":[[[-79.36609591996944,43.83397517450903],[-79.37277240155976,43.832573929887474],[-79.37432270791005,43.82786914027988],[-79.36919769636879,43.82456583524467],[-79.36252226739131,43.82596674305165],[-79.36097079744607,43.83067129266254],[-79.36609591996944,43.83397517450903]]]},"properties":{"cell_id":"882b9bd09dfffff","hex_id":"882b9bd09dfffff","lat":43.82927,"lng":-79.367647,"resolution":8,"neighbourhood":"North Toronto"}},{"type":"Feature","geometry":{"type":"Polygon","coordinates":[[[-79.551151081126,43.68550219364793],[-79.55779951473808,43.68409270420041],[-79.55932557017996,43.67939302450682],[-79.55420435154761,43.67610306987646],[-79.54755695883352,43.67751221974518],[-79.54602974395526,43.68221166377704],[-79.551151081126,43.68550219364793]]]},"properties":{"cell_id":"882b9bce6dfffff","hex_id":"882b9bce6dfffff","lat":43.680803,"lng":-79.552678,"resolution":8,"neighbourhood":"Etobicoke"}},{"type":"Feature","geometry":{"type":"Polygon","coordinates":[[[-79.21142448568823,43.6826147613123],[-79.21808404355357,43.68122490724807],[-79.21964525130139,43.676529546160104],[-79.21454805429335,43.67322428188156],[-79.20788954610937,43.67461380274469],[-79.2063271853559,43.67930892104209],[-79.21142448568823,43.6826147613123]]]},"properties":{"cell_id":"882b9b8941fffff","hex_id":"882b9b8941fffff","lat":43.677919,"lng":-79.212986,"resolution":8,"neighbourhood":"East Scarborough"}},{"type":"Feature","geometry":{"type":"Polygon","coordinates":[[[-79.26685082518586,43.75847395011772],[-79.27351960898874,43.75707966887312],[-79.27507765963637,43.752379847874074],[-79.26996808447619,43.749074549931734],[-79.26330035240599,43.75046849658001],[-79.26174114386728,43.75516807572136],[-79.26685082518586,43.75847395011772]]]},"properties":{"cell_id":"882b9bd415fffff","hex_id":"882b9bd415fffff","lat":43.753774,"lng":-79.26841,"resolution":8,"neighbourhood":"Scarborough"}},{"type":"Feature","geometry":{"type":"Polygon","coordinates":[[[-79.56980789188869,43.79977880626538],[-79.57647237277138,43.798366347619286],[-79.57800031482172,43.79366076321947],[-79.57286494169801,43.790367873019136],[-79.5662015064491,43.79177999119618],[-79.56467239879223,43.79648533999641],[-79.56980789188869,43.79977880626538]]]},"properties":{"cell_id":"882b9bc14dfffff","hex_id":"882b9bc14dfffff","lat":43.795073,"lng":-79.571337,"resolution":8,"neighbourhood":"NW Toronto"}},{"type":"Feature","geometry":{"type":"Polygon","coordinates":[[[-79.2151393185168,43.8392723857005],[-79.22182168594091,43.837879797474464],[-79.22338788092449,43.83317662875159],[-79.21827286961955,43.82986629139691],[-79.21159155902129,43.83125854562709],[-79.21002420300704,43.835961471162214],[-79.2151393185168,43.8392723857005]]]},"properties":{"cell_id":"882b9bd645fffff","hex_id":"882b9bd645fffff","lat":43.834569,"lng":-79.216706,"resolution":8,"neighbourhood":"East Scarborough"}},{"type":"Feature","geometry":{"type":"Polygon","coordinates":[[[-79.51642389432808,43.75413781267275],[-79.5230835423191,43.752729188762935],[-79.52461550787163,43.74802651372119],[-79.51948898783279,43.74473269913686],[-79.51283038480072,43.746140983790724],[-79.51129725695073,43.75084342223882],[-79.51642389432808,43.75413781267275]]]},"properties":{"cell_id":"882b9bc02bfffff","hex_id":"882b9bc02bfffff","lat":43.749435,"lng":-79.517957,"resolution":8,"neighbourhood":"Etobicoke North"}},{"type":"Feature","geometry":{"type":"Polygon","coordinates":[[[-79.39541217610248,43.80154465579551],[-79.40208290571931,43.8001422430298],[-79.40362905927763,43.795438695489864],[-79.39850564580648,43.79213779995284],[-79.39183596653109,43.79353987550519],[-79.39028865048878,43.79824318376203],[-79.39541217610248,43.80154465579551]]]},"properties":{"cell_id":"882b9bc25bfffff","hex_id":"882b9bc25bfffff","lat":43.796841,"lng":-79.396959,"resolution":8,"neighbourhood":"Willowdale"}},{"type":"Feature","geometry":{"type":"Polygon","coordinates":[[[-79.32602794798005,43.84237500223205],[-79.33270702385823,43.84097594086368],[-79.33426178715743,43.8362712328971],[-79.32913863795811,43.83296582711845],[-79.32246061613796,43.834364552386546],[-79.3209046895632,43.83906901948775],[-79.32602794798005,43.84237500223205]]]},"properties":{"cell_id":"882b9bd767fffff","hex_id":"882b9bd767fffff","lat":43.83767,"lng":-79.327583,"resolution":8,"neighbourhood":"North Toronto"}},{"type":"Feature","geometry":{"type":"Polygon","coordinates":[[[-79.37754362628957,43.7615261932578],[-79.38420910694579,43.760125465513205],[-79.38575576083916,43.75542412070347],[-79.38063809429148,43.75212374313308],[-79.37397366260376,43.75352413418701],[-79.37242584859843,43.75822523945623],[-79.37754362628957,43.7615261932578]]]},"properties":{"cell_id":"882b9bd537fffff","hex_id":"882b9bd537fffff","lat":43.756825,"lng":-79.379091,"resolution":8,"neighbourhood":"York Mills"}},{"type":"Feature","geometry":{"type":"Polygon","coordinates":[[[-79.23254230216068,43.656359955603996],[-79.23919732011132,43.654969307107656],[-79.24075544216943,43.6502749887733],[-79.2356596984555,43.64697156115859],[-79.22900572843018,43.648361876178186],[-79.22744645429698,43.6530559522439],[-79.23254230216068,43.656359955603996]]]},"properties":{"cell_id":"882b9b8907fffff","hex_id":"882b9b8907fffff","lat":43.651666,"lng":-79.234101,"resolution":8,"neighbourhood":"East Scarborough"}},{"type":"Feature","geometry":{"type":"Polygon","coordinates":[[[-79.35786689190331,43.840081031361215],[-79.36454454912678,43.838680163929524],[-79.36609591996944,43.83397517450903],[-79.36097079744607,43.83067129266254],[-79.354294193335,43.8320718234058],[-79.35274165873881,43.83677657263812],[-79.35786689190331,43.840081031361215]]]},"properties":{"cell_id":"882b9bd0d7fffff","hex_id":"882b9bd0d7fffff","lat":43.835376,"lng":-79.359419,"resolution":8,"neighbourhood":"North Toronto"}},{"type":"Feature","geometry":{"type":"Polygon","coordinates":[[[-79.48416355543588,43.85294330769093],[-79.49083877847733,43.8515349228323],[-79.49237743146902,43.84682774663551],[-79.4872420282791,43.843529192814195],[-79.48056785559886,43.844937238554],[-79.47902803585043,43.849644177187805],[-79.48416355543588,43.85294330769093]]]},"properties":{"cell_id":"882b9bd1abfffff","hex_id":"882b9bd1abfffff","lat":43.848236,"lng":-79.485703,"resolution":8,"neighbourhood":"North Toronto"}},{"type":"Feature","geometry":{"type":"Polygon","coordinates":[[[-79.20449976826275,43.81523250489607],[-79.2111789660466,43.81384091834565],[-79.21274544083235,43.80913907028905],[-79.20763387754342,43.805829052075644],[-79.20095573574825,43.8072203049421],[-79.19938810135815,43.81192190966042],[-79.20449976826275,43.81523250489607]]]},"properties":{"cell_id":"882b9bd60bfffff","hex_id":"882b9bd60bfffff","lat":43.810531,"lng":-79.206067,"resolution":8,"neighbourhood":"Malvern"}},{"type":"Feature","geometry":{"type":"Polygon","coordinates":[[[-79.56194096765238,43.70947537524191],[-79.56859252557584,43.70806486642828],[-79.57011826183503,43.70336386249272],[-79.56499360112507,43.70007360282863],[-79.55834308490836,43.70148377174854],[-79.5568161877964,43.70618454018019],[-79.56194096765238,43.70947537524191]]]},"properties":{"cell_id":"882b9bc187fffff","hex_id":"882b9bc187fffff","lat":43.704774,"lng":-79.563467,"resolution":8,"neighbourhood":"Etobicoke"}},{"type":"Feature","geometry":{"type":"Polygon","coordinates":[[[-79.63053985807004,43.86141851183934],[-79.63721125974334,43.860001525049235],[-79.63873493688638,43.85529216022787],[-79.63358838233475,43.85200001664311],[-79.6269180275042,43.85341666153803],[-79.6253931804846,43.85812579186645],[-79.63053985807004,43.86141851183934]]]},"properties":{"cell_id":"882b9bd83bfffff","hex_id":"882b9bd83bfffff","lat":43.856709,"lng":-79.632064,"resolution":8,"neighbourhood":"NW Toronto"}},{"type":"Feature","geometry":{"type":"Polygon","coordinates":[[[-79.13142958845751,43.77357204291558],[-79.1381051249003,43.77218535411085],[-79.13967775565565,43.76748648877866],[-79.13457600617502,43.764174556949456],[-79.12790152569305,43.765560913642425],[-79.12632773883588,43.77025953423103],[-79.13142958845751,43.77357204291558]]]},"properties":{"cell_id":"882b9b99edfffff","hex_id":"882b9b99edfffff","lat":43.768873,"lng":-79.133003,"resolution":8,"neighbourhood":"East Scarborough"}},{"type":"Feature","geometry":{"type":"Polygon","coordinates":[[[-79.47081641318722,43.79880410654656],[-79.47748416184102,43.79739738075943],[-79.47902237649527,43.792693045034234],[-79.47389400633799,43.78939567273615],[-79.46722730590461,43.79080205990943],[-79.46568792751088,43.79550615794864],[-79.47081641318722,43.79880410654656]]]},"properties":{"cell_id":"882b9bc221fffff","hex_id":"882b9bc221fffff","lat":43.7941,"lng":-79.472355,"resolution":8,"neighbourhood":"North Toronto"}},{"type":"Feature","geometry":{"type":"Polygon","coordinates":[[[-79.59823965307412,43.69301736535231],[-79.60488755668271,43.69160503983686],[-79.60640897128242,43.68690441992332],[-79.60128364304929,43.683616360169864],[-79.59463677943204,43.68502834519371],[-79.59311420415776,43.68972873041649],[-79.59823965307412,43.69301736535231]]]},"properties":{"cell_id":"882b9bcf41fffff","hex_id":"882b9bcf41fffff","lat":43.688317,"lng":-79.599762,"resolution":8,"neighbourhood":"Etobicoke"}},{"type":"Feature","geometry":{"type":"Polygon","coordinates":[[[-79.29974477434135,43.734096478187766],[-79.30640888187921,43.73270069064493],[-79.30796268492523,43.728001669281454],[-79.30285353780538,43.72469867650898],[-79.29619048001544,43.72609412895019],[-79.294635519701,43.7307929092199],[-79.29974477434135,43.734096478187766]]]},"properties":{"cell_id":"882b9bd5d1fffff","hex_id":"882b9bd5d1fffff","lat":43.729397,"lng":-79.301299,"resolution":8,"neighbourhood":"North York"}},{"type":"Feature","geometry":{"type":"Polygon","coordinates":[[[-79.58092224695561,43.72733958307397],[-79.58757575636783,43.72592768403414],[-79.58910011683454,43.72122556273428],[-79.58397213009918,43.71793557558341],[-79.57731966270596,43.71934713429088],[-79.57579414013068,43.72404902043545],[-79.58092224695561,43.72733958307397]]]},"properties":{"cell_id":"882b9bc1e7fffff","hex_id":"882b9bc1e7fffff","lat":43.722637,"lng":-79.582447,"resolution":8,"neighbourhood":"Rexdale"}},{"type":"Feature","geometry":{"type":"Polygon","coordinates":[[[-79.522433130204,43.6215976513387],[-79.52907324417247,43.62019087558567],[-79.53060014291982,43.615494732633444],[-79.52548808347055,43.61220560146869],[-79.51884900824646,43.613612038481335],[-79.5173209538285,43.618307945353244],[-79.522433130204,43.6215976513387]]]},"properties":{"cell_id":"882b9bcee1fffff","hex_id":"882b9bcee1fffff","lat":43.616902,"lng":-79.523961,"resolution":8,"neighbourhood":"Etobicoke"}},{"type":"Feature","geometry":{"type":"Polygon","coordinates":[[[-79.63623088104383,43.72872742450376],[-79.64288267687334,43.727312315970515],[-79.6444013319216,43.72260946326804],[-79.63926935442464,43.71932195304425],[-79.6326185992046,43.72073672020863],[-79.63109878097319,43.72543933891942],[-79.63623088104383,43.72872742450376]]]},"properties":{"cell_id":"882b9bca81fffff","hex_id":"882b9bca81fffff","lat":43.724025,"lng":-79.63775,"resolution":8,"neighbourhood":"Etobicoke"}},{"type":"Feature","geometry":{"type":"Polygon","coordinates":[[[-79.30196101355655,43.68990679121276],[-79.30861859027307,43.68851159328098],[-79.31017065898386,43.68381474051869],[-79.30506630615007,43.68051332655733],[-79.29840977709078,43.68190818955178],[-79.29685655331131,43.6866048013994],[-79.30196101355655,43.68990679121276]]]},"properties":{"cell_id":"882b9bc647fffff","hex_id":"882b9bc647fffff","lat":43.68521,"lng":-79.303514,"resolution":8,"neighbourhood":"East Danforth"}},{"type":"Feature","geometry":{"type":"Polygon","coordinates":[[[-79.3383425239202,43.67353359298774],[-79.34499648100177,43.67213656310177],[-79.34654422016533,43.66744007517662],[-79.34143915726631,43.66414085719397],[-79.33478624613903,43.665537551536275],[-79.33323735205937,43.670233799359295],[-79.3383425239202,43.67353359298774]]]},"properties":{"cell_id":"882b9bc621fffff","hex_id":"882b9bc621fffff","lat":43.668837,"lng":-79.339891,"resolution":8,"neighbourhood":"Central Toronto"}},{"type":"Feature","geometry":{"type":"Polygon","coordinates":[[[-79.61913526173419,43.66669137168163],[-79.62577860590694,43.66527828294176],[-79.62729697291016,43.660578726320146],[-79.62217315555507,43.657292492566356],[-79.6155308496188,43.65870524055134],[-79.61401132290199,43.66340456299887],[-79.61913526173419,43.66669137168163]]]},"properties":{"cell_id":"882b9bcf07fffff","hex_id":"882b9bcf07fffff","lat":43.661992,"lng":-79.620654,"resolution":8,"neighbourhood":"Etobicoke"}},{"type":"Feature","geometry":{"type":"Polygon","coordinates":[[[-79.54099203913445,43.735803414499436],[-79.54764816253363,43.73439367666024],[-79.5491769580093,43.72969161541041],[-79.54405079199971,43.726399527975836],[-79.5373957120675,43.72780892618715],[-79.53586575477979,43.73251075141484],[-79.54099203913445,43.735803414499436]]]},"properties":{"cell_id":"882b9bc1c1fffff","hex_id":"882b9bc1c1fffff","lat":43.731101,"lng":-79.542522,"resolution":8,"neighbourhood":"Rexdale"}},{"type":"Feature","geometry":{"type":"Polygon","coordinates":[[[-79.32083466589218,43.70781150757918],[-79.32749421917461,43.70641492923989],[-79.32904493853725,43.70171695205836],[-79.3239372610485,43.69841579374269],[-79.3172787557524,43.699812036706724],[-79.31572688006197,43.70450977331607],[-79.32083466589218,43.70781150757918]]]},"properties":{"cell_id":"882b9bd597fffff","hex_id":"882b9bd597fffff","lat":43.703114,"lng":-79.322386,"resolution":8,"neighbourhood":"East York"}},{"type":"Feature","geometry":{"type":"Polygon","coordinates":[[[-79.58910011683454,43.72122556273428],[-79.59575245111918,43.719813294108114],[-79.5972757570449,43.71511137883287],[-79.59214789073299,43.711821967102715],[-79.58549659797048,43.713233895273234],[-79.58397213009918,43.71793557558341],[-79.58910011683454,43.72122556273428]]]},"properties":{"cell_id":"882b9bc1adfffff","hex_id":"882b9bc1adfffff","lat":43.716524,"lng":-79.590624,"resolution":8,"neighbourhood":"Rexdale"}},{"type":"Feature","geometry":{"type":"Polygon","coordinates":[[[-79.31017065898386,43.68381474051869],[-79.31682706913088,43.68241916799293],[-79.31837807917807,43.67772251661442],[-79.31327383409447,43.67442167844025],[-79.30661847111031,43.67581691590293],[-79.30506630615007,43.68051332655733],[-79.31017065898386,43.68381474051869]]]},"properties":{"cell_id":"882b9bc60dfffff","hex_id":"882b9bc60dfffff","lat":43.679118,"lng":-79.311722,"resolution":8,"neighbourhood":"East Danforth"}},{"type":"Feature","geometry":{"type":"Polygon","coordinates":[[[-79.49433745620222,43.63191747713393],[-79.50098003561362,43.63051214627688],[-79.50251019350426,43.62581582705419],[-79.49739892776594,43.62252507534415],[-79.49075738830976,43.623930067935724],[-79.4892260747382,43.628626150456974],[-79.49433745620222,43.63191747713393]]]},"properties":{"cell_id":"882b9bcecdfffff","hex_id":"882b9bcecdfffff","lat":43.627221,"lng":-79.495868,"resolution":8,"neighbourhood":"Etobicoke South"}},{"type":"Feature","geometry":{"type":"Polygon","coordinates":[[[-79.32822390498862,43.79813495778474],[-79.33489642043546,43.79673648567828],[-79.33644944640423,43.7920339369939],[-79.3313311180885,43.78873010105726],[-79.32465965459595,43.79012823722833],[-79.32310546756865,43.794830545225665],[-79.32822390498862,43.79813495778474]]]},"properties":{"cell_id":"882b9bd55dfffff","hex_id":"882b9bd55dfffff","lat":43.793432,"lng":-79.329778,"resolution":8,"neighbourhood":"North Toronto"}},{"type":"Feature","geometry":{"type":"Polygon","coordinates":[[[-79.35149665711347,43.72761936592437],[-79.35815806536021,43.726220695078574],[-79.35970627457006,43.72152135442736],[-79.35459423353993,43.718220924563575],[-79.34793387338635,43.719619259366084],[-79.3463845062729,43.72431836002999],[-79.35149665711347,43.72761936592437]]]},"properties":{"cell_id":"882b9bd5abfffff","hex_id":"882b9bd5abfffff","lat":43.72292,"lng":-79.353046,"resolution":8,"neighbourhood":"Leaside"}},{"type":"Feature","geometry":{"type":"Polygon","coordinates":[[[-79.60112574227315,43.62676614929389],[-79.60776389793985,43.62535476327753],[-79.60928280624964,43.620657416817814],[-79.60416471635384,43.61737169076698],[-79.59752759758574,43.61878273655375],[-79.59600753191557,43.62347984857492],[-79.60112574227315,43.62676614929389]]]},"properties":{"cell_id":"882b9bcc63fffff","hex_id":"882b9bcc63fffff","lat":43.622069,"lng":-79.602645,"resolution":8,"neighbourhood":"Etobicoke"}},{"type":"Feature","geometry":{"type":"Polygon","coordinates":[[[-79.36501604325294,43.85610107511794],[-79.37169580753013,43.8546995339956],[-79.37324697963761,43.84999366532955],[-79.36811955227826,43.84668957782514],[-79.3614408416661,43.84809078204985],[-79.3598885048522,43.85279641063069],[-79.36501604325294,43.85610107511794]]]},"properties":{"cell_id":"882b9bd0c3fffff","hex_id":"882b9bd0c3fffff","lat":43.851395,"lng":-79.366568,"resolution":8,"neighbourhood":"North Toronto"}},{"type":"Feature","geometry":{"type":"Polygon","coordinates":[[[-79.58023782958037,43.65307769374944],[-79.5868805359175,43.651667069641285],[-79.58840248834369,43.6469686582144],[-79.5832828928513,43.64368110580438],[-79.5766412251632,43.64509138994612],[-79.57511811441955,43.64978956641824],[-79.58023782958037,43.65307769374944]]]},"properties":{"cell_id":"882b9bcf1bfffff","hex_id":"882b9bcf1bfffff","lat":43.648379,"lng":-79.581761,"resolution":8,"neighbourhood":"Etobicoke"}},{"type":"Feature","geometry":{"type":"Polygon","coordinates":[[[-79.63717616533893,43.706630159616125],[-79.64382470471205,43.70521536552392],[-79.64534252591456,43.700513601829506],[-79.64021296991812,43.697226866089345],[-79.63356547012101,43.69864131890058],[-79.63204648684534,43.70334284868673],[-79.63717616533893,43.706630159616125]]]},"properties":{"cell_id":"882b9bcabbfffff","hex_id":"882b9bcabbfffff","lat":43.701928,"lng":-79.638695,"resolution":8,"neighbourhood":"Etobicoke"}},{"type":"Feature","geometry":{"type":"Polygon","coordinates":[[[-79.38468729805669,43.77753194589338],[-79.39135487747332,43.77613054445398],[-79.39290133176208,43.77142831818014],[-79.38778136779747,43.76812773273758],[-79.38111483789831,43.76952879727732],[-79.37956722254955,43.77423078411344],[-79.38468729805669,43.77753194589338]]]},"properties":{"cell_id":"882b9bd523fffff","hex_id":"882b9bd523fffff","lat":43.77283,"lng":-79.386234,"resolution":8,"neighbourhood":"North York"}},{"type":"Feature","geometry":{"type":"Polygon","coordinates":[[[-79.26313264239218,43.67618146935491],[-79.26978952459072,43.67478873478595],[-79.2713451523955,43.67009304774965],[-79.2662450517544,43.66679033692449],[-79.25958921759572,43.66818273734948],[-79.25803243614173,43.672878182698156],[-79.26313264239218,43.67618146935491]]]},"properties":{"cell_id":"882b9bc65bfffff","hex_id":"882b9bc65bfffff","lat":43.671486,"lng":-79.264689,"resolution":8,"neighbourhood":"Central Toronto"}},{"type":"Feature","geometry":{"type":"Polygon","coordinates":[[[-79.26346861029452,43.82481334897785],[-79.27014722766181,43.82341819342625],[-79.27170789962203,43.81871513230646],[-79.26659111552426,43.81540746882118],[-79.259913553046,43.81680228953227],[-79.25835171988098,43.82150510852349],[-79.26346861029452,43.82481334897785]]]},"properties":{"cell_id":"882b9bd753fffff","hex_id":"882b9bd753fffff","lat":43.82011,"lng":-79.26503,"resolution":8,"neighbourhood":"Agincourt"}},{"type":"Feature","geometry":{"type":"Polygon","coordinates":[[[-79.583554635625,43.75743637617711],[-79.59021244945518,43.75602382579416],[-79.5917375425077,43.75132017672033],[-79.58660598552413,43.74802931317003],[-79.57994921501995,43.74944152302852],[-79.57842295827507,43.75414493691558],[-79.583554635625,43.75743637617711]]]},"properties":{"cell_id":"882b9bc139fffff","hex_id":"882b9bc139fffff","lat":43.752733,"lng":-79.58508,"resolution":8,"neighbourhood":"Rexdale"}},{"type":"Feature","geometry":{"type":"Polygon","coordinates":[[[-79.5324151472966,43.83836974778123],[-79.53908657145841,43.83695881234084],[-79.54061970505735,43.832251769660374],[-79.53548258149536,43.82895589887557],[-79.52881220573848,43.83036649436279],[-79.52727790524132,43.835073300541794],[-79.5324151472966,43.83836974778123]]]},"properties":{"cell_id":"882b9bc369fffff","hex_id":"882b9bc369fffff","lat":43.833663,"lng":-79.533949,"resolution":8,"neighbourhood":"NW Toronto"}},{"type":"Feature","geometry":{"type":"Polygon","coordinates":[[[-79.60928280624964,43.620657416817814],[-79.61591979148665,43.619245664163834],[-79.61743765032232,43.61454852585714],[-79.61231968121956,43.61126337440745],[-79.60568373238745,43.61267478670935],[-79.60416471635384,43.61737169076698],[-79.60928280624964,43.620657416817814]]]},"properties":{"cell_id":"882b9bcc29fffff","hex_id":"882b9bcc29fffff","lat":43.61596,"lng":-79.610801,"resolution":8,"neighbourhood":"Etobicoke"}},{"type":"Feature","geometry":{"type":"Polygon","coordinates":[[[-79.48872738019568,43.668090475023554],[-79.49537542077823,43.666684868556366],[-79.49690737397792,43.66198681151862],[-79.49179244410905,43.658694597827655],[-79.48514544528004,43.660099865962955],[-79.48361233466815,43.664797686075225],[-79.48872738019568,43.668090475023554]]]},"properties":{"cell_id":"882b9bce59fffff","hex_id":"882b9bce59fffff","lat":43.663392,"lng":-79.49026,"resolution":8,"neighbourhood":"Etobicoke South"}},{"type":"Feature","geometry":{"type":"Polygon","coordinates":[[[-79.37324697963761,43.84999366532955],[-79.3799255672817,43.84859174676499],[-79.38147567429769,43.84388607776575],[-79.3763483583209,43.84058256717882],[-79.36967082384172,43.84198414871957],[-79.36811955227826,43.84668957782514],[-79.37324697963761,43.84999366532955]]]},"properties":{"cell_id":"882b9bd089fffff","hex_id":"882b9bd089fffff","lat":43.845288,"lng":-79.374798,"resolution":8,"neighbourhood":"North Toronto"}},{"type":"Feature","geometry":{"type":"Polygon","coordinates":[[[-79.25975112091443,43.74246359096009],[-79.26641780152856,43.741069978804134],[-79.26797604230806,43.73637104028807],[-79.26286875952214,43.733065955840935],[-79.25620313008758,43.734459233608575],[-79.25464373236333,43.739157930166144],[-79.25975112091443,43.74246359096009]]]},"properties":{"cell_id":"882b9bd4e9fffff","hex_id":"882b9bd4e9fffff","lat":43.737765,"lng":-79.26131,"resolution":8,"neighbourhood":"Scarborough"}},{"type":"Feature","geometry":{"type":"Polygon","coordinates":[[[-79.36219247897202,43.75162296431861],[-79.36885703314479,43.75022328471701],[-79.3704049462146,43.745522620416914],[-79.3652894645376,43.7422218755066],[-79.35862595928131,43.74362121875192],[-79.35707688688879,43.74832164321808],[-79.36219247897202,43.75162296431861]]]},"properties":{"cell_id":"882b9bd5e5fffff","hex_id":"882b9bd5e5fffff","lat":43.746922,"lng":-79.363741,"resolution":8,"neighbourhood":"York Mills"}},{"type":"Feature","geometry":{"type":"Polygon","coordinates":[[[-79.27170789962203,43.81871513230646],[-79.27838534442267,43.81731959793972],[-79.27994495063074,43.81261673510087],[-79.27482827319129,43.809309648520106],[-79.2681518827811,43.81070484791937],[-79.26659111552426,43.81540746882118],[-79.27170789962203,43.81871513230646]]]},"properties":{"cell_id":"882b9bd719fffff","hex_id":"882b9bd719fffff","lat":43.814012,"lng":-79.273268,"resolution":8,"neighbourhood":"Agincourt"}},{"type":"Feature","geometry":{"type":"Polygon","coordinates":[[[-79.47594743706735,43.85905869532713],[-79.48262383955517,43.8576506856147],[-79.48416355543588,43.85294330769093],[-79.47902803585043,43.849644177187805],[-79.47235268422456,43.85105184790653],[-79.47081180142534,43.85575898807596],[-79.47594743706735,43.85905869532713]]]},"properties":{"cell_id":"882b9bd185fffff","hex_id":"882b9bd185fffff","lat":43.854351,"lng":-79.477488,"resolution":8,"neighbourhood":"North Toronto"}},{"type":"Feature","geometry":{"type":"Polygon","coordinates":[[[-79.5910351608887,43.677039867601856],[-79.59768098478317,43.675628222964505],[-79.59920261505133,43.67092848607498],[-79.59407958125708,43.6676406285732],[-79.58743479681684,43.66905193292912],[-79.58591200681774,43.67375143502214],[-79.5910351608887,43.677039867601856]]]},"properties":{"cell_id":"882b9bcf55fffff","hex_id":"882b9bcf55fffff","lat":43.67234,"lng":-79.592558,"resolution":8,"neighbourhood":"Etobicoke"}},{"type":"Feature","geometry":{"type":"Polygon","coordinates":[[[-79.16441559105475,43.82357436461333],[-79.17109735685175,43.82218496690649],[-79.17266828556953,43.81748321268443],[-79.16755860786523,43.81417110032864],[-79.1608778994904,43.81556016507017],[-79.15930581150283,43.82026167508735],[-79.16441559105475,43.82357436461333]]]},"properties":{"cell_id":"882b9b9965fffff","hex_id":"882b9b9965fffff","lat":43.818873,"lng":-79.165987,"resolution":8,"neighbourhood":"Rouge"}},{"type":"Feature","geometry":{"type":"Polygon","coordinates":[[[-79.39464699402168,43.652954321796365],[-79.40129604001855,43.651554383464195],[-79.40283724378928,43.64685822860035],[-79.3977305565816,43.6435622508817],[-79.3910825541214,43.6449618527118],[-79.38954019543455,43.649657768716956],[-79.39464699402168,43.652954321796365]]]},"properties":{"cell_id":"882b9bc465fffff","hex_id":"882b9bc465fffff","lat":43.648258,"lng":-79.396189,"resolution":8,"neighbourhood":"Downtown Core"}},{"type":"Feature","geometry":{"type":"Polygon","coordinates":[[[-79.46363945287435,43.78280055518133],[-79.47030510536042,43.781394506516996],[-79.4718435266165,43.77669105128193],[-79.46671745827899,43.77339388245553],[-79.46005285346716,43.77479959271576],[-79.45851326942133,43.77950281016048],[-79.46363945287435,43.78280055518133]]]},"properties":{"cell_id":"882b9bc235fffff","hex_id":"882b9bc235fffff","lat":43.778097,"lng":-79.465179,"resolution":8,"neighbourhood":"North York"}},{"type":"Feature","geometry":{"type":"Polygon","coordinates":[[[-79.50823004807282,43.7602489437303],[-79.51489087116974,43.758840691787604],[-79.51642389432808,43.75413781267275],[-79.51129725695073,43.75084342223882],[-79.50463747931042,43.75225133504978],[-79.5031032936931,43.75695397738038],[-79.50823004807282,43.7602489437303]]]},"properties":{"cell_id":"882b9bc005fffff","hex_id":"882b9bc005fffff","lat":43.755546,"lng":-79.509764,"resolution":8,"neighbourhood":"Etobicoke North"}},{"type":"Feature","geometry":{"type":"Polygon","coordinates":[[[-79.15380623393555,43.799533410433064],[-79.16048482830563,43.798145011310886],[-79.16205603060479,43.793444578726536],[-79.15694979648423,43.79013278957301],[-79.15027225869693,43.791520856041075],[-79.14869989855247,43.796221044271384],[-79.15380623393555,43.799533410433064]]]},"properties":{"cell_id":"882b9b992bfffff","hex_id":"882b9b992bfffff","lat":43.794833,"lng":-79.155378,"resolution":8,"neighbourhood":"East Scarborough"}},{"type":"Feature","geometry":{"type":"Polygon","coordinates":[[[-79.47031034204257,43.72448383553185],[-79.47696724108069,43.72307836023494],[-79.4785030027531,43.718377718760685],[-79.47338302542994,43.71508279001598],[-79.46672717121201,43.71648792705879],[-79.46519024959936,43.721188331054485],[-79.47031034204257,43.72448383553185]]]},"properties":{"cell_id":"882b9bc0c5fffff","hex_id":"882b9bc0c5fffff","lat":43.719783,"lng":-79.471847,"resolution":8,"neighbourhood":"Central Toronto"}},{"type":"Feature","geometry":{"type":"Polygon","coordinates":[[[-79.48974287575405,43.64600770008799],[-79.4963876641855,43.64460240035683],[-79.49791877105012,43.63990543298661],[-79.49280624589572,43.63661400214111],[-79.48616249818305,43.63801896362585],[-79.4846302350076,43.642715694156685],[-79.48974287575405,43.64600770008799]]]},"properties":{"cell_id":"882b9bc525fffff","hex_id":"882b9bc525fffff","lat":43.641311,"lng":-79.491275,"resolution":8,"neighbourhood":"Etobicoke South"}},{"type":"Feature","geometry":{"type":"Polygon","coordinates":[[[-79.36898880612358,43.69332981375918],[-79.37564461271067,43.691930693163876],[-79.37718984346645,43.68723284178334],[-79.37208042422566,43.68393435047003],[-79.36542566369788,43.68533313485445],[-79.36387927645441,43.69003074671737],[-79.36898880612358,43.69332981375918]]]},"properties":{"cell_id":"882b9bc755fffff","hex_id":"882b9bc755fffff","lat":43.688632,"lng":-79.370535,"resolution":8,"neighbourhood":"Central Toronto"}},{"type":"Feature","geometry":{"type":"Polygon","coordinates":[[[-79.23506296967494,43.76074017411919],[-79.24173315570621,43.75934769437731],[-79.24329458516614,43.75464815846831],[-79.23818698610818,43.75134134478744],[-79.23151785274503,43.7527334905211],[-79.2299552658759,43.75743278389835],[-79.23506296967494,43.76074017411919]]]},"properties":{"cell_id":"882b9bd6a5fffff","hex_id":"882b9bd6a5fffff","lat":43.756041,"lng":-79.236625,"resolution":8,"neighbourhood":"Scarborough"}},{"type":"Feature","geometry":{"type":"Polygon","coordinates":[[[-79.58424604131278,43.8317794554989],[-79.59091470744278,43.830365633923336],[-79.59244221845698,43.8256582909396],[-79.58730223095337,43.82236500487214],[-79.58063461154217,43.823778485557284],[-79.57910593301803,43.82848559315403],[-79.58424604131278,43.8317794554989]]]},"properties":{"cell_id":"882b9bd8d5fffff","hex_id":"882b9bd8d5fffff","lat":43.827072,"lng":-79.585774,"resolution":8,"neighbourhood":"NW Toronto"}},{"type":"Feature","geometry":{"type":"Polygon","coordinates":[[[-79.14671737165449,43.857881387064694],[-79.15340476708555,43.856492468529396],[-79.15497872036183,43.851789246646455],[-79.14986643899398,43.848475187934284],[-79.14318010304181,43.849863773681136],[-79.14160498908409,43.854566750883144],[-79.14671737165449,43.857881387064694]]]},"properties":{"cell_id":"882b986c8bfffff","hex_id":"882b986c8bfffff","lat":43.853178,"lng":-79.148292,"resolution":8,"neighbourhood":"East Scarborough"}},{"type":"Feature","geometry":{"type":"Polygon","coordinates":[[[-79.45956457934983,43.70049774377282],[-79.46621834474279,43.69909328292408],[-79.46775441498245,43.69439396562077],[-79.46263787845433,43.691099346754676],[-79.45598515706632,43.69250346966335],[-79.4544479283037,43.69720254933234],[-79.45956457934983,43.70049774377282]]]},"properties":{"cell_id":"882b9bc08bfffff","hex_id":"882b9bc08bfffff","lat":43.695798,"lng":-79.461101,"resolution":8,"neighbourhood":"York"}},{"type":"Feature","geometry":{"type":"Polygon","coordinates":[[[-79.41500727715527,43.72301593514758],[-79.42166585222012,43.72161367406336],[-79.42320730961669,43.71691378100317],[-79.41809135089756,43.71361638761964],[-79.41143382204443,43.71501831149156],[-79.4098912058014,43.7197179659135],[-79.41500727715527,43.72301593514758]]]},"properties":{"cell_id":"882b9bc2bbfffff","hex_id":"882b9bc2bbfffff","lat":43.718316,"lng":-79.416549,"resolution":8,"neighbourhood":"Central Toronto"}},{"type":"Feature","geometry":{"type":"Polygon","coordinates":[[[-79.35830310758823,43.66934142078384],[-79.36495577681734,43.66794330850847],[-79.3665013037591,43.66324678327451],[-79.36139531664843,43.6599486099409],[-79.35474369265884,43.66134638631801],[-79.35319701064314,43.66604267188138],[-79.35830310758823,43.66934142078384]]]},"properties":{"cell_id":"882b9bc71bfffff","hex_id":"882b9bc71bfffff","lat":43.664645,"lng":-79.359849,"resolution":8,"neighbourhood":"Central Toronto"}},{"type":"Feature","geometry":{"type":"Polygon","coordinates":[[[-79.25137543742889,43.67427020784869],[-79.25803243614173,43.672878182698156],[-79.25958921759572,43.66818273734948],[-79.25449015377312,43.66487955903425],[-79.24783420331859,43.666271250270746],[-79.24627626853189,43.670966453691115],[-79.25137543742889,43.67427020784869]]]},"properties":{"cell_id":"882b9b8967fffff","hex_id":"882b9b8967fffff","lat":43.669575,"lng":-79.252933,"resolution":8,"neighbourhood":"Central Toronto"}},{"type":"Feature","geometry":{"type":"Polygon","coordinates":[[[-79.27507765963637,43.752379847874074],[-79.28174527420148,43.750985189562115],[-79.28330226226628,43.74628556807624],[-79.27819279360547,43.74298084652338],[-79.2715262302766,43.74437517011251],[-79.26996808447619,43.749074549931734],[-79.27507765963637,43.752379847874074]]]},"properties":{"cell_id":"882b9bd43bfffff","hex_id":"882b9bd43bfffff","lat":43.74768,"lng":-79.276635,"resolution":8,"neighbourhood":"Scarborough"}},{"type":"Feature","geometry":{"type":"Polygon","coordinates":[[[-79.22338788092449,43.83317662875159],[-79.23006907621003,43.83178366031653],[-79.23163420375879,43.827080688695766],[-79.22651929700254,43.82377092846048],[-79.21983915804404,43.82516356277216],[-79.21827286961955,43.82986629139691],[-79.22338788092449,43.83317662875159]]]},"properties":{"cell_id":"882b9bd66bfffff","hex_id":"882b9bd66bfffff","lat":43.828474,"lng":-79.224954,"resolution":8,"neighbourhood":"Malvern"}},{"type":"Feature","geometry":{"type":"Polygon","coordinates":[[[-79.57341553746271,43.80777816058528],[-79.5800810642503,43.80636536136484],[-79.58160889881259,43.8016593371317],[-79.57647237277138,43.798366347619286],[-79.56980789188869,43.79977880626538],[-79.56827889124442,43.804484594952015],[-79.57341553746271,43.80777816058528]]]},"properties":{"cell_id":"882b9bd89bfffff","hex_id":"882b9bd89bfffff","lat":43.803072,"lng":-79.574944,"resolution":8,"neighbourhood":"NW Toronto"}},{"type":"Feature","geometry":{"type":"Polygon","coordinates":[[[-79.5514389218491,43.85626242311615],[-79.55811231163955,43.854850093395534],[-79.55964406451388,43.85014193599106],[-79.55450359586568,43.84684634441235],[-79.54783125479707,43.84825833373943],[-79.54629833375742,43.8529662549925],[-79.5514389218491,43.85626242311615]]]},"properties":{"cell_id":"882b9bdab9fffff","hex_id":"882b9bdab9fffff","lat":43.851554,"lng":-79.552971,"resolution":8,"neighbourhood":"NW Toronto"}},{"type":"Feature","geometry":{"type":"Polygon","coordinates":[[[-79.59605584967127,43.833659018381674],[-79.60272438168369,43.832244483547456],[-79.60425072487585,43.82753690542101],[-79.59910970397979,43.82424409722519],[-79.59244221845698,43.8256582909396],[-79.59091470744278,43.830365633923336],[-79.59605584967127,43.833659018381674]]]},"properties":{"cell_id":"882b9bd889fffff","hex_id":"882b9bd889fffff","lat":43.828951,"lng":-79.597583,"resolution":8,"neighbourhood":"NW Toronto"}},{"type":"Feature","geometry":{"type":"Polygon","coordinates":[[[-79.1762081833214,43.82549718654145],[-79.18288983622632,43.82410707474857],[-79.18445960535267,43.819405076563235],[-79.17934888127061,43.81609343408858],[-79.17266828556953,43.81748321268443],[-79.17109735685175,43.82218496690649],[-79.1762081833214,43.82549718654145]]]},"properties":{"cell_id":"882b9bd659fffff","hex_id":"882b9bd659fffff","lat":43.820795,"lng":-79.177779,"resolution":8,"neighbourhood":"Rouge"}},{"type":"Feature","geometry":{"type":"Polygon","coordinates":[[[-79.29752423026171,43.778306647766875],[-79.30419488142493,43.77691027227828],[-79.30575042261441,43.772209086501974],[-79.30063647221895,43.76890451744165],[-79.29396687290054,43.77030055766454],[-79.29241017223667,43.77500150216778],[-79.29752423026171,43.778306647766875]]]},"properties":{"cell_id":"882b9bd429fffff","hex_id":"882b9bd429fffff","lat":43.773605,"lng":-79.299081,"resolution":8,"neighbourhood":"North York"}},{"type":"Feature","geometry":{"type":"Polygon","coordinates":[[[-79.46466969161048,43.760691226657165],[-79.47133207480798,43.759285481458534],[-79.47286964295103,43.75458311018667],[-79.46774598967995,43.75128672177119],[-79.46108465311318,43.75269212865056],[-79.45954592328937,43.75739426221871],[-79.46466969161048,43.760691226657165]]]},"properties":{"cell_id":"882b9bc051fffff","hex_id":"882b9bc051fffff","lat":43.755989,"lng":-79.466208,"resolution":8,"neighbourhood":"Downsview"}},{"type":"Feature","geometry":{"type":"Polygon","coordinates":[[[-79.20435584077202,43.66661339590233],[-79.21101329955091,43.6652242081367],[-79.21257469243426,43.66052973194417],[-79.20747977870681,43.6572246863619],[-79.2008233690567,43.65861354113362],[-79.19926082410906,43.66330777443619],[-79.20435584077202,43.66661339590233]]]},"properties":{"cell_id":"882b9b8955fffff","hex_id":"882b9b8955fffff","lat":43.661919,"lng":-79.205918,"resolution":8,"neighbourhood":"East Scarborough"}},{"type":"Feature","geometry":{"type":"Polygon","coordinates":[[[-79.41395377690523,43.74511635856228],[-79.42061561729534,43.743713796339115],[-79.42215793135829,43.739012818297425],[-79.41703956508522,43.735714641158836],[-79.41037877194961,43.73711686608563],[-79.40883529793538,43.74181760540155],[-79.41395377690523,43.74511635856228]]]},"properties":{"cell_id":"882b9bc281fffff","hex_id":"882b9bc281fffff","lat":43.740415,"lng":-79.415497,"resolution":8,"neighbourhood":"North York"}},{"type":"Feature","geometry":{"type":"Polygon","coordinates":[[[-79.25958921759572,43.66818273734948],[-79.2662450517544,43.66679033692449],[-79.26780077422234,43.66209509226984],[-79.26270181581353,43.65879248973252],[-79.25604702941953,43.660184556117365],[-79.25449015377312,43.66487955903425],[-79.25958921759572,43.66818273734948]]]},"properties":{"cell_id":"882b9b892dfffff","hex_id":"882b9b892dfffff","lat":43.663488,"lng":-79.261146,"resolution":8,"neighbourhood":"Central Toronto"}},{"type":"Feature","geometry":{"type":"Polygon","coordinates":[[[-79.38075517689104,43.69522929001596],[-79.38741086096564,43.693829459725485],[-79.38895493491951,43.68913136906888],[-79.38384448170346,43.68583334793313],[-79.37718984346645,43.68723284178334],[-79.37564461271067,43.691930693163876],[-79.38075517689104,43.69522929001596]]]},"properties":{"cell_id":"882b9bc709fffff","hex_id":"882b9bc709fffff","lat":43.690531,"lng":-79.3823,"resolution":8,"neighbourhood":"Central Toronto"}},{"type":"Feature","geometry":{"type":"Polygon","coordinates":[[[-79.43751739659712,43.748906611807044],[-79.44417898628095,43.74750262730739],[-79.44571897949875,43.74280117254137],[-79.44059854371504,43.73950394047004],[-79.4339380008382,43.740907587214146],[-79.43239684704079,43.74560880373924],[-79.43751739659712,43.748906611807044]]]},"properties":{"cell_id":"882b9bc2a9fffff","hex_id":"882b9bc2a9fffff","lat":43.744205,"lng":-79.439058,"resolution":8,"neighbourhood":"North York"}},{"type":"Feature","geometry":{"type":"Polygon","coordinates":[[[-79.43229142976988,43.85949024341408],[-79.43896939347329,43.85808475275054],[-79.44051367299555,43.85337788793233],[-79.43538115505004,43.85007675240856],[-79.42870424338774,43.851481904894996],[-79.42715879773334,43.85618853103628],[-79.43229142976988,43.85949024341408]]]},"properties":{"cell_id":"882b9bd1d1fffff","hex_id":"882b9bd1d1fffff","lat":43.854783,"lng":-79.433836,"resolution":8,"neighbourhood":"North Toronto"}},{"type":"Feature","geometry":{"type":"Polygon","coordinates":[[[-79.27395549710697,43.774486499542896],[-79.28062638520525,43.77309154879354],[-79.28218424502566,43.768390845805236],[-79.27707237569025,43.76508533527742],[-79.27040253987805,43.76647995122236],[-79.26884352121921,43.771180412453916],[-79.27395549710697,43.774486499542896]]]},"properties":{"cell_id":"882b9bd401fffff","hex_id":"882b9bd401fffff","lat":43.769786,"lng":-79.275514,"resolution":8,"neighbourhood":"Scarborough"}},{"type":"Feature","geometry":{"type":"Polygon","coordinates":[[[-79.22923007502419,43.79695165415945],[-79.23590576121809,43.79555892911747],[-79.2374690377849,43.79085767382565],[-79.23235778740286,43.787549386293975],[-79.2256831557042,43.78894177726999],[-79.22411871999685,43.7936427897981],[-79.22923007502419,43.79695165415945]]]},"properties":{"cell_id":"882b9bd631fffff","hex_id":"882b9bd631fffff","lat":43.79225,"lng":-79.230794,"resolution":8,"neighbourhood":"Scarborough Town"}},{"type":"Feature","geometry":{"type":"Polygon","coordinates":[[[-79.52781160708909,43.85249212648328],[-79.53448526027074,43.85108122485455],[-79.53601934916207,43.84637353999713],[-79.53088095251236,43.84307699336199],[-79.52420834850903,43.84448755505687],[-79.52267309207988,43.84919500327452],[-79.52781160708909,43.85249212648328]]]},"properties":{"cell_id":"882b9bda91fffff","hex_id":"882b9bda91fffff","lat":43.847784,"lng":-79.529346,"resolution":8,"neighbourhood":"NW Toronto"}},{"type":"Feature","geometry":{"type":"Polygon","coordinates":[[[-79.58785873374806,43.839780963270265],[-79.59452844686827,43.83836680069883],[-79.59605584967127,43.833659018381674],[-79.59091470744278,43.830365633923336],[-79.58424604131278,43.8317794554989],[-79.58271747052333,43.836487002482365],[-79.58785873374806,43.839780963270265]]]},"properties":{"cell_id":"882b9bd8c3fffff","hex_id":"882b9bd8c3fffff","lat":43.835073,"lng":-79.589387,"resolution":8,"neighbourhood":"NW Toronto"}},{"type":"Feature","geometry":{"type":"Polygon","coordinates":[[[-79.16911521666492,43.73513518090612],[-79.17578386710363,43.73374692652373],[-79.17735126332737,43.729049488723184],[-79.1722511640837,43.72574054909634],[-79.16558356684797,43.72712847083229],[-79.16401501575744,43.73182566479619],[-79.16911521666492,43.73513518090612]]]},"properties":{"cell_id":"882b9bd693fffff","hex_id":"882b9bd693fffff","lat":43.730438,"lng":-79.170683,"resolution":8,"neighbourhood":"East Scarborough"}},{"type":"Feature","geometry":{"type":"Polygon","coordinates":[[[-79.28929580347211,43.78440403127278],[-79.29596762574678,43.783008033028686],[-79.29752423026171,43.778306647766875],[-79.29241017223667,43.77500150216778],[-79.28573940230424,43.77639716527264],[-79.28418163815861,43.781098309070174],[-79.28929580347211,43.78440403127278]]]},"properties":{"cell_id":"882b9bd463fffff","hex_id":"882b9bd463fffff","lat":43.779703,"lng":-79.290853,"resolution":8,"neighbourhood":"North York"}},{"type":"Feature","geometry":{"type":"Polygon","coordinates":[[[-79.48567498120325,43.734369608621975],[-79.49233279734042,43.73296308437554],[-79.49386729507656,43.72826176457428],[-79.48874513750351,43.724967206157444],[-79.48208836623343,43.726373391815926],[-79.48055270777154,43.731074474433235],[-79.48567498120325,43.734369608621975]]]},"properties":{"cell_id":"882b9bc017fffff","hex_id":"882b9bc017fffff","lat":43.729668,"lng":-79.48721,"resolution":8,"neighbourhood":"Black Creek"}},{"type":"Feature","geometry":{"type":"Polygon","coordinates":[[[-79.4343848644521,43.81524147040189],[-79.4410562689122,43.81383658096982],[-79.4425988311011,43.80913187701977],[-79.4374711528394,43.8058323009582],[-79.43080079832205,43.80723685238165],[-79.4292570722268,43.81194131782929],[-79.4343848644521,43.81524147040189]]]},"properties":{"cell_id":"882b9bc247fffff","hex_id":"882b9bc247fffff","lat":43.810537,"lng":-79.435928,"resolution":8,"neighbourhood":"North Toronto"}},{"type":"Feature","geometry":{"type":"Polygon","coordinates":[[[-79.6381205333325,43.684538026524166],[-79.64476581943222,43.68312354727059],[-79.64628280769084,43.67842287362366],[-79.64115567091535,43.67513691300898],[-79.63451142335968,43.676551051069495],[-79.6329932741363,43.68125149089157],[-79.6381205333325,43.684538026524166]]]},"properties":{"cell_id":"882b9bcf67fffff","hex_id":"882b9bcf67fffff","lat":43.679837,"lng":-79.639638,"resolution":8,"neighbourhood":"Etobicoke"}},{"type":"Feature","geometry":{"type":"Polygon","coordinates":[[[-79.37255319229422,43.701327040109746],[-79.37921004521395,43.69992758319931],[-79.38075517689104,43.69522929001596],[-79.37564461271067,43.691930693163876],[-79.36898880612358,43.69332981375918],[-79.36744251748708,43.69802786747599],[-79.37255319229422,43.701327040109746]]]},"properties":{"cell_id":"882b9bc743fffff","hex_id":"882b9bc743fffff","lat":43.696629,"lng":-79.374099,"resolution":8,"neighbourhood":"Central Toronto"}},{"type":"Feature","geometry":{"type":"Polygon","coordinates":[[[-79.42931358171063,43.75501188021863],[-79.43597634435298,43.75360826923962],[-79.43751739659712,43.748906611807044],[-79.43239684704079,43.74560880373924],[-79.42573513170252,43.74701207708764],[-79.42419291871931,43.75171349608856],[-79.42931358171063,43.75501188021863]]]},"properties":{"cell_id":"882b9bc2e3fffff","hex_id":"882b9bc2e3fffff","lat":43.75031,"lng":-79.430855,"resolution":8,"neighbourhood":"North York"}},{"type":"Feature","geometry":{"type":"Polygon","coordinates":[[[-79.48054516218683,43.67419397317951],[-79.48719437279205,43.672788737110544],[-79.48872738019568,43.668090475023554],[-79.48361233466815,43.664797686075225],[-79.4769641663112,43.66620258393624],[-79.47543000133541,43.67090060890767],[-79.48054516218683,43.67419397317951]]]},"properties":{"cell_id":"882b9bc0b3fffff","hex_id":"882b9bc0b3fffff","lat":43.669496,"lng":-79.482079,"resolution":8,"neighbourhood":"Central Toronto"}},{"type":"Feature","geometry":{"type":"Polygon","coordinates":[[[-79.45336139956254,43.833146646686316],[-79.46003477781191,43.83174036729401],[-79.46157597024744,43.82703454552639],[-79.45644494971017,43.823735241259975],[-79.44977262172655,43.82514118220379],[-79.4482302641176,43.82984676581647],[-79.45336139956254,43.833146646686316]]]},"properties":{"cell_id":"882b9bd197fffff","hex_id":"882b9bd197fffff","lat":43.828441,"lng":-79.454903,"resolution":8,"neighbourhood":"North Toronto"}},{"type":"Feature","geometry":{"type":"Polygon","coordinates":[[[-79.4425988311011,43.80913187701977],[-79.44926905937545,43.80772661265824],[-79.45081055984136,43.80302211041504],[-79.4456829958821,43.799723110798624],[-79.4390138170514,43.80112803702627],[-79.4374711528394,43.8058323009582],[-79.4425988311011,43.80913187701977]]]},"properties":{"cell_id":"882b9bc20dfffff","hex_id":"882b9bc20dfffff","lat":43.804427,"lng":-79.444141,"resolution":8,"neighbourhood":"North Toronto"}},{"type":"Feature","geometry":{"type":"Polygon","coordinates":[[[-79.16795452264314,43.83158911183789],[-79.17463734614228,43.830199381061945],[-79.1762081833214,43.82549718654145],[-79.17109735685175,43.82218496690649],[-79.16441559105475,43.82357436461333],[-79.16284359413046,43.82827631497878],[-79.16795452264314,43.83158911183789]]]},"properties":{"cell_id":"882b986cb3fffff","hex_id":"882b986cb3fffff","lat":43.826887,"lng":-79.169526,"resolution":8,"neighbourhood":"Rouge"}},{"type":"Feature","geometry":{"type":"Polygon","coordinates":[[[-79.32904493853725,43.70171695205836],[-79.33570332388058,43.70031999907576],[-79.33725298414068,43.69562222332402],[-79.33214541533212,43.692321640890846],[-79.3254880774801,43.69371825837252],[-79.3239372610485,43.69841579374269],[-79.32904493853725,43.70171695205836]]]},"properties":{"cell_id":"882b9bc66dfffff","hex_id":"882b9bc66dfffff","lat":43.697019,"lng":-79.330595,"resolution":8,"neighbourhood":"East York"}},{"type":"Feature","geometry":{"type":"Polygon","coordinates":[[[-79.1820870266874,43.78927714652339],[-79.18876317095449,43.787887273731315],[-79.19033108216364,43.78318699094379],[-79.18522400707035,43.77987682463261],[-79.17854891817377,43.781266364283645],[-79.17697984910478,43.78596640334146],[-79.1820870266874,43.78927714652339]]]},"properties":{"cell_id":"882b9bd6cdfffff","hex_id":"882b9bd6cdfffff","lat":43.784577,"lng":-79.183656,"resolution":8,"neighbourhood":"East Scarborough"}},{"type":"Feature","geometry":{"type":"Polygon","coordinates":[[[-79.23380119358961,43.708535788547],[-79.24046378695117,43.70714422380369],[-79.24202356096869,43.702447293891446],[-79.23692189646606,43.69914217107734],[-79.23026035339723,43.70053340207819],[-79.2286994246422,43.705230089590174],[-79.23380119358961,43.708535788547]]]},"properties":{"cell_id":"882b9bd49dfffff","hex_id":"882b9bd49dfffff","lat":43.703839,"lng":-79.235362,"resolution":8,"neighbourhood":"East Scarborough"}},{"type":"Feature","geometry":{"type":"Polygon","coordinates":[[[-79.6271079011701,43.75694901666925],[-79.63376413438729,43.75553396343313],[-79.63528467911343,43.750829816381476],[-79.63015015518295,43.747540956785166],[-79.6234949641083,43.748955668687636],[-79.62197325492298,43.753659581473805],[-79.6271079011701,43.75694901666925]]]},"properties":{"cell_id":"882b9bcacdfffff","hex_id":"882b9bcacdfffff","lat":43.752245,"lng":-79.628629,"resolution":8,"neighbourhood":"NW Toronto"}},{"type":"Feature","geometry":{"type":"Polygon","coordinates":[[[-79.53219856184998,43.66764056636975],[-79.53884504448341,43.66623246447572],[-79.54037247031366,43.6615339039947],[-79.5352545717954,43.65824368137079],[-79.5286091297466,43.65965144412408],[-79.52708054573291,43.664349768596075],[-79.53219856184998,43.66764056636975]]]},"properties":{"cell_id":"882b9bce0dfffff","hex_id":"882b9bce0dfffff","lat":43.662942,"lng":-79.533727,"resolution":8,"neighbourhood":"Etobicoke South"}},{"type":"Feature","geometry":{"type":"Polygon","coordinates":[[[-79.34793387338635,43.719619259366084],[-79.35459423353993,43.718220924563575],[-79.35614254111252,43.71352202537555],[-79.35103164606579,43.710221700982665],[-79.34437233373112,43.71161969984613],[-79.34282286872741,43.71631835899585],[-79.34793387338635,43.719619259366084]]]},"properties":{"cell_id":"882b9bd5bdfffff","hex_id":"882b9bd5bdfffff","lat":43.71492,"lng":-79.349483,"resolution":8,"neighbourhood":"Leaside"}},{"type":"Feature","geometry":{"type":"Polygon","coordinates":[[[-79.51843085828884,43.70993722858468],[-79.5250839821989,43.70852921911306],[-79.52661425514371,43.70382871727304],[-79.52149256436253,43.70053646128106],[-79.51484048333374,43.7019441316684],[-79.51330905030673,43.70664439708604],[-79.51843085828884,43.70993722858468]]]},"properties":{"cell_id":"882b9bc1d3fffff","hex_id":"882b9bc1d3fffff","lat":43.705237,"lng":-79.519962,"resolution":8,"neighbourhood":"Weston"}},{"type":"Feature","geometry":{"type":"Polygon","coordinates":[[[-79.43706608296549,43.67462441429729],[-79.44371684298129,43.6732216759171],[-79.44525437730313,43.66852392168518],[-79.44014230850712,43.66522914381904],[-79.43349259190487,43.666631544801724],[-79.43195390078729,43.67132906100226],[-79.43706608296549,43.67462441429729]]]},"properties":{"cell_id":"882b9bc54dfffff","hex_id":"882b9bc54dfffff","lat":43.669927,"lng":-79.438604,"resolution":8,"neighbourhood":"Central Toronto"}},{"type":"Feature","geometry":{"type":"Polygon","coordinates":[[[-79.50621094618042,43.804472786691136],[-79.51287830838423,43.80306392308755],[-79.5144130299365,43.79835887576428],[-79.50928155406862,43.79506292895444],[-79.50261523940678,43.796471453255094],[-79.50107935317347,43.80117626362242],[-79.50621094618042,43.804472786691136]]]},"properties":{"cell_id":"882b9bc31dfffff","hex_id":"882b9bc31dfffff","lat":43.799768,"lng":-79.507746,"resolution":8,"neighbourhood":"Etobicoke North"}},{"type":"Feature","geometry":{"type":"Polygon","coordinates":[[[-79.49386729507656,43.72826176457428],[-79.50052393797671,43.72685486852912],[-79.50205737883127,43.72215375282531],[-79.49693533745294,43.718859770114165],[-79.49027973892318,43.7202663274471],[-79.48874513750351,43.724967206157444],[-79.49386729507656,43.72826176457428]]]},"properties":{"cell_id":"882b9bc0edfffff","hex_id":"882b9bc0edfffff","lat":43.723561,"lng":-79.495401,"resolution":8,"neighbourhood":"Black Creek"}},{"type":"Feature","geometry":{"type":"Polygon","coordinates":[[[-79.31592472828075,43.64764295911188],[-79.32257566793048,43.646247644011495],[-79.32412485291198,43.64155272352928],[-79.31902425153656,43.63825335859693],[-79.31237435724023,43.63964833869509],[-79.3108240190688,43.64434301868234],[-79.31592472828075,43.64764295911188]]]},"properties":{"cell_id":"882b9bc633fffff","hex_id":"882b9bc633fffff","lat":43.642948,"lng":-79.317475,"resolution":8,"neighbourhood":"South Toronto"}},{"type":"Feature","geometry":{"type":"Polygon","coordinates":[[[-79.61362035077562,43.70288252270263],[-79.62026916041376,43.70146914728673],[-79.62178930545404,43.6967678516521],[-79.61666180241312,43.693480165781914],[-79.61001403280733,43.69489320037296],[-79.60849272631124,43.69959426161289],[-79.61362035077562,43.70288252270263]]]},"properties":{"cell_id":"882b9bca93fffff","hex_id":"882b9bca93fffff","lat":43.698181,"lng":-79.615141,"resolution":8,"neighbourhood":"Etobicoke"}},{"type":"Feature","geometry":{"type":"Polygon","coordinates":[[[-79.32795021279767,43.72381209312985],[-79.3346118628768,43.72241484372764],[-79.33616238757831,43.71771598329275],[-79.33105241957624,43.71441461268503],[-79.3243918180328,43.7158115265037],[-79.32284013605906,43.72051014646797],[-79.32795021279767,43.72381209312985]]]},"properties":{"cell_id":"882b9bd583fffff","hex_id":"882b9bd583fffff","lat":43.719113,"lng":-79.329501,"resolution":8,"neighbourhood":"East York"}},{"type":"Feature","geometry":{"type":"Polygon","coordinates":[[[-79.21398583763059,43.86139882447368],[-79.22067149279468,43.86000594873792],[-79.22223856887189,43.85530170350238],[-79.21712115202811,43.85199057723598],[-79.2104365547479,43.85338311889544],[-79.20886831653266,43.85808712085199],[-79.21398583763059,43.86139882447368]]]},"properties":{"cell_id":"882b986d99fffff","hex_id":"882b986d99fffff","lat":43.856695,"lng":-79.215554,"resolution":8,"neighbourhood":"East Scarborough"}},{"type":"Feature","geometry":{"type":"Polygon","coordinates":[[[-79.52661425514371,43.70382871727304],[-79.53326620629798,43.70242033731552],[-79.5347954241841,43.697720040620105],[-79.52967385093866,43.694428360068365],[-79.5230229421696,43.69583640081779],[-79.52149256436253,43.70053646128106],[-79.52661425514371,43.70382871727304]]]},"properties":{"cell_id":"882b9bc199fffff","hex_id":"882b9bc199fffff","lat":43.699128,"lng":-79.528144,"resolution":8,"neighbourhood":"Etobicoke"}},{"type":"Feature","geometry":{"type":"Polygon","coordinates":[[[-79.30709648955838,43.82444654694959],[-79.31377357769571,43.82304887144579],[-79.31532969884387,43.81834528424949],[-79.31020989396417,43.81503961372136],[-79.30353385955316,43.81643695356464],[-79.30197657639967,43.82114029955083],[-79.30709648955838,43.82444654694959]]]},"properties":{"cell_id":"882b9bd707fffff","hex_id":"882b9bd707fffff","lat":43.819743,"lng":-79.308653,"resolution":8,"neighbourhood":"North Toronto"}},{"type":"Feature","geometry":{"type":"Polygon","coordinates":[[[-79.2255765988208,43.714624105860196],[-79.23224035817665,43.713232917954855],[-79.23380119358961,43.708535788547],[-79.2286994246422,43.705230089590174],[-79.22203671607384,43.70662094387964],[-79.22047472576939,43.71131783069638],[-79.2255765988208,43.714624105860196]]]},"properties":{"cell_id":"882b9bd4d7fffff","hex_id":"882b9bd4d7fffff","lat":43.709927,"lng":-79.227138,"resolution":8,"neighbourhood":"East Scarborough"}},{"type":"Feature","geometry":{"type":"Polygon","coordinates":[[[-79.6215884183747,43.79317489361994],[-79.62825013848729,43.79175955615599],[-79.6297724670211,43.787053676926156],[-79.62463424175621,43.783763369600244],[-79.61797356559234,43.78517836566077],[-79.61645007084631,43.78988401040432],[-79.6215884183747,43.79317489361994]]]},"properties":{"cell_id":"882b9bca59fffff","hex_id":"882b9bca59fffff","lat":43.788469,"lng":-79.623111,"resolution":8,"neighbourhood":"NW Toronto"}},{"type":"Feature","geometry":{"type":"Polygon","coordinates":[[[-79.52402242909069,43.673747065165905],[-79.53067008275188,43.6723393327312],[-79.53219856184998,43.66764056636975],[-79.52708054573291,43.664349768596075],[-79.52043393315127,43.66575716201354],[-79.51890429570872,43.67045569217597],[-79.52402242909069,43.673747065165905]]]},"properties":{"cell_id":"882b9bce47fffff","hex_id":"882b9bce47fffff","lat":43.669048,"lng":-79.525552,"resolution":8,"neighbourhood":"Etobicoke South"}},{"type":"Feature","geometry":{"type":"Polygon","coordinates":[[[-79.33535614837604,43.81415003304005],[-79.34203076855995,43.81275088874962],[-79.3435835985074,43.808047459473386],[-79.3384629703835,43.804743415026586],[-79.33178940270622,43.806142223172834],[-79.33023541075012,43.810845411864264],[-79.33535614837604,43.81415003304005]]]},"properties":{"cell_id":"882b9bd549fffff","hex_id":"882b9bd549fffff","lat":43.809447,"lng":-79.33691,"resolution":8,"neighbourhood":"North Toronto"}},{"type":"Feature","geometry":{"type":"Polygon","coordinates":[[[-79.49800662479964,43.81058652716349],[-79.50467516446626,43.809178037012096],[-79.50621094618042,43.804472786691136],[-79.50107935317347,43.80117626362242],[-79.49441186154806,43.80258441459551],[-79.4928749149911,43.807289427769526],[-79.49800662479964,43.81058652716349]]]},"properties":{"cell_id":"882b9bc357fffff","hex_id":"882b9bc357fffff","lat":43.805881,"lng":-79.499543,"resolution":8,"neighbourhood":"NW Toronto"}},{"type":"Feature","geometry":{"type":"Polygon","coordinates":[[[-79.61892888997271,43.76306805340931],[-79.62558630105747,43.76165336984184],[-79.6271079011701,43.75694901666925],[-79.62197325492298,43.753659581473805],[-79.61531688647906,43.755073923830814],[-79.61379412174291,43.75977804254749],[-79.61892888997271,43.76306805340931]]]},"properties":{"cell_id":"882b9bc127fffff","hex_id":"882b9bc127fffff","lat":43.758364,"lng":-79.620451,"resolution":8,"neighbourhood":"NW Toronto"}},{"type":"Feature","geometry":{"type":"Polygon","coordinates":[[[-79.62254215413995,43.771062722354465],[-79.62920060813502,43.7696476974711],[-79.63072209899406,43.76494290403665],[-79.62558630105747,43.76165336984184],[-79.61892888997271,43.76306805340931],[-79.61740623401576,43.76777261244122],[-79.62254215413995,43.771062722354465]]]},"properties":{"cell_id":"882b9bc125fffff","hex_id":"882b9bc125fffff","lat":43.766358,"lng":-79.624064,"resolution":8,"neighbourhood":"NW Toronto"}},{"type":"Feature","geometry":{"type":"Polygon","coordinates":[[[-79.50160264501316,43.818589180263665],[-79.50827223299382,43.81718035082893],[-79.50980791000977,43.81247466067898],[-79.50467516446626,43.809178037012096],[-79.49800662479964,43.81058652716349],[-79.49646978246523,43.81529198021901],[-79.50160264501316,43.818589180263665]]]},"properties":{"cell_id":"882b9bc355fffff","hex_id":"882b9bc355fffff","lat":43.813884,"lng":-79.503139,"resolution":8,"neighbourhood":"NW Toronto"}},{"type":"Feature","geometry":{"type":"Polygon","coordinates":[[[-79.28594442784858,43.85076172050713],[-79.29262609298837,43.84936484522808],[-79.29418531505877,43.84466022246535],[-79.28906403504598,43.841352716669896],[-79.28238342540774,43.842749256564446],[-79.28082304038521,43.84745363759321],[-79.28594442784858,43.85076172050713]]]},"properties":{"cell_id":"882b9bd741fffff","hex_id":"882b9bd741fffff","lat":43.846057,"lng":-79.287504,"resolution":8,"neighbourhood":"North Toronto"}},{"type":"Feature","geometry":{"type":"Polygon","coordinates":[[[-79.33754168278976,43.76992294960481],[-79.34420975119905,43.76852439657365],[-79.34576084783178,43.763823129504786],[-79.340645035954,43.76052065582817],[-79.33397801795219,43.761918872880415],[-79.33242576152425,43.76661989954247],[-79.33754168278976,43.76992294960481]]]},"properties":{"cell_id":"882b9bd511fffff","hex_id":"882b9bd511fffff","lat":43.765222,"lng":-79.339094,"resolution":8,"neighbourhood":"Don Mills"}},{"type":"Feature","geometry":{"type":"Polygon","coordinates":[[[-79.52761217582531,43.681737512885576],[-79.5342608708359,43.68032944132884],[-79.53578924484043,43.67563023320127],[-79.53067008275188,43.6723393327312],[-79.52402242909069,43.673747065165905],[-79.52249289627026,43.67844603714675],[-79.52761217582531,43.681737512885576]]]},"properties":{"cell_id":"882b9bce45fffff","hex_id":"882b9bce45fffff","lat":43.677038,"lng":-79.529141,"resolution":8,"neighbourhood":"Etobicoke"}},{"type":"Feature","geometry":{"type":"Polygon","coordinates":[[[-79.39434732712316,43.82366318564917],[-79.40102133390917,43.82226047413957],[-79.40256834905516,43.81755584557976],[-79.3974425211126,43.81425416785463],[-79.39076956571688,43.81565654206724],[-79.38922138697694,43.82036093125603],[-79.39434732712316,43.82366318564917]]]},"properties":{"cell_id":"882b9bd0b1fffff","hex_id":"882b9bd0b1fffff","lat":43.818959,"lng":-79.395895,"resolution":8,"neighbourhood":"North Toronto"}},{"type":"Feature","geometry":{"type":"Polygon","coordinates":[[[-79.55410510028763,43.6192565866329],[-79.56074378500311,43.61784802876175],[-79.56226732090677,43.61315162150933],[-79.55715332832379,43.60986400748914],[-79.55051568140993,43.61127222604115],[-79.54899098937842,43.61596839788657],[-79.55410510028763,43.6192565866329]]]},"properties":{"cell_id":"882b9bcc51fffff","hex_id":"882b9bcc51fffff","lat":43.61456,"lng":-79.555629,"resolution":8,"neighbourhood":"Long Branch"}},{"type":"Feature","geometry":{"type":"Polygon","coordinates":[[[-79.22911771891232,43.72262781782086],[-79.2357825293324,43.721236296195904],[-79.23734327123077,43.71653872501507],[-79.23224035817665,43.713232917954855],[-79.2255765988208,43.714624105860196],[-79.22401470155884,43.7193214344999],[-79.22911771891232,43.72262781782086]]]},"properties":{"cell_id":"882b9bd4d5fffff","hex_id":"882b9bd4d5fffff","lat":43.71793,"lng":-79.230679,"resolution":8,"neighbourhood":"Cliffside"}},{"type":"Feature","geometry":{"type":"Polygon","coordinates":[[[-79.31066036721202,43.83245668475424],[-79.31733850935274,43.83105867348558],[-79.31889453330197,43.82635464627466],[-79.31377357769571,43.82304887144579],[-79.30709648955838,43.82444654694959],[-79.3055393031281,43.82915033300138],[-79.31066036721202,43.83245668475424]]]},"properties":{"cell_id":"882b9bd705fffff","hex_id":"882b9bd705fffff","lat":43.827753,"lng":-79.312217,"resolution":8,"neighbourhood":"North Toronto"}},{"type":"Feature","geometry":{"type":"Polygon","coordinates":[[[-79.59798890948251,43.78942118894792],[-79.60465089931859,43.78800727541434],[-79.60617555996612,43.78330186540111],[-79.60103939646999,43.78001060384944],[-79.59437845104081,43.78142417643737],[-79.59285262480267,43.786129351476355],[-79.59798890948251,43.78942118894792]]]},"properties":{"cell_id":"882b9bc161fffff","hex_id":"882b9bc161fffff","lat":43.784716,"lng":-79.599514,"resolution":8,"neighbourhood":"NW Toronto"}},{"type":"Feature","geometry":{"type":"Polygon","coordinates":[[[-79.4785030027531,43.718377718760685],[-79.48515872942775,43.716971871585365],[-79.4866934343532,43.712271434089715],[-79.48157357248621,43.70897708101157],[-79.4749188901354,43.71038258980847],[-79.47338302542994,43.71508279001598],[-79.4785030027531,43.718377718760685]]]},"properties":{"cell_id":"882b9bc0ebfffff","hex_id":"882b9bc0ebfffff","lat":43.713677,"lng":-79.480038,"resolution":8,"neighbourhood":"Mount Dennis"}},{"type":"Feature","geometry":{"type":"Polygon","coordinates":[[[-79.49081835462778,43.79458284291398],[-79.49748479848472,43.79317503101417],[-79.49902078905828,43.78847066072502],[-79.49389149976973,43.78517433954142],[-79.4872261034085,43.786581812472924],[-79.48568894894271,43.791285945510275],[-79.49081835462778,43.79458284291398]]]},"properties":{"cell_id":"882b9bc31bfffff","hex_id":"882b9bc31bfffff","lat":43.789878,"lng":-79.492355,"resolution":8,"neighbourhood":"Etobicoke North"}},{"type":"Feature","geometry":{"type":"Polygon","coordinates":[[[-79.42173171276622,43.664737988547564],[-79.42838155436891,43.663336296272355],[-79.42992034651574,43.658639222182025],[-79.4248104531744,43.65534407864573],[-79.41816165493627,43.65674543385676],[-79.41662170677719,43.66144226962253],[-79.42173171276622,43.664737988547564]]]},"properties":{"cell_id":"882b9bc54bfffff","hex_id":"882b9bc54bfffff","lat":43.660041,"lng":-79.423271,"resolution":8,"neighbourhood":"Central Toronto"}},{"type":"Feature","geometry":{"type":"Polygon","coordinates":[[[-79.51684668738157,43.65776780377995],[-79.52349225915346,43.65636074927491],[-79.52502094790493,43.651662866815656],[-79.51990522238837,43.64837227511898],[-79.5132606911565,43.649778990816316],[-79.51173084500272,43.65447663697211],[-79.51684668738157,43.65776780377995]]]},"properties":{"cell_id":"882b9bce0bfffff","hex_id":"882b9bce0bfffff","lat":43.65307,"lng":-79.518376,"resolution":8,"neighbourhood":"Etobicoke South"}},{"type":"Feature","geometry":{"type":"Polygon","coordinates":[[[-79.21849807005003,43.6986183322287],[-79.22515972810751,43.697227811451334],[-79.22672075003227,43.69253156595801],[-79.22162126795153,43.68922608388762],[-79.21496066012837,43.69061627125657],[-79.21339848425553,43.695312274058956],[-79.21849807005003,43.6986183322287]]]},"properties":{"cell_id":"882b9bd49bfffff","hex_id":"882b9bd49bfffff","lat":43.693922,"lng":-79.22006,"resolution":8,"neighbourhood":"East Scarborough"}},{"type":"Feature","geometry":{"type":"Polygon","coordinates":[[[-79.33178940270622,43.806142223172834],[-79.3384629703835,43.804743415026586],[-79.34001589842946,43.80004042598423],[-79.33489642043546,43.79673648567828],[-79.32822390498862,43.79813495778474],[-79.32666981540919,43.80283770619117],[-79.33178940270622,43.806142223172834]]]},"properties":{"cell_id":"882b9bd54bfffff","hex_id":"882b9bd54bfffff","lat":43.801439,"lng":-79.333343,"resolution":8,"neighbourhood":"North Toronto"}},{"type":"Feature","geometry":{"type":"Polygon","coordinates":[[[-79.16676768592289,43.77934455584929],[-79.17344288761058,43.77795572895516],[-79.17501204813334,43.77325613083788],[-79.1699071641384,43.76994560358997],[-79.16323301776013,43.771334097678114],[-79.16166270017223,43.77603345177474],[-79.16676768592289,43.77934455584929]]]},"properties":{"cell_id":"882b9bd6cbfffff","hex_id":"882b9bd6cbfffff","lat":43.774645,"lng":-79.168338,"resolution":8,"neighbourhood":"East Scarborough"}},{"type":"Feature","geometry":{"type":"Polygon","coordinates":[[[-79.38863365129609,43.85990518351352],[-79.39531316858232,43.85850221322291],[-79.39686201032404,43.85379586511605],[-79.39173250022498,43.85049272685261],[-79.38505403615548,43.85189535978392],[-79.38350402907216,43.85660146829202],[-79.38863365129609,43.85990518351352]]]},"properties":{"cell_id":"882b9bd0ebfffff","hex_id":"882b9bd0ebfffff","lat":43.855199,"lng":-79.390183,"resolution":8,"neighbourhood":"North Toronto"}},{"type":"Feature","geometry":{"type":"Polygon","coordinates":[[[-79.17149469488066,43.83960440639234],[-79.17817857636194,43.83821434244345],[-79.17974932182977,43.83351170774841],[-79.17463734614228,43.830199381061945],[-79.16795452264314,43.83158911183789],[-79.16638261695458,43.83629150242776],[-79.17149469488066,43.83960440639234]]]},"properties":{"cell_id":"882b986cb1fffff","hex_id":"882b986cb1fffff","lat":43.834902,"lng":-79.173066,"resolution":8,"neighbourhood":"Rouge"}},{"type":"Feature","geometry":{"type":"Polygon","coordinates":[[[-79.61797356559234,43.78517836566077],[-79.62463424175621,43.783763369600244],[-79.62615667961215,43.77905793031167],[-79.62101960714301,43.77576772157703],[-79.61435997465796,43.777182376339574],[-79.6128363710649,43.781887581088455],[-79.61797356559234,43.78517836566077]]]},"properties":{"cell_id":"882b9bca5bfffff","hex_id":"882b9bca5bfffff","lat":43.780473,"lng":-79.619497,"resolution":8,"neighbourhood":"NW Toronto"}},{"type":"Feature","geometry":{"type":"Polygon","coordinates":[[[-79.12317918787942,43.77965741279606],[-79.12985589115877,43.778271104642975],[-79.13142958845751,43.77357204291558],[-79.12632773883588,43.77025953423103],[-79.11965209201372,43.77164551040037],[-79.11807723846113,43.77634432719268],[-79.12317918787942,43.77965741279606]]]},"properties":{"cell_id":"882b9b9917fffff","hex_id":"882b9b9917fffff","lat":43.774958,"lng":-79.124754,"resolution":8,"neighbourhood":"East Scarborough"}},{"type":"Feature","geometry":{"type":"Polygon","coordinates":[[[-79.48412740661004,43.68218590796977],[-79.49077765973428,43.68078033358819],[-79.49231056375255,43.676081629649715],[-79.48719437279205,43.672788737110544],[-79.48054516218683,43.67419397317951],[-79.47901110012502,43.678892440054376],[-79.48412740661004,43.68218590796977]]]},"properties":{"cell_id":"882b9bc0b1fffff","hex_id":"882b9bc0b1fffff","lat":43.677487,"lng":-79.485661,"resolution":8,"neighbourhood":"Central Toronto"}},{"type":"Feature","geometry":{"type":"Polygon","coordinates":[[[-79.43289328200962,43.763012227338045],[-79.43955709222931,43.761608278623804],[-79.44109804274314,43.7569061804076],[-79.43597634435298,43.75360826923962],[-79.42931358171063,43.75501188021863],[-79.42777146998392,43.759713740054934],[-79.43289328200962,43.763012227338045]]]},"properties":{"cell_id":"882b9bc2e1fffff","hex_id":"882b9bc2e1fffff","lat":43.75831,"lng":-79.434435,"resolution":8,"neighbourhood":"North York"}},{"type":"Feature","geometry":{"type":"Polygon","coordinates":[[[-79.5230229421696,43.69583640081779],[-79.52967385093866,43.694428360068365],[-79.53120317398104,43.68972850482094],[-79.52608274780489,43.686436926561456],[-79.51943288115079,43.68784462820764],[-79.51790239865959,43.69254424717058],[-79.5230229421696,43.69583640081779]]]},"properties":{"cell_id":"882b9bc19bfffff","hex_id":"882b9bc19bfffff","lat":43.691137,"lng":-79.524553,"resolution":8,"neighbourhood":"Etobicoke"}},{"type":"Feature","geometry":{"type":"Polygon","coordinates":[[[-79.37611882283345,43.7093248135556],[-79.38277672235932,43.707925020225716],[-79.38432175478245,43.703226285362746],[-79.37921004521395,43.69992758319931],[-79.37255319229422,43.701327040109746],[-79.37100700243967,43.706025535557345],[-79.37611882283345,43.7093248135556]]]},"properties":{"cell_id":"882b9bc741fffff","hex_id":"882b9bc741fffff","lat":43.704626,"lng":-79.377665,"resolution":8,"neighbourhood":"Davisville"}},{"type":"Feature","geometry":{"type":"Polygon","coordinates":[[[-79.2104365547479,43.85338311889544],[-79.21712115202811,43.85199057723598],[-79.21868832159143,43.847286771776375],[-79.2135720556412,43.84397575125993],[-79.2068885159653,43.84536795894715],[-79.20532018474036,43.85007152107746],[-79.2104365547479,43.85338311889544]]]},"properties":{"cell_id":"882b986d9bfffff","hex_id":"882b986d9bfffff","lat":43.848679,"lng":-79.212004,"resolution":8,"neighbourhood":"East Scarborough"}},{"type":"Feature","geometry":{"type":"Polygon","coordinates":[[[-79.29285344915485,43.79241144345401],[-79.2995263240484,43.791015109966466],[-79.3010828322398,43.78631328406988],[-79.29596762574678,43.783008033028686],[-79.28929580347211,43.78440403127278],[-79.28773813517562,43.78910561575583],[-79.29285344915485,43.79241144345401]]]},"properties":{"cell_id":"882b9bd461fffff","hex_id":"882b9bd461fffff","lat":43.78771,"lng":-79.294411,"resolution":8,"neighbourhood":"Agincourt"}},{"type":"Feature","geometry":{"type":"Polygon","coordinates":[[[-79.1726481019499,43.74314244154365],[-79.17931780586986,43.74175385441119],[-79.18088511072474,43.737055975030394],[-79.17578386710363,43.73374692652373],[-79.16911521666492,43.73513518090612],[-79.16754675647063,43.739832816499884],[-79.1726481019499,43.74314244154365]]]},"properties":{"cell_id":"882b9bd691fffff","hex_id":"882b9bd691fffff","lat":43.738445,"lng":-79.174216,"resolution":8,"neighbourhood":"East Scarborough"}},{"type":"Feature","geometry":{"type":"Polygon","coordinates":[[[-79.34328481001232,43.733717204007164],[-79.34994738806519,43.732318907979156],[-79.35149665711347,43.72761936592437],[-79.3463845062729,43.72431836002999],[-79.3397229768092,43.72571632014032],[-79.33817254970018,43.73041562201705],[-79.34328481001232,43.733717204007164]]]},"properties":{"cell_id":"882b9bd585fffff","hex_id":"882b9bd585fffff","lat":43.729018,"lng":-79.344835,"resolution":8,"neighbourhood":"North York"}},{"type":"Feature","geometry":{"type":"Polygon","coordinates":[[[-79.59147268948159,43.84778300851556],[-79.5981434498635,43.846368504842836],[-79.5996707442741,43.841660283317445],[-79.59452844686827,43.83836680069883],[-79.58785873374806,43.839780963270265],[-79.58633027087427,43.844488949515274],[-79.59147268948159,43.84778300851556]]]},"properties":{"cell_id":"882b9bd8c1fffff","hex_id":"882b9bd8c1fffff","lat":43.843075,"lng":-79.593001,"resolution":8,"neighbourhood":"NW Toronto"}},{"type":"Feature","geometry":{"type":"Polygon","coordinates":[[[-79.45391833099032,43.73669556301293],[-79.46057757511323,43.735290832457764],[-79.46211545164662,43.73058978381281],[-79.45699524441976,43.72729370353674],[-79.45033704611008,43.728698096086866],[-79.4487980093165,43.73339890687219],[-79.45391833099032,43.73669556301293]]]},"properties":{"cell_id":"882b9bc2a7fffff","hex_id":"882b9bc2a7fffff","lat":43.731995,"lng":-79.455457,"resolution":8,"neighbourhood":"North York"}},{"type":"Feature","geometry":{"type":"Polygon","coordinates":[[[-79.3971524669504,43.68303327785866],[-79.40380581368491,43.68163270179142],[-79.40534777355452,43.67693501697526],[-79.40023754327864,43.67363814707589],[-79.393585241392,43.67503838645295],[-79.39204212503593,43.67973583237383],[-79.3971524669504,43.68303327785866]]]},"properties":{"cell_id":"882b9bc707fffff","hex_id":"882b9bc707fffff","lat":43.678336,"lng":-79.398695,"resolution":8,"neighbourhood":"Midtown"}},{"type":"Feature","geometry":{"type":"Polygon","coordinates":[[[-79.62900757641283,43.71274655639934],[-79.63565729129182,43.71133213049847],[-79.63717616533893,43.706630159616125],[-79.63204648684534,43.70334284868673],[-79.625397812039,43.70475693342938],[-79.62387777575469,43.70945867021343],[-79.62900757641283,43.71274655639934]]]},"properties":{"cell_id":"882b9bca95fffff","hex_id":"882b9bca95fffff","lat":43.708045,"lng":-79.630527,"resolution":8,"neighbourhood":"Etobicoke"}},{"type":"Feature","geometry":{"type":"Polygon","coordinates":[[[-79.31397438110123,43.766111348071135],[-79.32064269038688,43.7647142190804],[-79.32219610629325,43.760013433067236],[-79.31708237217906,43.75671001688994],[-79.31041511374393,43.75810681036241],[-79.30886053867616,43.76280735548476],[-79.31397438110123,43.766111348071135]]]},"properties":{"cell_id":"882b9bd427fffff","hex_id":"882b9bd427fffff","lat":43.761411,"lng":-79.315529,"resolution":8,"neighbourhood":"Don Mills"}},{"type":"Feature","geometry":{"type":"Polygon","coordinates":[[[-79.33123120879155,43.65754205924315],[-79.33788307423814,43.65614570034042],[-79.33943100845137,43.65145009708513],[-79.33432823129564,43.64815109289056],[-79.32767741125626,43.649547116457754],[-79.32612832306827,43.6542424795095],[-79.33123120879155,43.65754205924315]]]},"properties":{"cell_id":"882b9bc635fffff","hex_id":"882b9bc635fffff","lat":43.652846,"lng":-79.33278,"resolution":8,"neighbourhood":"Riverside"}},{"type":"Feature","geometry":{"type":"Polygon","coordinates":[[[-79.3757677617238,43.63507214895718],[-79.38241484345791,43.6336735914669],[-79.38395740050319,43.62897856060384],[-79.37885402957961,43.62568232638739],[-79.37220799105908,43.62708054781292],[-79.37066428035091,43.63177533947405],[-79.3757677617238,43.63507214895718]]]},"properties":{"cell_id":"882b9bc405fffff","hex_id":"882b9bc405fffff","lat":43.630377,"lng":-79.377311,"resolution":8,"neighbourhood":"Harbourfront"}},{"type":"Feature","geometry":{"type":"Polygon","coordinates":[[[-79.5338006394653,43.719814980310176],[-79.54045467620108,43.71840592162175],[-79.54198368323937,43.71370474240143],[-79.53685981450971,43.71041285795077],[-79.53020682069989,43.711821577221286],[-79.5286766527956,43.71652252031434],[-79.5338006394653,43.719814980310176]]]},"properties":{"cell_id":"882b9bc1d5fffff","hex_id":"882b9bc1d5fffff","lat":43.715114,"lng":-79.53533,"resolution":8,"neighbourhood":"Rexdale"}},{"type":"Feature","geometry":{"type":"Polygon","coordinates":[[[-79.19270878930541,43.81331278249846],[-79.19938810135815,43.81192190966042],[-79.20095573574825,43.8072203049421],[-79.19584521747412,43.80390981659627],[-79.18916696162901,43.805300355981835],[-79.18759816795531,43.8100017171202],[-79.19270878930541,43.81331278249846]]]},"properties":{"cell_id":"882b9bd657fffff","hex_id":"882b9bd657fffff","lat":43.808611,"lng":-79.194277,"resolution":8,"neighbourhood":"Malvern"}},{"type":"Feature","geometry":{"type":"Polygon","coordinates":[[[-79.61244335994527,43.8214146249809],[-79.61910953011335,43.81999934661073],[-79.62063375546306,43.81529217765376],[-79.61549297823952,43.81200052178152],[-79.60882785356024,43.81341545878438],[-79.60730246071765,43.81812239298047],[-79.61244335994527,43.8214146249809]]]},"properties":{"cell_id":"882b9bd887fffff","hex_id":"882b9bd887fffff","lat":43.816707,"lng":-79.613968,"resolution":8,"neighbourhood":"NW Toronto"}},{"type":"Feature","geometry":{"type":"Polygon","coordinates":[[[-79.56784696492417,43.844021278617646],[-79.57451799263838,43.84260820230946],[-79.57604762366283,43.83790045158921],[-79.5709073949134,43.83460601289995],[-79.56423741491918,43.83601874856591],[-79.56270661605683,43.84072626351707],[-79.56784696492417,43.844021278617646]]]},"properties":{"cell_id":"882b9bdab7fffff","hex_id":"882b9bdab7fffff","lat":43.839314,"lng":-79.569377,"resolution":8,"neighbourhood":"NW Toronto"}},{"type":"Feature","geometry":{"type":"Polygon","coordinates":[[[-79.51283038480072,43.746140983790724],[-79.51948898783279,43.74473269913686],[-79.52102105837217,43.740030464833495],[-79.5158956878054,43.73673675178402],[-79.50923812946093,43.73814469728688],[-79.50770489709778,43.74284669494417],[-79.51283038480072,43.746140983790724]]]},"properties":{"cell_id":"882b9bc03dfffff","hex_id":"882b9bc03dfffff","lat":43.741439,"lng":-79.514363,"resolution":8,"neighbourhood":"Etobicoke North"}},{"type":"Feature","geometry":{"type":"Polygon","coordinates":[[[-79.46157597024744,43.82703454552639],[-79.46824817093179,43.82562789115858],[-79.46978830120983,43.82092227114409],[-79.46465739591909,43.81762354341508],[-79.4579862450007,43.8190298592092],[-79.45644494971017,43.823735241259975],[-79.46157597024744,43.82703454552639]]]},"properties":{"cell_id":"882b9bc26dfffff","hex_id":"882b9bc26dfffff","lat":43.822329,"lng":-79.463117,"resolution":8,"neighbourhood":"North Toronto"}},{"type":"Feature","geometry":{"type":"Polygon","coordinates":[[[-79.48056785559886,43.844937238554],[-79.4872420282791,43.843529192814195],[-79.48878078543619,43.83882245597985],[-79.48364653629612,43.835524002454655],[-79.47697341370326,43.836931709180675],[-79.47543349026617,43.84163820839955],[-79.48056785559886,43.844937238554]]]},"properties":{"cell_id":"882b9bd1bdfffff","hex_id":"882b9bd1bdfffff","lat":43.840231,"lng":-79.482107,"resolution":8,"neighbourhood":"North Toronto"}},{"type":"Feature","geometry":{"type":"Polygon","coordinates":[[[-79.20095573574825,43.8072203049421],[-79.20763387754342,43.805829052075644],[-79.20920044524986,43.80112764448893],[-79.20409003039536,43.7978177331115],[-79.19741294430999,43.799208652397915],[-79.19584521747412,43.80390981659627],[-79.20095573574825,43.8072203049421]]]},"properties":{"cell_id":"882b9bd61dfffff","hex_id":"882b9bd61dfffff","lat":43.802519,"lng":-79.202523,"resolution":8,"neighbourhood":"Malvern"}},{"type":"Feature","geometry":{"type":"Polygon","coordinates":[[[-79.49285196812066,43.75036367207662],[-79.4995118748073,43.74895647033978],[-79.50104616464242,43.74425426872829],[-79.49592170956576,43.74095950588721],[-79.48926284828975,43.74236636882642],[-79.48772739678208,43.74706833335836],[-79.49285196812066,43.75036367207662]]]},"properties":{"cell_id":"882b9bc003fffff","hex_id":"882b9bc003fffff","lat":43.745661,"lng":-79.494387,"resolution":8,"neighbourhood":"Etobicoke North"}},{"type":"Feature","geometry":{"type":"Polygon","coordinates":[[[-79.44826308870618,43.772906948221525],[-79.45492782044913,43.77150194982715],[-79.45646750705424,43.76679917286601],[-79.4513436240204,43.76350163233858],[-79.4446799399036,43.764906292663326],[-79.44313909129728,43.76960883153918],[-79.44826308870618,43.772906948221525]]]},"properties":{"cell_id":"882b9bc233fffff","hex_id":"882b9bc233fffff","lat":43.768204,"lng":-79.449804,"resolution":8,"neighbourhood":"North York"}},{"type":"Feature","geometry":{"type":"Polygon","coordinates":[[[-79.37932877331579,43.64306429935239],[-79.38597689853572,43.641665405693196],[-79.38751935648915,43.63696993219779],[-79.38241484345791,43.6336735914669],[-79.3757677617238,43.63507214895718],[-79.37422414963751,43.63976738330164],[-79.37932877331579,43.64306429935239]]]},"properties":{"cell_id":"882b9bc463fffff","hex_id":"882b9bc463fffff","lat":43.638369,"lng":-79.380872,"resolution":8,"neighbourhood":"Downtown Core"}},{"type":"Feature","geometry":{"type":"Polygon","coordinates":[[[-79.57566787233537,43.66717419785828],[-79.58231278949674,43.66576360187046],[-79.58383568658955,43.66106454152766],[-79.57871482557275,43.657776312218566],[-79.57207094782368,43.65918656825798],[-79.57054689178028,43.66388539350888],[-79.57566787233537,43.66717419785828]]]},"properties":{"cell_id":"882b9bcf53fffff","hex_id":"882b9bcf53fffff","lat":43.662475,"lng":-79.577192,"resolution":8,"neighbourhood":"Etobicoke"}},{"type":"Feature","geometry":{"type":"Polygon","coordinates":[[[-79.46054272343464,43.849159197660825],[-79.46721820303812,43.84775224105669],[-79.46875918922814,43.84304554022963],[-79.46362586204415,43.83974603401112],[-79.45695143325486,43.841152651956854],[-79.45540928093858,43.84585911473344],[-79.46054272343464,43.849159197660825]]]},"properties":{"cell_id":"882b9bd183fffff","hex_id":"882b9bd183fffff","lat":43.844453,"lng":-79.462084,"resolution":8,"neighbourhood":"North Toronto"}},{"type":"Feature","geometry":{"type":"Polygon","coordinates":[[[-79.34684788781213,43.74171863454225],[-79.35351151472884,43.74032000249227],[-79.35506068553687,43.73562001917006],[-79.34994738806519,43.732318907979156],[-79.34328481001232,43.733717204007164],[-79.34173448067058,43.738416947202346],[-79.34684788781213,43.74171863454225]]]},"properties":{"cell_id":"882b9bd5e3fffff","hex_id":"882b9bd5e3fffff","lat":43.737019,"lng":-79.348398,"resolution":8,"neighbourhood":"Don Mills"}},{"type":"Feature","geometry":{"type":"Polygon","coordinates":[[[-79.6069043261813,43.85766442424612],[-79.61357599929,43.85624886541953],[-79.61510201587431,43.851539969828806],[-79.60995752870465,43.8482468680007],[-79.60328690289936,43.849662085390975],[-79.60175971706252,43.8543707459993],[-79.6069043261813,43.85766442424612]]]},"properties":{"cell_id":"882b9bd813fffff","hex_id":"882b9bd813fffff","lat":43.852956,"lng":-79.608431,"resolution":8,"neighbourhood":"NW Toronto"}},{"type":"Feature","geometry":{"type":"Polygon","coordinates":[[[-79.38751935648915,43.63696993219779],[-79.39416631568479,43.6355706667655],[-79.39570771875428,43.63087539694155],[-79.39060331670625,43.62757963146515],[-79.38395740050319,43.62897856060384],[-79.38241484345791,43.6336735914669],[-79.38751935648915,43.63696993219779]]]},"properties":{"cell_id":"882b9bc429fffff","hex_id":"882b9bc429fffff","lat":43.632275,"lng":-79.389061,"resolution":8,"neighbourhood":"Harbourfront"}},{"type":"Feature","geometry":{"type":"Polygon","coordinates":[[[-79.26667730442946,43.68418075178464],[-79.27333523494312,43.68278768296791],[-79.2748907679119,43.67809155367257],[-79.26978952459072,43.67478873478595],[-79.26313264239218,43.67618146935491],[-79.26157595530319,43.68087735701279],[-79.26667730442946,43.68418075178464]]]},"properties":{"cell_id":"882b9bc659fffff","hex_id":"882b9bc659fffff","lat":43.679485,"lng":-79.268234,"resolution":8,"neighbourhood":"Central Toronto"}},{"type":"Feature","geometry":{"type":"Polygon","coordinates":[[[-79.58383568658955,43.66106454152766],[-79.59047943184403,43.65965357734814],[-79.59200127706328,43.654954723976935],[-79.5868805359175,43.651667069641285],[-79.58023782958037,43.65307769374944],[-79.57871482557275,43.657776312218566],[-79.58383568658955,43.66106454152766]]]},"properties":{"cell_id":"882b9bcf19fffff","hex_id":"882b9bcf19fffff","lat":43.656366,"lng":-79.585358,"resolution":8,"neighbourhood":"Etobicoke"}},{"type":"Feature","geometry":{"type":"Polygon","coordinates":[[[-79.35506068553687,43.73562001917006],[-79.36172314215116,43.73422101217665],[-79.36327125282304,43.72952123018565],[-79.35815806536021,43.726220695078574],[-79.35149665711347,43.72761936592437],[-79.34994738806519,43.732318907979156],[-79.35506068553687,43.73562001917006]]]},"properties":{"cell_id":"882b9bd5a9fffff","hex_id":"882b9bd5a9fffff","lat":43.73092,"lng":-79.35661,"resolution":8,"neighbourhood":"Don Mills"}},{"type":"Feature","geometry":{"type":"Polygon","coordinates":[[[-79.43692553671114,43.845370326964556],[-79.44360127044968,43.84396479851285],[-79.4451445885766,43.83925857403032],[-79.44001333856319,43.835958116491064],[-79.43333865609047,43.837363306745026],[-79.43179417246873,43.84206929268997],[-79.43692553671114,43.845370326964556]]]},"properties":{"cell_id":"882b9bd199fffff","hex_id":"882b9bd199fffff","lat":43.840664,"lng":-79.43847,"resolution":8,"neighbourhood":"North Toronto"}},{"type":"Feature","geometry":{"type":"Polygon","coordinates":[[[-79.62178930545404,43.6967678516521],[-79.62843694045603,43.69535410796241],[-79.62995603277996,43.69065301939641],[-79.62482865149518,43.68736590867865],[-79.6181820560293,43.68877931142062],[-79.61666180241312,43.693480165781914],[-79.62178930545404,43.6967678516521]]]},"properties":{"cell_id":"882b9bcf69fffff","hex_id":"882b9bcf69fffff","lat":43.692067,"lng":-79.623309,"resolution":8,"neighbourhood":"Etobicoke"}},{"type":"Feature","geometry":{"type":"Polygon","coordinates":[[[-79.21027316370059,43.704704920964446],[-79.21693598687534,43.70331477709963],[-79.21849807005003,43.6986183322287],[-79.21339848425553,43.695312274058956],[-79.20673671180948,43.69670208464205],[-79.20517347453323,43.70139828663124],[-79.21027316370059,43.704704920964446]]]},"properties":{"cell_id":"882b9b8b25fffff","hex_id":"882b9b8b25fffff","lat":43.700008,"lng":-79.211836,"resolution":8,"neighbourhood":"East Scarborough"}},{"type":"Feature","geometry":{"type":"Polygon","coordinates":[[[-79.56554010513509,43.717467521227206],[-79.57219270503501,43.71605667241483],[-79.5737183345419,43.71135522731281],[-79.56859252557584,43.70806486642828],[-79.56194096765238,43.70947537524191],[-79.5604141768201,43.714176584892726],[-79.56554010513509,43.717467521227206]]]},"properties":{"cell_id":"882b9bc185fffff","hex_id":"882b9bc185fffff","lat":43.712766,"lng":-79.567066,"resolution":8,"neighbourhood":"Thistletown"}},{"type":"Feature","geometry":{"type":"Polygon","coordinates":[[[-79.41795021511912,43.82746013512519],[-79.42462397230788,43.82605599654085],[-79.42616865931714,43.821350889968166],[-79.42104075346742,43.81805016081872],[-79.41436804722014,43.81945396164534],[-79.41282219598445,43.82415882933314],[-79.41795021511912,43.82746013512519]]]},"properties":{"cell_id":"882b9bc249fffff","hex_id":"882b9bc249fffff","lat":43.822755,"lng":-79.419496,"resolution":8,"neighbourhood":"North Toronto"}},{"type":"Feature","geometry":{"type":"Polygon","coordinates":[[[-79.46928366079737,43.74658479125102],[-79.47594382376803,43.7451790115874],[-79.47748043663546,43.740477284377825],[-79.4723580476814,43.73718157435102],[-79.46569893057172,43.73858701567556],[-79.46416115665757,43.743288505320045],[-79.46928366079737,43.74658479125102]]]},"properties":{"cell_id":"882b9bc019fffff","hex_id":"882b9bc019fffff","lat":43.741883,"lng":-79.470821,"resolution":8,"neighbourhood":"Downsview"}},{"type":"Feature","geometry":{"type":"Polygon","coordinates":[[[-79.3614408416661,43.84809078204985],[-79.36811955227826,43.84668957782514],[-79.36967082384172,43.84198414871957],[-79.36454454912678,43.838680163929524],[-79.35786689190331,43.840081031361215],[-79.35631445611001,43.84478622033008],[-79.3614408416661,43.84809078204985]]]},"properties":{"cell_id":"882b9bd0d5fffff","hex_id":"882b9bd0d5fffff","lat":43.843385,"lng":-79.362993,"resolution":8,"neighbourhood":"North Toronto"}},{"type":"Feature","geometry":{"type":"Polygon","coordinates":[[[-79.52420834850903,43.84448755505687],[-79.53088095251236,43.84307699336199],[-79.5324151472966,43.83836974778123],[-79.52727790524132,43.835073300541794],[-79.52060635014344,43.83648352240808],[-79.51907098829815,43.84119053129622],[-79.52420834850903,43.84448755505687]]]},"properties":{"cell_id":"882b9bda93fffff","hex_id":"882b9bda93fffff","lat":43.83978,"lng":-79.525743,"resolution":8,"neighbourhood":"NW Toronto"}},{"type":"Feature","geometry":{"type":"Polygon","coordinates":[[[-79.38111483789831,43.76952879727732],[-79.38778136779747,43.76812773273758],[-79.38932792197667,43.76342594713386],[-79.38420910694579,43.760125465513205],[-79.37754362628957,43.7615261932578],[-79.37599591152451,43.766227739372404],[-79.38111483789831,43.76952879727732]]]},"properties":{"cell_id":"882b9bd535fffff","hex_id":"882b9bd535fffff","lat":43.764827,"lng":-79.382662,"resolution":8,"neighbourhood":"York Mills"}},{"type":"Feature","geometry":{"type":"Polygon","coordinates":[[[-79.2256831557042,43.78894177726999],[-79.23235778740286,43.787549386293975],[-79.2339211577946,43.78284857169262],[-79.22881105525829,43.77954039083566],[-79.2221374777768,43.780932447849636],[-79.22057294871894,43.78563301963707],[-79.2256831557042,43.78894177726999]]]},"properties":{"cell_id":"882b9bd633fffff","hex_id":"882b9bd633fffff","lat":43.784241,"lng":-79.227247,"resolution":8,"neighbourhood":"Scarborough Town"}},{"type":"Feature","geometry":{"type":"Polygon","coordinates":[[[-79.27040253987805,43.76647995122236],[-79.27707237569025,43.76508533527742],[-79.27863033101129,43.760385073221975],[-79.27351960898874,43.75707966887312],[-79.26685082518586,43.75847395011772],[-79.26529171150023,43.763173970365905],[-79.27040253987805,43.76647995122236]]]},"properties":{"cell_id":"882b9bd403fffff","hex_id":"882b9bd403fffff","lat":43.76178,"lng":-79.271961,"resolution":8,"neighbourhood":"Scarborough"}},{"type":"Feature","geometry":{"type":"Polygon","coordinates":[[[-79.42870424338774,43.851481904894996],[-79.43538115505004,43.85007675240856],[-79.43692553671114,43.845370326964556],[-79.43179417246873,43.84206929268997],[-79.42511831257252,43.843474107104186],[-79.42357276525611,43.848180293819205],[-79.42870424338774,43.851481904894996]]]},"properties":{"cell_id":"882b9bd1d3fffff","hex_id":"882b9bd1d3fffff","lat":43.846775,"lng":-79.430249,"resolution":8,"neighbourhood":"North Toronto"}},{"type":"Feature","geometry":{"type":"Polygon","coordinates":[[[-79.32959652945691,43.8503859954579],[-79.3362766596701,43.848986597884775],[-79.33783132494274,43.844281450203496],[-79.33270702385823,43.84097594086368],[-79.32602794798005,43.84237500223205],[-79.32447211895553,43.847079909099165],[-79.32959652945691,43.8503859954579]]]},"properties":{"cell_id":"882b9bd765fffff","hex_id":"882b9bd765fffff","lat":43.845681,"lng":-79.331152,"resolution":8,"neighbourhood":"North Toronto"}},{"type":"Feature","geometry":{"type":"Polygon","coordinates":[[[-79.55440359840512,43.78989803061011],[-79.56106716602297,43.78848662452152],[-79.56259638051233,43.78378171573237],[-79.55746319230533,43.780488448881925],[-79.550800670278,43.78189951483591],[-79.54927029096925,43.78660418772878],[-79.55440359840512,43.78989803061011]]]},"properties":{"cell_id":"882b9bc14bfffff","hex_id":"882b9bc14bfffff","lat":43.785193,"lng":-79.555934,"resolution":8,"neighbourhood":"Etobicoke North"}},{"type":"Feature","geometry":{"type":"Polygon","coordinates":[[[-79.53578924484043,43.67563023320127],[-79.54243676832807,43.674221792061665],[-79.54396408877145,43.66952278974354],[-79.53884504448341,43.66623246447572],[-79.53219856184998,43.66764056636975],[-79.53067008275188,43.6723393327312],[-79.53578924484043,43.67563023320127]]]},"properties":{"cell_id":"882b9bce6bfffff","hex_id":"882b9bce6bfffff","lat":43.670931,"lng":-79.537317,"resolution":8,"neighbourhood":"Etobicoke"}},{"type":"Feature","geometry":{"type":"Polygon","coordinates":[[[-79.41037877194961,43.73711686608563],[-79.41703956508522,43.735714641158836],[-79.41858198005127,43.7310141042001],[-79.41346476146258,43.7277160308997],[-79.40680501530812,43.72911791863466],[-79.40526144086401,43.73381821681605],[-79.41037877194961,43.73711686608563]]]},"properties":{"cell_id":"882b9bc283fffff","hex_id":"882b9bc283fffff","lat":43.732416,"lng":-79.411922,"resolution":8,"neighbourhood":"North York"}},{"type":"Feature","geometry":{"type":"Polygon","coordinates":[[[-79.46108465311318,43.75269212865056],[-79.46774598967995,43.75128672177119],[-79.46928366079737,43.74658479125102],[-79.46416115665757,43.743288505320045],[-79.45750086644897,43.74469357398494],[-79.45596203412455,43.74939526674935],[-79.46108465311318,43.75269212865056]]]},"properties":{"cell_id":"882b9bc053fffff","hex_id":"882b9bc053fffff","lat":43.74799,"lng":-79.462623,"resolution":8,"neighbourhood":"Downsview"}},{"type":"Feature","geometry":{"type":"Polygon","coordinates":[[[-79.35072274533202,43.82406315853719],[-79.35739829660687,43.822662964377784],[-79.35894986547827,43.81795885470093],[-79.35382704598037,43.814655179428605],[-79.3471525472656,43.81605503710867],[-79.3455998155925,43.82075890649458],[-79.35072274533202,43.82406315853719]]]},"properties":{"cell_id":"882b9bd09bfffff","hex_id":"882b9bd09bfffff","lat":43.819359,"lng":-79.352275,"resolution":8,"neighbourhood":"North Toronto"}},{"type":"Feature","geometry":{"type":"Polygon","coordinates":[[[-79.31889453330197,43.82635464627466],[-79.32557150134102,43.82495625700243],[-79.32712646016545,43.8202524288385],[-79.32200561337862,43.81694723086867],[-79.31532969884387,43.81834528424949],[-79.31377357769571,43.82304887144579],[-79.31889453330197,43.82635464627466]]]},"properties":{"cell_id":"882b9bd72bfffff","hex_id":"882b9bd72bfffff","lat":43.821651,"lng":-79.32045,"resolution":8,"neighbourhood":"North Toronto"}},{"type":"Feature","geometry":{"type":"Polygon","coordinates":[[[-79.58882984999774,43.817658101346936],[-79.59549628930213,43.816244248646875],[-79.59702284932612,43.81153754945594],[-79.59188413701753,43.80824493816809],[-79.5852187436605,43.80965844995922],[-79.58369101676683,43.814364913900846],[-79.58882984999774,43.817658101346936]]]},"properties":{"cell_id":"882b9bd89dfffff","hex_id":"882b9bd89dfffff","lat":43.812951,"lng":-79.590357,"resolution":8,"neighbourhood":"NW Toronto"}},{"type":"Feature","geometry":{"type":"Polygon","coordinates":[[[-79.23873730668373,43.84310690983958],[-79.24541944243687,43.84171289271144],[-79.24698331439684,43.83700923833938],[-79.24186621238054,43.83369984375334],[-79.23518513301313,43.83509352642252],[-79.23362009938107,43.83979693809107],[-79.23873730668373,43.84310690983958]]]},"properties":{"cell_id":"882b9bd66dfffff","hex_id":"882b9bd66dfffff","lat":43.838403,"lng":-79.240302,"resolution":8,"neighbourhood":"East Scarborough"}},{"type":"Feature","geometry":{"type":"Polygon","coordinates":[[[-79.29041075953087,43.76229501411444],[-79.29707930728077,43.760899309053066],[-79.29863504119271,43.75619900506341],[-79.2935233859853,43.75289464746397],[-79.28685588952766,43.75429001746796],[-79.28529899708901,43.75899008008315],[-79.29041075953087,43.76229501411444]]]},"properties":{"cell_id":"882b9bd43dfffff","hex_id":"882b9bd43dfffff","lat":43.757595,"lng":-79.291967,"resolution":8,"neighbourhood":"Wexford"}},{"type":"Feature","geometry":{"type":"Polygon","coordinates":[[[-79.55997628562204,43.75367598980033],[-79.56663436493203,43.75226486142312],[-79.56816178505845,43.747561682966285],[-79.56303228904721,43.744269868514074],[-79.5563752535184,43.74568065682443],[-79.55484667032154,43.75038359960771],[-79.55997628562204,43.75367598980033]]]},"properties":{"cell_id":"882b9bc111fffff","hex_id":"882b9bc111fffff","lat":43.748973,"lng":-79.561504,"resolution":8,"neighbourhood":"Etobicoke North"}},{"type":"Feature","geometry":{"type":"Polygon","coordinates":[[[-79.2349412042126,43.68644462274375],[-79.24160053237252,43.685053349124544],[-79.24315943315635,43.680357503177014],[-79.23806015952466,43.677053173112746],[-79.23140188061073,43.678444113070476],[-79.22984182618623,43.68313971670852],[-79.2349412042126,43.68644462274375]]]},"properties":{"cell_id":"882b9b8969fffff","hex_id":"882b9b8969fffff","lat":43.681749,"lng":-79.236501,"resolution":8,"neighbourhood":"East Scarborough"}},{"type":"Feature","geometry":{"type":"Polygon","coordinates":[[[-79.5087984588505,43.83459610664253],[-79.51547014427804,43.8331865983258],[-79.51700561135972,43.82848002889217],[-79.51187055938723,43.82518320471838],[-79.50519992281963,43.82659237354156],[-79.50366328946737,43.83129870598596],[-79.5087984588505,43.83459610664253]]]},"properties":{"cell_id":"882b9bc341fffff","hex_id":"882b9bc341fffff","lat":43.82989,"lng":-79.510335,"resolution":8,"neighbourhood":"NW Toronto"}},{"type":"Feature","geometry":{"type":"Polygon","coordinates":[[[-79.58577327988203,43.61690687705498],[-79.59241053158324,43.61549653811219],[-79.59393070450734,43.61079986854583],[-79.58881478241382,43.60751377260969],[-79.5821785675699,43.6089237716553],[-79.58065723806298,43.61362020648825],[-79.58577327988203,43.61690687705498]]]},"properties":{"cell_id":"882b9bcc01fffff","hex_id":"882b9bcc01fffff","lat":43.61221,"lng":-79.587294,"resolution":8,"neighbourhood":"Etobicoke"}},{"type":"Feature","geometry":{"type":"Polygon","coordinates":[[[-79.5413628013666,43.63945250390501],[-79.54800486338486,43.63804434274465],[-79.54953039545317,43.63334707913436],[-79.54441502252442,43.63005821237248],[-79.53777399956363,43.63146603435505],[-79.53624731057539,43.63616306223137],[-79.5413628013666,43.63945250390501]]]},"properties":{"cell_id":"882b9bce31fffff","hex_id":"882b9bce31fffff","lat":43.634755,"lng":-79.542889,"resolution":8,"neighbourhood":"Etobicoke South"}},{"type":"Feature","geometry":{"type":"Polygon","coordinates":[[[-79.37362575388502,43.67923694101538],[-79.38027934655754,43.677837783501154],[-79.38182361908649,43.67314057671711],[-79.3767154549046,43.66984276677991],[-79.3700629075235,43.671241588062415],[-79.36851747913555,43.67593855546817],[-79.37362575388502,43.67923694101538]]]},"properties":{"cell_id":"882b9bc71dfffff","hex_id":"882b9bc71dfffff","lat":43.67454,"lng":-79.375171,"resolution":8,"neighbourhood":"Central Toronto"}},{"type":"Feature","geometry":{"type":"Polygon","coordinates":[[[-79.43035985483942,43.73290910698119],[-79.43701935118219,43.73150579788797],[-79.43855954792252,43.726805225204735],[-79.43344140805584,43.723508199913304],[-79.4267829579743,43.724911171460256],[-79.42524160160086,43.72961150579906],[-79.43035985483942,43.73290910698119]]]},"properties":{"cell_id":"882b9bc2bdfffff","hex_id":"882b9bc2bdfffff","lat":43.728209,"lng":-79.431901,"resolution":8,"neighbourhood":"North York"}},{"type":"Feature","geometry":{"type":"Polygon","coordinates":[[[-79.4749188901354,43.71038258980847],[-79.48157357248621,43.70897708101157],[-79.48310838073984,43.704277084854226],[-79.47798966605235,43.70098283478803],[-79.47133602775388,43.70238800531122],[-79.46980006019272,43.7070877641284],[-79.4749188901354,43.71038258980847]]]},"properties":{"cell_id":"882b9bc08dfffff","hex_id":"882b9bc08dfffff","lat":43.705683,"lng":-79.476454,"resolution":8,"neighbourhood":"York"}},{"type":"Feature","geometry":{"type":"Polygon","coordinates":[[[-79.23620367361669,43.7386368902837],[-79.2428705869956,43.73724470090805],[-79.2444311413466,43.73254624655027],[-79.23932593873128,43.72924022396361],[-79.23266007697022,43.73063207941199],[-79.23109836631068,43.73533029132882],[-79.23620367361669,43.7386368902837]]]},"properties":{"cell_id":"882b9bd4c1fffff","hex_id":"882b9bd4c1fffff","lat":43.733938,"lng":-79.237765,"resolution":8,"neighbourhood":"Cliffside"}},{"type":"Feature","geometry":{"type":"Polygon","coordinates":[[[-79.13491748209141,43.85595495429391],[-79.14160498908409,43.854566750883144],[-79.14318010304181,43.849863773681136],[-79.13806887047087,43.846549244767104],[-79.13138242317518,43.84793711562159],[-79.129806148859,43.852639847900946],[-79.13491748209141,43.85595495429391]]]},"properties":{"cell_id":"882b986cd7fffff","hex_id":"882b986cd7fffff","lat":43.851252,"lng":-79.136493,"resolution":8,"neighbourhood":"East Scarborough"}},{"type":"Feature","geometry":{"type":"Polygon","coordinates":[[[-79.15027225869693,43.791520856041075],[-79.15694979648423,43.79013278957301],[-79.1585210896329,43.78543279778175],[-79.15341600247025,43.78212111681681],[-79.14673952098605,43.78350885073441],[-79.1451670704664,43.78820859812203],[-79.15027225869693,43.791520856041075]]]},"properties":{"cell_id":"882b9b993dfffff","hex_id":"882b9b993dfffff","lat":43.786821,"lng":-79.151844,"resolution":8,"neighbourhood":"East Scarborough"}},{"type":"Feature","geometry":{"type":"Polygon","coordinates":[[[-79.58063461154217,43.823778485557284],[-79.58730223095337,43.82236500487214],[-79.58882984999774,43.817658101346936],[-79.58369101676683,43.814364913900846],[-79.57702444380305,43.81577805380097],[-79.57549565772499,43.820484721885926],[-79.58063461154217,43.823778485557284]]]},"properties":{"cell_id":"882b9bd8d7fffff","hex_id":"882b9bd8d7fffff","lat":43.819072,"lng":-79.582163,"resolution":8,"neighbourhood":"NW Toronto"}},{"type":"Feature","geometry":{"type":"Polygon","coordinates":[[[-79.23151785274503,43.7527334905211],[-79.23818698610818,43.75134134478744],[-79.23974850947432,43.74664225008592],[-79.23464205651739,43.74333554365448],[-79.22797397554508,43.74472735548381],[-79.22641129524304,43.749426207603435],[-79.23151785274503,43.7527334905211]]]},"properties":{"cell_id":"882b9bd6a7fffff","hex_id":"882b9bd6a7fffff","lat":43.748034,"lng":-79.23308,"resolution":8,"neighbourhood":"Scarborough"}},{"type":"Feature","geometry":{"type":"Polygon","coordinates":[[[-79.44779403641706,43.69860630053209],[-79.4544479283037,43.69720254933234],[-79.45598515706632,43.69250346966335],[-79.45086965225505,43.68920837902471],[-79.44421680459715,43.69061179251339],[-79.44267841762407,43.69531063430594],[-79.44779403641706,43.69860630053209]]]},"properties":{"cell_id":"882b9bc0d7fffff","hex_id":"882b9bc0d7fffff","lat":43.693907,"lng":-79.449332,"resolution":8,"neighbourhood":"York"}},{"type":"Feature","geometry":{"type":"Polygon","coordinates":[[[-79.5298118318672,43.80824596555823],[-79.53647893341243,43.80683567661955],[-79.53801132466285,43.802130156115055],[-79.53287777977799,43.798835160971876],[-79.52621172532076,43.8002451101485],[-79.52467816876285,43.80495039418421],[-79.5298118318672,43.80824596555823]]]},"properties":{"cell_id":"882b9bc307fffff","hex_id":"882b9bc307fffff","lat":43.80354,"lng":-79.531345,"resolution":8,"neighbourhood":"NW Toronto"}},{"type":"Feature","geometry":{"type":"Polygon","coordinates":[[[-79.41605975592144,43.70092063668688],[-79.42271506885567,43.699518677151495],[-79.42425567052067,43.694819870117094],[-79.41914211709721,43.6915232611231],[-79.41248784933354,43.69292488353031],[-79.4109460899253,43.69762345201392],[-79.41605975592144,43.70092063668688]]]},"properties":{"cell_id":"882b9bc767fffff","hex_id":"882b9bc767fffff","lat":43.696222,"lng":-79.417601,"resolution":8,"neighbourhood":"Forest Hill"}},{"type":"Feature","geometry":{"type":"Polygon","coordinates":[[[-79.25733292051649,43.71236194194208],[-79.26399528166274,43.71096895620431],[-79.26555274525255,43.70627154221426],[-79.2604490031724,43.702967355834915],[-79.25378769188156,43.70436000736965],[-79.25222907291918,43.70905717944128],[-79.25733292051649,43.71236194194208]]]},"properties":{"cell_id":"882b9bd487fffff","hex_id":"882b9bd487fffff","lat":43.707665,"lng":-79.258891,"resolution":8,"neighbourhood":"Central Toronto"}},{"type":"Feature","geometry":{"type":"Polygon","coordinates":[[[-79.36542566369788,43.68533313485445],[-79.37208042422566,43.68393435047003],[-79.37362575388502,43.67923694101538],[-79.36851747913555,43.67593855546817],[-79.36186376439372,43.677337003745954],[-79.36031727871818,43.68203417363193],[-79.36542566369788,43.68533313485445]]]},"properties":{"cell_id":"882b9bc757fffff","hex_id":"882b9bc757fffff","lat":43.680636,"lng":-79.366972,"resolution":8,"neighbourhood":"Central Toronto"}},{"type":"Feature","geometry":{"type":"Polygon","coordinates":[[[-79.48616249818305,43.63801896362585],[-79.49280624589572,43.63661400214111],[-79.49433745620222,43.63191747713393],[-79.4892260747382,43.628626150456974],[-79.4825833674743,43.63003077379987],[-79.48105100132726,43.63472706191576],[-79.48616249818305,43.63801896362585]]]},"properties":{"cell_id":"882b9bc527fffff","hex_id":"882b9bc527fffff","lat":43.633322,"lng":-79.487694,"resolution":8,"neighbourhood":"South Toronto"}},{"type":"Feature","geometry":{"type":"Polygon","coordinates":[[[-79.21265992745663,43.734805468438815],[-79.21932707119348,43.7334147017276],[-79.22088993784311,43.72871673249283],[-79.2157868165315,43.725409772846945],[-79.20912072484946,43.72680020609217],[-79.20755670252842,43.73149793240385],[-79.21265992745663,43.734805468438815]]]},"properties":{"cell_id":"882b9bd6b7fffff","hex_id":"882b9bd6b7fffff","lat":43.730108,"lng":-79.214224,"resolution":8,"neighbourhood":"East Scarborough"}},{"type":"Feature","geometry":{"type":"Polygon","coordinates":[[[-79.46672717121201,43.71648792705879],[-79.47338302542994,43.71508279001598],[-79.4749188901354,43.71038258980847],[-79.46980006019272,43.7070877641284],[-79.46314525052313,43.70849256302185],[-79.46160822635014,43.713192525698815],[-79.46672717121201,43.71648792705879]]]},"properties":{"cell_id":"882b9bc0c7fffff","hex_id":"882b9bc0c7fffff","lat":43.711788,"lng":-79.468264,"resolution":8,"neighbourhood":"Mount Dennis"}},{"type":"Feature","geometry":{"type":"Polygon","coordinates":[[[-79.63149066827367,43.8392905573882],[-79.63815879429413,43.83787388263863],[-79.63968163214976,43.83316560055068],[-79.63453751284385,43.82987422757522],[-79.62787043262338,43.831290560517196],[-79.62634642601076,43.83599860819583],[-79.63149066827367,43.8392905573882]]]},"properties":{"cell_id":"882b9bd8e7fffff","hex_id":"882b9bd8e7fffff","lat":43.834582,"lng":-79.633014,"resolution":8,"neighbourhood":"NW Toronto"}},{"type":"Feature","geometry":{"type":"Polygon","coordinates":[[[-79.16912962794912,43.809469786528815],[-79.17580916672608,43.80808034102616],[-79.17737911936236,43.8033792237093],[-79.17227069196804,43.80006779591262],[-79.1655922098356,43.80145690842584],[-79.16402109855797,43.80615778167973],[-79.16912962794912,43.809469786528815]]]},"properties":{"cell_id":"882b9b992dfffff","hex_id":"882b9b992dfffff","lat":43.804769,"lng":-79.1707,"resolution":8,"neighbourhood":"East Scarborough"}},{"type":"Feature","geometry":{"type":"Polygon","coordinates":[[[-79.14318010304181,43.849863773681136],[-79.14986643899398,43.848475187934284],[-79.15144048307171,43.8437724060035],[-79.14632935150811,43.84045845450479],[-79.13964407475397,43.84184670756698],[-79.13806887047087,43.846549244767104],[-79.14318010304181,43.849863773681136]]]},"properties":{"cell_id":"882b986c9dfffff","hex_id":"882b986c9dfffff","lat":43.845161,"lng":-79.144755,"resolution":8,"neighbourhood":"Rouge"}},{"type":"Feature","geometry":{"type":"Polygon","coordinates":[[[-79.1302370865608,43.79568286752731],[-79.1369159035946,43.79429589509609],[-79.13848942126275,43.78959595146097],[-79.13338527920416,43.78628322504804],[-79.12670751918762,43.78766986528842],[-79.12513284431759,43.79236956408723],[-79.1302370865608,43.79568286752731]]]},"properties":{"cell_id":"882b9b9903fffff","hex_id":"882b9b9903fffff","lat":43.790983,"lng":-79.131811,"resolution":8,"neighbourhood":"East Scarborough"}},{"type":"Feature","geometry":{"type":"Polygon","coordinates":[[[-79.45598515706632,43.69250346966335],[-79.46263787845433,43.691099346754676],[-79.4641740511955,43.68640047108866],[-79.45905866070193,43.68310595597161],[-79.45240698304728,43.68450974104483],[-79.45086965225505,43.68920837902471],[-79.45598515706632,43.69250346966335]]]},"properties":{"cell_id":"882b9bc09dfffff","hex_id":"882b9bc09dfffff","lat":43.687805,"lng":-79.457522,"resolution":8,"neighbourhood":"York"}},{"type":"Feature","geometry":{"type":"Polygon","coordinates":[[[-79.2103547259152,43.779015141542324],[-79.21702841838226,43.777623797172716],[-79.21859304061755,43.772923666249525],[-79.2134851283626,43.769615122756015],[-79.20681249005364,43.771006133498574],[-79.205246709946,43.775706021316225],[-79.2103547259152,43.779015141542324]]]},"properties":{"cell_id":"882b9bd6e1fffff","hex_id":"882b9bd6e1fffff","lat":43.774315,"lng":-79.21192,"resolution":8,"neighbourhood":"Scarborough"}},{"type":"Feature","geometry":{"type":"Polygon","coordinates":[[[-79.26200656134716,43.69827038371325],[-79.26866670648789,43.69687735619782],[-79.27022320432853,43.69218058428952],[-79.2651207118782,43.688877081629094],[-79.25846161582233,43.69026977491907],[-79.25690396323554,43.69496630504947],[-79.26200656134716,43.69827038371325]]]},"properties":{"cell_id":"882b9bd4b1fffff","hex_id":"882b9bd4b1fffff","lat":43.693574,"lng":-79.263564,"resolution":8,"neighbourhood":"Central Toronto"}},{"type":"Feature","geometry":{"type":"Polygon","coordinates":[[[-79.40468873939501,43.77332665441238],[-79.41135502162314,43.77192416596786],[-79.41289925368423,43.767221902113185],[-79.40777836483699,43.763922365661394],[-79.40111313140525,43.765324516850825],[-79.39956773812746,43.77002654170127],[-79.40468873939501,43.77332665441238]]]},"properties":{"cell_id":"882b9bc2cdfffff","hex_id":"882b9bc2cdfffff","lat":43.768624,"lng":-79.406234,"resolution":8,"neighbourhood":"North York Centre"}},{"type":"Feature","geometry":{"type":"Polygon","coordinates":[[[-79.56030710368283,43.657307413861794],[-79.56695111332704,43.65589786593881],[-79.56847527581412,43.65119948261423],[-79.56335658692863,43.64791088255356],[-79.55671361665411,43.649320090861096],[-79.55518829599662,43.65401823879874],[-79.56030710368283,43.657307413861794]]]},"properties":{"cell_id":"882b9bce21fffff","hex_id":"882b9bce21fffff","lat":43.652609,"lng":-79.561832,"resolution":8,"neighbourhood":"Etobicoke South"}},{"type":"Feature","geometry":{"type":"Polygon","coordinates":[[[-79.42425567052067,43.694819870117094],[-79.43090981359254,43.69341753813831],[-79.43244935846326,43.68871893446421],[-79.42733591794918,43.68542290108353],[-79.4206828195526,43.68682489580941],[-79.41914211709721,43.6915232611231],[-79.42425567052067,43.694819870117094]]]},"properties":{"cell_id":"882b9bc72dfffff","hex_id":"882b9bc72dfffff","lat":43.690121,"lng":-79.425796,"resolution":8,"neighbourhood":"Central Toronto"}},{"type":"Feature","geometry":{"type":"Polygon","coordinates":[[[-79.26459711077268,43.80269510930228],[-79.27127244707002,43.801300244766345],[-79.27283224429847,43.796598262634134],[-79.26771786543257,43.79329138703048],[-79.26104358297059,43.79468591680725],[-79.25948262564346,43.79938765690122],[-79.26459711077268,43.80269510930228]]]},"properties":{"cell_id":"882b9bd44dfffff","hex_id":"882b9bd44dfffff","lat":43.797993,"lng":-79.266158,"resolution":8,"neighbourhood":"Scarborough Town"}},{"type":"Feature","geometry":{"type":"Polygon","coordinates":[[[-79.51182387155833,43.76824709441667],[-79.5184857403836,43.766838503237246],[-79.52001865867162,43.762135183579844],[-79.51489087116974,43.758840691787604],[-79.50823004807282,43.7602489437303],[-79.50669596685172,43.764952026655905],[-79.51182387155833,43.76824709441667]]]},"properties":{"cell_id":"882b9bc063fffff","hex_id":"882b9bc063fffff","lat":43.763544,"lng":-79.513358,"resolution":8,"neighbourhood":"Etobicoke North"}},{"type":"Feature","geometry":{"type":"Polygon","coordinates":[[[-79.46520185511376,43.66431351281581],[-79.4718501506456,43.66290932353581],[-79.47338441835849,43.65821174059099],[-79.46827154743109,43.654918584289675],[-79.46162429410055,43.65632243569494],[-79.46008886959807,43.66101978123043],[-79.46520185511376,43.66431351281581]]]},"properties":{"cell_id":"882b9bc561fffff","hex_id":"882b9bc561fffff","lat":43.659616,"lng":-79.466737,"resolution":8,"neighbourhood":"High Park"}},{"type":"Feature","geometry":{"type":"Polygon","coordinates":[[[-79.53441027679462,43.79413008038774],[-79.54107515365348,43.79271975862271],[-79.54260659158706,43.78801488175289],[-79.5374743174338,43.784720562932606],[-79.53081048689182,43.786130544916425],[-79.52927788428852,43.7908351854556],[-79.53441027679462,43.79413008038774]]]},"properties":{"cell_id":"882b9bc331fffff","hex_id":"882b9bc331fffff","lat":43.789425,"lng":-79.535942,"resolution":8,"neighbourhood":"Etobicoke North"}},{"type":"Feature","geometry":{"type":"Polygon","coordinates":[[[-79.57897523810088,43.77154858468478],[-79.58563527289118,43.770136064409556],[-79.58716131474311,43.76543176969756],[-79.58202848623657,43.76214023053884],[-79.57536949554074,43.76355241030796],[-79.57384228935885,43.768256469695686],[-79.57897523810088,43.77154858468478]]]},"properties":{"cell_id":"882b9bc101fffff","hex_id":"882b9bc101fffff","lat":43.766844,"lng":-79.580502,"resolution":8,"neighbourhood":"NW Toronto"}},{"type":"Feature","geometry":{"type":"Polygon","coordinates":[[[-79.39145864646207,43.7192219159956],[-79.39811746968881,43.717821075758195],[-79.39966124446428,43.71312166021657],[-79.39454735433402,43.70982332398888],[-79.38788957776464,43.711223827472935],[-79.38634464477097,43.715923003892264],[-79.39145864646207,43.7192219159956]]]},"properties":{"cell_id":"882b9bc293fffff","hex_id":"882b9bc293fffff","lat":43.714523,"lng":-79.393003,"resolution":8,"neighbourhood":"Eglinton"}},{"type":"Feature","geometry":{"type":"Polygon","coordinates":[[[-79.1608778994904,43.81556016507017],[-79.16755860786523,43.81417110032864],[-79.16912962794912,43.809469786528815],[-79.16402109855797,43.80615778167973],[-79.15734144732544,43.807546513559714],[-79.15576926844685,43.8122475831049],[-79.1608778994904,43.81556016507017]]]},"properties":{"cell_id":"882b9b9967fffff","hex_id":"882b9b9967fffff","lat":43.810859,"lng":-79.16245,"resolution":8,"neighbourhood":"Rouge"}},{"type":"Feature","geometry":{"type":"Polygon","coordinates":[[[-79.25152396872323,43.74855596388436],[-79.25819181769624,43.74716272887119],[-79.25975112091443,43.74246359096009],[-79.25464373236333,43.739157930166144],[-79.2479769350659,43.74055083091755],[-79.246416474748,43.745249726679134],[-79.25152396872323,43.74855596388436]]]},"properties":{"cell_id":"882b9bd413fffff","hex_id":"882b9bd413fffff","lat":43.743857,"lng":-79.253084,"resolution":8,"neighbourhood":"Scarborough"}},{"type":"Feature","geometry":{"type":"Polygon","coordinates":[[[-79.19979616819349,43.8293392773498],[-79.20647759349912,43.827947737295084],[-79.20804504247859,43.8232452519083],[-79.20293222649138,43.81993455001055],[-79.19625185795184,43.82132575640498],[-79.19468324873833,43.826027998311915],[-79.19979616819349,43.8293392773498]]]},"properties":{"cell_id":"882b9bd643fffff","hex_id":"882b9bd643fffff","lat":43.824637,"lng":-79.201364,"resolution":8,"neighbourhood":"Malvern"}},{"type":"Feature","geometry":{"type":"Polygon","coordinates":[[[-79.2681518827811,43.81070484791937],[-79.27482827319129,43.809309648520106],[-79.2763879749968,43.80460722597259],[-79.27127244707002,43.801300244766345],[-79.26459711077268,43.80269510930228],[-79.2630362483936,43.80739728986213],[-79.2681518827811,43.81070484791937]]]},"properties":{"cell_id":"882b9bd71bfffff","hex_id":"882b9bd71bfffff","lat":43.806002,"lng":-79.269712,"resolution":8,"neighbourhood":"Agincourt"}},{"type":"Feature","geometry":{"type":"Polygon","coordinates":[[[-79.25620313008758,43.734459233608575],[-79.26286875952214,43.733065955840935],[-79.26442709510721,43.72836745875132],[-79.25932095783361,43.72506248139262],[-79.2526563793022,43.72645542487586],[-79.25109688724514,43.73115367995668],[-79.25620313008758,43.734459233608575]]]},"properties":{"cell_id":"882b9bd4ebfffff","hex_id":"882b9bd4ebfffff","lat":43.729761,"lng":-79.257762,"resolution":8,"neighbourhood":"Cliffside"}},{"type":"Feature","geometry":{"type":"Polygon","coordinates":[[[-79.32492836687531,43.86450267310834],[-79.33161072780132,43.86310331773593],[-79.33316636119754,43.85839753171057],[-79.32804079815851,43.85509134196641],[-79.32135949234475,43.8564903611562],[-79.31980269456209,43.86119590622694],[-79.32492836687531,43.86450267310834]]]},"properties":{"cell_id":"882b9bd2bbfffff","hex_id":"882b9bd2bbfffff","lat":43.859797,"lng":-79.326485,"resolution":8,"neighbourhood":"North Toronto"}},{"type":"Feature","geometry":{"type":"Polygon","coordinates":[[[-79.36967082384172,43.84198414871957],[-79.3763483583209,43.84058256717882],[-79.37789856509247,43.835877337813116],[-79.37277240155976,43.832573929887474],[-79.36609591996944,43.83397517450903],[-79.36454454912678,43.838680163929524],[-79.36967082384172,43.84198414871957]]]},"properties":{"cell_id":"882b9bd08bfffff","hex_id":"882b9bd08bfffff","lat":43.837279,"lng":-79.371222,"resolution":8,"neighbourhood":"North Toronto"}},{"type":"Feature","geometry":{"type":"Polygon","coordinates":[[[-79.48514544528004,43.660099865962955],[-79.49179244410905,43.658694597827655],[-79.49332450081097,43.65399698283581],[-79.48821071572691,43.650704872910836],[-79.48156475838104,43.65210980281888],[-79.48003154473787,43.656807180833304],[-79.48514544528004,43.660099865962955]]]},"properties":{"cell_id":"882b9bce5bfffff","hex_id":"882b9bce5bfffff","lat":43.655402,"lng":-79.486678,"resolution":8,"neighbourhood":"Central Toronto"}},{"type":"Feature","geometry":{"type":"Polygon","coordinates":[[[-79.57506985301626,43.86002795173583],[-79.58174297698648,43.85861419382699],[-79.58327239259025,43.853905564852795],[-79.57812985311813,43.85061092940378],[-79.57145777741195,43.85202434645958],[-79.56992719301631,43.85673273977111],[-79.57506985301626,43.86002795173583]]]},"properties":{"cell_id":"882b9bdaa3fffff","hex_id":"882b9bdaa3fffff","lat":43.855319,"lng":-79.5766,"resolution":8,"neighbourhood":"NW Toronto"}},{"type":"Feature","geometry":{"type":"Polygon","coordinates":[[[-79.52001865867162,43.762135183579844],[-79.52667935189302,43.760726220309074],[-79.52821121227997,43.75602310465308],[-79.5230835423191,43.752729188762935],[-79.51642389432808,43.75413781267275],[-79.51489087116974,43.758840691787604],[-79.52001865867162,43.762135183579844]]]},"properties":{"cell_id":"882b9bc029fffff","hex_id":"882b9bc029fffff","lat":43.757432,"lng":-79.521551,"resolution":8,"neighbourhood":"Etobicoke North"}},{"type":"Feature","geometry":{"type":"Polygon","coordinates":[[[-79.39898963673429,43.80954997927145],[-79.40566141696735,43.80814722918774],[-79.4072074699286,43.80344324147414],[-79.40208290571931,43.8001422430298],[-79.39541217610248,43.80154465579551],[-79.39386496018209,43.80624840427767],[-79.39898963673429,43.80954997927145]]]},"properties":{"cell_id":"882b9bc259fffff","hex_id":"882b9bc259fffff","lat":43.804846,"lng":-79.400536,"resolution":8,"neighbourhood":"Willowdale"}},{"type":"Feature","geometry":{"type":"Polygon","coordinates":[[[-79.52881220573848,43.83036649436279],[-79.53548258149536,43.82895589887557],[-79.53701582110375,43.82424929566899],[-79.53187985147976,43.82095352445772],[-79.52521052385526,43.82236378009697],[-79.523676117825,43.82707014674928],[-79.52881220573848,43.83036649436279]]]},"properties":{"cell_id":"882b9bc36bfffff","hex_id":"882b9bc36bfffff","lat":43.82566,"lng":-79.530346,"resolution":8,"neighbourhood":"NW Toronto"}},{"type":"Feature","geometry":{"type":"Polygon","coordinates":[[[-79.57994921501995,43.74944152302852],[-79.58660598552413,43.74802931317003],[-79.58813118622712,43.74332610464219],[-79.5830007797461,43.74003534116643],[-79.5763450522979,43.74144721060566],[-79.57481868837642,43.74615018389373],[-79.57994921501995,43.74944152302852]]]},"properties":{"cell_id":"882b9bc13bfffff","hex_id":"882b9bc13bfffff","lat":43.744738,"lng":-79.581475,"resolution":8,"neighbourhood":"Rexdale"}},{"type":"Feature","geometry":{"type":"Polygon","coordinates":[[[-79.14086493685262,43.74538213663889],[-79.1475360302958,43.74399535214853],[-79.14910671008634,43.73929776324507],[-79.14400745138978,43.735987203246296],[-79.13733741235704,43.73737365557629],[-79.13576557771518,43.742071000020104],[-79.14086493685262,43.74538213663889]]]},"properties":{"cell_id":"882b9b99a1fffff","hex_id":"882b9b99a1fffff","lat":43.740685,"lng":-79.142436,"resolution":8,"neighbourhood":"East Scarborough"}},{"type":"Feature","geometry":{"type":"Polygon","coordinates":[[[-79.23608011044544,43.664358586811396],[-79.2427361765969,43.66296760473465],[-79.24429420510539,43.65827284379609],[-79.23919732011132,43.654969307107656],[-79.23254230216068,43.656359955603996],[-79.23098312110682,43.6610544743238],[-79.23608011044544,43.664358586811396]]]},"properties":{"cell_id":"882b9b8905fffff","hex_id":"882b9b8905fffff","lat":43.659664,"lng":-79.237639,"resolution":8,"neighbourhood":"East Scarborough"}},{"type":"Feature","geometry":{"type":"Polygon","coordinates":[[[-79.27882367030816,43.83473733698153],[-79.28550322472273,43.83334113236721],[-79.28706263921188,43.828637389317926],[-79.28194366139078,43.825330092672914],[-79.27526516192205,43.82672596211133],[-79.27370458543298,43.831429463324994],[-79.27882367030816,43.83473733698153]]]},"properties":{"cell_id":"882b9bd755fffff","hex_id":"882b9bd755fffff","lat":43.830034,"lng":-79.280384,"resolution":8,"neighbourhood":"North Toronto"}},{"type":"Feature","geometry":{"type":"Polygon","coordinates":[[[-79.40005189978496,43.78743469271082],[-79.40672040501299,43.78603224186795],[-79.40826559738478,43.781329335904374],[-79.40314344648189,43.77802911988142],[-79.39647599082237,43.77943123348999],[-79.39492963660045,43.78413390030994],[-79.40005189978496,43.78743469271082]]]},"properties":{"cell_id":"882b9bd525fffff","hex_id":"882b9bd525fffff","lat":43.782732,"lng":-79.401598,"resolution":8,"neighbourhood":"North York Centre"}},{"type":"Feature","geometry":{"type":"Polygon","coordinates":[[[-79.48776051384648,43.86094991623644],[-79.494436787523,43.85954119215386],[-79.49597533617002,43.85483357671965],[-79.49083877847733,43.8515349228323],[-79.48416355543588,43.85294330769093],[-79.48262383955517,43.8576506856147],[-79.48776051384648,43.86094991623644]]]},"properties":{"cell_id":"882b9bd1a9fffff","hex_id":"882b9bd1a9fffff","lat":43.856242,"lng":-79.4893,"resolution":8,"neighbourhood":"North Toronto"}},{"type":"Feature","geometry":{"type":"Polygon","coordinates":[[[-79.20804504247859,43.8232452519083],[-79.21472529653012,43.82185333156999],[-79.21629167822192,43.81715104316736],[-79.2111789660466,43.81384091834565],[-79.20449976826275,43.81523250489607],[-79.20293222649138,43.81993455001055],[-79.20804504247859,43.8232452519083]]]},"properties":{"cell_id":"882b9bd609fffff","hex_id":"882b9bd609fffff","lat":43.818543,"lng":-79.209612,"resolution":8,"neighbourhood":"Malvern"}},{"type":"Feature","geometry":{"type":"Polygon","coordinates":[[[-79.61648471156684,43.636624309881235],[-79.62312377041523,43.635211876208054],[-79.6246414126841,43.63051385332604],[-79.61952115434342,43.62722849821449],[-79.61288313243433,43.62864059132554],[-79.61136433202734,43.633338380064224],[-79.61648471156684,43.636624309881235]]]},"properties":{"cell_id":"882b9bcc65fffff","hex_id":"882b9bcc65fffff","lat":43.631926,"lng":-79.618003,"resolution":8,"neighbourhood":"Etobicoke"}},{"type":"Feature","geometry":{"type":"Polygon","coordinates":[[[-79.58452608791961,43.73533257330888],[-79.59118063962048,43.73392033383151],[-79.5927048925029,43.72921777166605],[-79.58757575636783,43.72592768403414],[-79.58092224695561,43.72733958307397],[-79.5793968314914,43.732041910137085],[-79.58452608791961,43.73533257330888]]]},"properties":{"cell_id":"882b9bc1e5fffff","hex_id":"882b9bc1e5fffff","lat":43.73063,"lng":-79.586051,"resolution":8,"neighbourhood":"Rexdale"}},{"type":"Feature","geometry":{"type":"Polygon","coordinates":[[[-79.30551349005448,43.697905941956996],[-79.31217211470292,43.696510408983855],[-79.31372408699048,43.691813114236574],[-79.30861859027307,43.68851159328098],[-79.30196101355655,43.68990679121276],[-79.30040788572882,43.69460384509595],[-79.30551349005448,43.697905941956996]]]},"properties":{"cell_id":"882b9bc645fffff","hex_id":"882b9bc645fffff","lat":43.693209,"lng":-79.307066,"resolution":8,"neighbourhood":"East York"}},{"type":"Feature","geometry":{"type":"Polygon","coordinates":[[[-79.62274092921452,43.67467804543421],[-79.62938531189154,43.673264615834306],[-79.6309035700948,43.66856461755065],[-79.62577860590694,43.66527828294176],[-79.61913526173419,43.66669137168163],[-79.61761584334592,43.67139113584427],[-79.62274092921452,43.67467804543421]]]},"properties":{"cell_id":"882b9bcf05fffff","hex_id":"882b9bcf05fffff","lat":43.669978,"lng":-79.62426,"resolution":8,"neighbourhood":"Etobicoke"}},{"type":"Feature","geometry":{"type":"Polygon","coordinates":[[[-79.3243918180328,43.7158115265037],[-79.33105241957624,43.71441461268503],[-79.33260304169556,43.709716193815225],[-79.32749421917461,43.70641492923989],[-79.32083466589218,43.70781150757918],[-79.31928288697296,43.71250968592755],[-79.3243918180328,43.7158115265037]]]},"properties":{"cell_id":"882b9bd595fffff","hex_id":"882b9bd595fffff","lat":43.711113,"lng":-79.325943,"resolution":8,"neighbourhood":"East York"}},{"type":"Feature","geometry":{"type":"Polygon","coordinates":[[[-79.5737183345419,43.71135522731281],[-79.58036976018566,43.709944008832565],[-79.58189433528196,43.70524276963604],[-79.57676864599887,43.701952984134614],[-79.57011826183503,43.70336386249272],[-79.56859252557584,43.70806486642828],[-79.5737183345419,43.71135522731281]]]},"properties":{"cell_id":"882b9bc1abfffff","hex_id":"882b9bc1abfffff","lat":43.706654,"lng":-79.575244,"resolution":8,"neighbourhood":"Etobicoke"}},{"type":"Feature","geometry":{"type":"Polygon","coordinates":[[[-79.29485978003527,43.673910137323666],[-79.30151526171194,43.6725156091626],[-79.30306752274807,43.66781964073882],[-79.29796545633714,43.66451844144622],[-79.29131102176852,43.66591263487786],[-79.28975760660595,43.670608362286046],[-79.29485978003527,43.673910137323666]]]},"properties":{"cell_id":"882b9bc60bfffff","hex_id":"882b9bc60bfffff","lat":43.669214,"lng":-79.296413,"resolution":8,"neighbourhood":"The Beaches"}},{"type":"Feature","geometry":{"type":"Polygon","coordinates":[[[-79.31287078291103,43.788221352821054],[-79.31954236660148,43.786823929320185],[-79.32109665090141,43.78212206185587],[-79.3159805118811,43.778817858826926],[-79.30930998009053,43.780214946727284],[-79.30775453552425,43.78491657321139],[-79.31287078291103,43.788221352821054]]]},"properties":{"cell_id":"882b9bd55bfffff","hex_id":"882b9bd55bfffff","lat":43.783519,"lng":-79.314426,"resolution":8,"neighbourhood":"North Toronto"}},{"type":"Feature","geometry":{"type":"Polygon","coordinates":[[[-79.60472513919456,43.63475010641518],[-79.61136433202734,43.633338380064224],[-79.61288313243433,43.62864059132554],[-79.60776389793985,43.62535476327753],[-79.60112574227315,43.62676614929389],[-79.59960578403562,43.631463703646816],[-79.60472513919456,43.63475010641518]]]},"properties":{"cell_id":"882b9bcc61fffff","hex_id":"882b9bcc61fffff","lat":43.630052,"lng":-79.606245,"resolution":8,"neighbourhood":"Etobicoke"}},{"type":"Feature","geometry":{"type":"Polygon","coordinates":[[[-79.36859249729378,43.864111910211534],[-79.37527331551242,43.86271003208689],[-79.376824387987,43.85800372398507],[-79.37169580753013,43.8546995339956],[-79.36501604325294,43.85610107511794],[-79.36346380559512,43.86080714318612],[-79.36859249729378,43.864111910211534]]]},"properties":{"cell_id":"882b9bd0c1fffff","hex_id":"882b9bd0c1fffff","lat":43.859406,"lng":-79.370144,"resolution":8,"neighbourhood":"North Toronto"}},{"type":"Feature","geometry":{"type":"Polygon","coordinates":[[[-79.38826100739178,43.78553563875352],[-79.39492963660045,43.78413390030994],[-79.39647599082237,43.77943123348999],[-79.39135487747332,43.77613054445398],[-79.38468729805669,43.77753194589338],[-79.38313978230036,43.7822343733271],[-79.38826100739178,43.78553563875352]]]},"properties":{"cell_id":"882b9bd521fffff","hex_id":"882b9bd521fffff","lat":43.780833,"lng":-79.389808,"resolution":8,"neighbourhood":"North York Centre"}},{"type":"Feature","geometry":{"type":"Polygon","coordinates":[[[-79.26702491289872,43.832824953821316],[-79.27370458543298,43.831429463324994],[-79.27526516192205,43.82672596211133],[-79.27014722766181,43.82341819342625],[-79.26346861029452,43.82481334897785],[-79.261906872125,43.829516608113586],[-79.26702491289872,43.832824953821316]]]},"properties":{"cell_id":"882b9bd751fffff","hex_id":"882b9bd751fffff","lat":43.828121,"lng":-79.268586,"resolution":8,"neighbourhood":"North Toronto"}},{"type":"Feature","geometry":{"type":"Polygon","coordinates":[[[-79.5488220223728,43.82613362128751],[-79.55549108721775,43.82472193934584],[-79.55702209982445,43.82001530325557],[-79.55188521426079,43.81672058518004],[-79.54521719682029,43.81813192691971],[-79.54368501764144,43.822838326890675],[-79.5488220223728,43.82613362128751]]]},"properties":{"cell_id":"882b9bc367fffff","hex_id":"882b9bc367fffff","lat":43.821427,"lng":-79.550354,"resolution":8,"neighbourhood":"NW Toronto"}},{"type":"Feature","geometry":{"type":"Polygon","coordinates":[[[-79.599918216769,43.74520381252816],[-79.60657367723631,43.74379052190381],[-79.60809665898907,43.73908728419093],[-79.60296534374152,43.735797571862136],[-79.59631092560456,43.7372105217152],[-79.59478678048632,43.74191352462212],[-79.599918216769,43.74520381252816]]]},"properties":{"cell_id":"882b9bc137fffff","hex_id":"882b9bc137fffff","lat":43.740501,"lng":-79.601442,"resolution":8,"neighbourhood":"Rexdale"}},{"type":"Feature","geometry":{"type":"Polygon","coordinates":[[[-79.50508514410701,43.65588298325339],[-79.51173084500272,43.65447663697211],[-79.5132606911565,43.649778990816316],[-79.50814599360815,43.64648792744142],[-79.50150133347705,43.64789393514331],[-79.49997033023129,43.652591344753596],[-79.50508514410701,43.65588298325339]]]},"properties":{"cell_id":"882b9bce57fffff","hex_id":"882b9bce57fffff","lat":43.651185,"lng":-79.506616,"resolution":8,"neighbourhood":"Etobicoke South"}},{"type":"Feature","geometry":{"type":"Polygon","coordinates":[[[-79.3897021278095,43.83777831302117],[-79.39637836254059,43.83637564056224],[-79.39792634074952,43.83167037169017],[-79.3927992485602,43.828368014741834],[-79.38612406599427,43.82977034992492],[-79.38457492355616,43.83447537928628],[-79.3897021278095,43.83777831302117]]]},"properties":{"cell_id":"882b9bd087fffff","hex_id":"882b9bd087fffff","lat":43.833073,"lng":-79.391251,"resolution":8,"neighbourhood":"North Toronto"}},{"type":"Feature","geometry":{"type":"Polygon","coordinates":[[[-79.34497415223674,43.86030351360321],[-79.3516552154667,43.858903065000696],[-79.35320861798972,43.85419723720935],[-79.34808212193384,43.85089209849457],[-79.34140211309274,43.852292210556755],[-79.33984754602278,43.856997797828186],[-79.34497415223674,43.86030351360321]]]},"properties":{"cell_id":"882b9bd2b7fffff","hex_id":"882b9bd2b7fffff","lat":43.855598,"lng":-79.346528,"resolution":8,"neighbourhood":"North Toronto"}},{"type":"Feature","geometry":{"type":"Polygon","coordinates":[[[-79.27619873347246,43.73027831246059],[-79.28286307771009,43.72888394700422],[-79.28441919497602,43.72418540806976],[-79.2793121247424,43.720881476122706],[-79.27264883069275,43.7222755069379],[-79.27109155679246,43.72697380429578],[-79.27619873347246,43.73027831246059]]]},"properties":{"cell_id":"882b9bd4e7fffff","hex_id":"882b9bd4e7fffff","lat":43.72558,"lng":-79.277756,"resolution":8,"neighbourhood":"North York"}},{"type":"Feature","geometry":{"type":"Polygon","coordinates":[[[-79.30440743720035,43.720000096616374],[-79.3110693267063,43.71860426854769],[-79.31262216563626,43.713905889295575],[-79.30751427180365,43.71060357902014],[-79.30085343127463,43.71199907196526],[-79.29929943570475,43.71669721026377],[-79.30440743720035,43.720000096616374]]]},"properties":{"cell_id":"882b9bd599fffff","hex_id":"882b9bd599fffff","lat":43.715302,"lng":-79.305961,"resolution":8,"neighbourhood":"East York"}},{"type":"Feature","geometry":{"type":"Polygon","coordinates":[[[-79.28817976389224,43.80651815795547],[-79.29485486390367,43.805121866947054],[-79.2964123399783,43.80041940146446],[-79.29129587688193,43.79711346849876],[-79.28462183026427,43.79850942428614],[-79.28306319345339,43.803211648214614],[-79.28817976389224,43.80651815795547]]]},"properties":{"cell_id":"882b9bd717fffff","hex_id":"882b9bd717fffff","lat":43.801816,"lng":-79.289738,"resolution":8,"neighbourhood":"Agincourt"}},{"type":"Feature","geometry":{"type":"Polygon","coordinates":[[[-79.14908844800281,43.81363593402235],[-79.15576926844685,43.8122475831049],[-79.15734144732544,43.807546513559714],[-79.15223396433807,43.804234039382585],[-79.14555420125416,43.8056220576702],[-79.14398086390266,43.81032288271935],[-79.14908844800281,43.81363593402235]]]},"properties":{"cell_id":"882b9b9963fffff","hex_id":"882b9b9963fffff","lat":43.808935,"lng":-79.150661,"resolution":8,"neighbourhood":"East Scarborough"}},{"type":"Feature","geometry":{"type":"Polygon","coordinates":[[[-79.60280516557296,43.67891618170649],[-79.60945085591935,43.677503828449666],[-79.61097132614773,43.67280385700639],[-79.60584726617053,43.66951647332757],[-79.59920261505133,43.67092848607498],[-79.59768098478317,43.675628222964505],[-79.60280516557296,43.67891618170649]]]},"properties":{"cell_id":"882b9bcf09fffff","hex_id":"882b9bcf09fffff","lat":43.674216,"lng":-79.604326,"resolution":8,"neighbourhood":"Etobicoke"}},{"type":"Feature","geometry":{"type":"Polygon","coordinates":[[[-79.55702209982445,43.82001530325557],[-79.56368998519437,43.818603248558],[-79.56521993799389,43.81389681615734],[-79.56008317193468,43.81060267433634],[-79.55341633346919,43.812014388707695],[-79.55188521426079,43.81672058518004],[-79.55702209982445,43.82001530325557]]]},"properties":{"cell_id":"882b9bc32dfffff","hex_id":"882b9bc32dfffff","lat":43.815309,"lng":-79.558553,"resolution":8,"neighbourhood":"NW Toronto"}},{"type":"Feature","geometry":{"type":"Polygon","coordinates":[[[-79.41816165493627,43.65674543385676],[-79.4248104531744,43.65534407864573],[-79.42634934617467,43.65064744678859],[-79.42124059658056,43.6473524084727],[-79.41459284143524,43.64875342672389],[-79.41305279289345,43.65344982020511],[-79.41816165493627,43.65674543385676]]]},"properties":{"cell_id":"882b9bc55dfffff","hex_id":"882b9bc55dfffff","lat":43.652049,"lng":-79.419701,"resolution":8,"neighbourhood":"Central Toronto"}},{"type":"Feature","geometry":{"type":"Polygon","coordinates":[[[-79.5132606911565,43.649778990816316],[-79.51990522238837,43.64837227511898],[-79.52143401570001,43.643674834795625],[-79.5163194348129,43.64038434647929],[-79.50967594385139,43.641790723473655],[-79.50814599360815,43.64648792744142],[-79.5132606911565,43.649778990816316]]]},"properties":{"cell_id":"882b9bce1dfffff","hex_id":"882b9bce1dfffff","lat":43.645082,"lng":-79.51479,"resolution":8,"neighbourhood":"Etobicoke South"}},{"type":"Feature","geometry":{"type":"Polygon","coordinates":[[[-79.28553504473136,43.70209037060781],[-79.29219495493015,43.70069592284717],[-79.29374914232832,43.69599866810607],[-79.2886445750107,43.69269610237597],[-79.28198571345835,43.69409021545109],[-79.28043037068068,43.698787228896315],[-79.28553504473136,43.70209037060781]]]},"properties":{"cell_id":"882b9bc649fffff","hex_id":"882b9bc649fffff","lat":43.697393,"lng":-79.28709,"resolution":8,"neighbourhood":"East York"}},{"type":"Feature","geometry":{"type":"Polygon","coordinates":[[[-79.56455981587636,43.739567130709105],[-79.57121567591085,43.738155971827084],[-79.57274214682917,43.73345343926223],[-79.56761392024889,43.730162301069186],[-79.56095910322773,43.73157311986579],[-79.55943146987526,43.73627541689472],[-79.56455981587636,43.739567130709105]]]},"properties":{"cell_id":"882b9bc1e9fffff","hex_id":"882b9bc1e9fffff","lat":43.734865,"lng":-79.566087,"resolution":8,"neighbourhood":"Rexdale"}},{"type":"Feature","geometry":{"type":"Polygon","coordinates":[[[-79.28441919497602,43.72418540806976],[-79.29108237119647,43.722790666455666],[-79.29263742738723,43.71809232770743],[-79.28753046394019,43.71478897191351],[-79.28086833741216,43.71618337876021],[-79.2793121247424,43.720881476122706],[-79.28441919497602,43.72418540806976]]]},"properties":{"cell_id":"882b9bd4adfffff","hex_id":"882b9bd4adfffff","lat":43.719487,"lng":-79.285975,"resolution":8,"neighbourhood":"East York"}},{"type":"Feature","geometry":{"type":"Polygon","coordinates":[[[-79.16323301776013,43.771334097678114],[-79.1699071641384,43.76994560358997],[-79.17147641594283,43.76524644653657],[-79.16637267806524,43.761936027596285],[-79.1596995867174,43.76332418898208],[-79.15812917832152,43.76802310196517],[-79.16323301776013,43.771334097678114]]]},"properties":{"cell_id":"882b9bd6ddfffff","hex_id":"882b9bd6ddfffff","lat":43.766635,"lng":-79.164803,"resolution":8,"neighbourhood":"East Scarborough"}},{"type":"Feature","geometry":{"type":"Polygon","coordinates":[[[-79.15734144732544,43.807546513559714],[-79.16402109855797,43.80615778167973],[-79.1655922098356,43.80145690842584],[-79.16048482830563,43.798145011310886],[-79.15380623393555,43.799533410433064],[-79.15223396433807,43.804234039382585],[-79.15734144732544,43.807546513559714]]]},"properties":{"cell_id":"882b9b9929fffff","hex_id":"882b9b9929fffff","lat":43.802846,"lng":-79.158913,"resolution":8,"neighbourhood":"East Scarborough"}},{"type":"Feature","geometry":{"type":"Polygon","coordinates":[[[-79.45495224519038,43.71459695263449],[-79.46160822635014,43.713192525698815],[-79.46314525052313,43.70849256302185],[-79.45802745279356,43.70519726500754],[-79.45137251640632,43.706601354022936],[-79.44983433307848,43.71130107892704],[-79.45495224519038,43.71459695263449]]]},"properties":{"cell_id":"882b9bc0c3fffff","hex_id":"882b9bc0c3fffff","lat":43.709897,"lng":-79.45649,"resolution":8,"neighbourhood":"York"}},{"type":"Feature","geometry":{"type":"Polygon","coordinates":[[[-79.47440712613668,43.63613131568307],[-79.48105100132726,43.63472706191576],[-79.4825833674743,43.63003077379987],[-79.4774730140624,43.62673897653842],[-79.47083017954415,43.6281428923922],[-79.46929665786716,43.63283894337518],[-79.47440712613668,43.63613131568307]]]},"properties":{"cell_id":"882b9bc523fffff","hex_id":"882b9bc523fffff","lat":43.631435,"lng":-79.47594,"resolution":8,"neighbourhood":"Mimico"}},{"type":"Feature","geometry":{"type":"Polygon","coordinates":[[[-79.29619048001544,43.72609412895019],[-79.30285353780538,43.72469867650898],[-79.30440743720035,43.720000096616374],[-79.29929943570475,43.71669721026377],[-79.29263742738723,43.71809232770743],[-79.29108237119647,43.722790666455666],[-79.29619048001544,43.72609412895019]]]},"properties":{"cell_id":"882b9bd5d3fffff","hex_id":"882b9bd5d3fffff","lat":43.721396,"lng":-79.297745,"resolution":8,"neighbourhood":"North York"}},{"type":"Feature","geometry":{"type":"Polygon","coordinates":[[[-79.35366239649959,43.683432248577475],[-79.36031727871818,43.68203417363193],[-79.36186376439372,43.677337003745954],[-79.35675652365532,43.67403814856993],[-79.35010268744385,43.67543588763823],[-79.34855504606651,43.68013281771417],[-79.35366239649959,43.683432248577475]]]},"properties":{"cell_id":"882b9bc753fffff","hex_id":"882b9bc753fffff","lat":43.678735,"lng":-79.35521,"resolution":8,"neighbourhood":"Danforth"}},{"type":"Feature","geometry":{"type":"Polygon","coordinates":[[[-79.21974204656445,43.750817641558],[-79.22641129524304,43.749426207603435],[-79.22797397554508,43.74472735548381],[-79.22286856388985,43.741420180096426],[-79.21620036782083,43.74281128037742],[-79.21463653090173,43.747509889673914],[-79.21974204656445,43.750817641558]]]},"properties":{"cell_id":"882b9bd6a3fffff","hex_id":"882b9bd6a3fffff","lat":43.746119,"lng":-79.221305,"resolution":8,"neighbourhood":"Scarborough"}},{"type":"Feature","geometry":{"type":"Polygon","coordinates":[[[-79.59463677943204,43.68502834519371],[-79.60128364304929,43.683616360169864],[-79.60280516557296,43.67891618170649],[-79.59768098478317,43.675628222964505],[-79.5910351608887,43.677039867601856],[-79.58951247816239,43.68173981132157],[-79.59463677943204,43.68502834519371]]]},"properties":{"cell_id":"882b9bcf43fffff","hex_id":"882b9bcf43fffff","lat":43.680328,"lng":-79.596159,"resolution":8,"neighbourhood":"Etobicoke"}},{"type":"Feature","geometry":{"type":"Polygon","coordinates":[[[-79.56882790503147,43.82189748956541],[-79.57549565772499,43.820484721885926],[-79.57702444380305,43.81577805380097],[-79.57188664401131,43.812484389033514],[-79.56521993799389,43.81389681615734],[-79.56368998519437,43.818603248558],[-79.56882790503147,43.82189748956541]]]},"properties":{"cell_id":"882b9bd8d3fffff","hex_id":"882b9bd8d3fffff","lat":43.817191,"lng":-79.570357,"resolution":8,"neighbourhood":"NW Toronto"}},{"type":"Feature","geometry":{"type":"Polygon","coordinates":[[[-79.46314525052313,43.70849256302185],[-79.46980006019272,43.7070877641284],[-79.47133602775388,43.70238800531122],[-79.46621834474279,43.69909328292408],[-79.45956457934983,43.70049774377282],[-79.45802745279356,43.70519726500754],[-79.46314525052313,43.70849256302185]]]},"properties":{"cell_id":"882b9bc089fffff","hex_id":"882b9bc089fffff","lat":43.703793,"lng":-79.464682,"resolution":8,"neighbourhood":"York"}},{"type":"Feature","geometry":{"type":"Polygon","coordinates":[[[-79.41858198005127,43.7310141042001],[-79.42524160160086,43.72961150579906],[-79.4267829579743,43.724911171460256],[-79.42166585222012,43.72161367406336],[-79.41500727715527,43.72301593514758],[-79.41346476146258,43.7277160308997],[-79.41858198005127,43.7310141042001]]]},"properties":{"cell_id":"882b9bc2b9fffff","hex_id":"882b9bc2b9fffff","lat":43.726314,"lng":-79.420124,"resolution":8,"neighbourhood":"North York"}},{"type":"Feature","geometry":{"type":"Polygon","coordinates":[[[-79.46722730590461,43.79080205990943],[-79.47389400633799,43.78939567273615],[-79.47543232438227,43.78469177719383],[-79.47030510536042,43.781394506516996],[-79.46363945287435,43.78280055518133],[-79.46209997156558,43.787504212985446],[-79.46722730590461,43.79080205990943]]]},"properties":{"cell_id":"882b9bc223fffff","hex_id":"882b9bc223fffff","lat":43.786098,"lng":-79.468766,"resolution":8,"neighbourhood":"North Toronto"}},{"type":"Feature","geometry":{"type":"Polygon","coordinates":[[[-79.36186376439372,43.677337003745954],[-79.36851747913555,43.67593855546817],[-79.3700629075235,43.671241588062415],[-79.36495577681734,43.66794330850847],[-79.35830310758823,43.66934142078384],[-79.35675652365532,43.67403814856993],[-79.36186376439372,43.677337003745954]]]},"properties":{"cell_id":"882b9bc719fffff","hex_id":"882b9bc719fffff","lat":43.67264,"lng":-79.36341,"resolution":8,"neighbourhood":"Central Toronto"}},{"type":"Feature","geometry":{"type":"Polygon","coordinates":[[[-79.25491790805658,43.68226971618114],[-79.26157595530319,43.68087735701279],[-79.26313264239218,43.67618146935491],[-79.25803243614173,43.672878182698156],[-79.25137543742889,43.67427020784869],[-79.2498175965363,43.67896585362836],[-79.25491790805658,43.68226971618114]]]},"properties":{"cell_id":"882b9b8965fffff","hex_id":"882b9b8965fffff","lat":43.677574,"lng":-79.256475,"resolution":8,"neighbourhood":"Central Toronto"}},{"type":"Feature","geometry":{"type":"Polygon","coordinates":[[[-79.27863033101129,43.760385073221975],[-79.28529899708901,43.75899008008315],[-79.28685588952766,43.75429001746796],[-79.28174527420148,43.750985189562115],[-79.27507765963637,43.752379847874074],[-79.27351960898874,43.75707966887312],[-79.27863033101129,43.760385073221975]]]},"properties":{"cell_id":"882b9bd439fffff","hex_id":"882b9bd439fffff","lat":43.755685,"lng":-79.280188,"resolution":8,"neighbourhood":"Wexford"}},{"type":"Feature","geometry":{"type":"Polygon","coordinates":[[[-79.22693784748955,43.841190240753555],[-79.23362009938107,43.83979693809107],[-79.23518513301313,43.83509352642252],[-79.23006907621003,43.83178366031653],[-79.22338788092449,43.83317662875159],[-79.22182168594091,43.837879797474464],[-79.22693784748955,43.841190240753555]]]},"properties":{"cell_id":"882b9bd669fffff","hex_id":"882b9bd669fffff","lat":43.836487,"lng":-79.228504,"resolution":8,"neighbourhood":"East Scarborough"}},{"type":"Feature","geometry":{"type":"Polygon","coordinates":[[[-79.57702444380305,43.81577805380097],[-79.58369101676683,43.814364913900846],[-79.5852187436605,43.80965844995922],[-79.5800810642503,43.80636536136484],[-79.57341553746271,43.80777816058528],[-79.57188664401131,43.812484389033514],[-79.57702444380305,43.81577805380097]]]},"properties":{"cell_id":"882b9bd899fffff","hex_id":"882b9bd899fffff","lat":43.811072,"lng":-79.578553,"resolution":8,"neighbourhood":"NW Toronto"}},{"type":"Feature","geometry":{"type":"Polygon","coordinates":[[[-79.21983915804404,43.82516356277216],[-79.22651929700254,43.82377092846048],[-79.22808451829415,43.81906839701156],[-79.22297076113223,43.81575874287504],[-79.21629167822192,43.81715104316736],[-79.21472529653012,43.82185333156999],[-79.21983915804404,43.82516356277216]]]},"properties":{"cell_id":"882b9bd60dfffff","hex_id":"882b9bd60dfffff","lat":43.820461,"lng":-79.221405,"resolution":8,"neighbourhood":"Malvern"}},{"type":"Feature","geometry":{"type":"Polygon","coordinates":[[[-79.24429420510539,43.65827284379609],[-79.25094910757697,43.65688148636988],[-79.25250607724342,43.652186926007225],[-79.2474092969334,43.64888396505369],[-79.24075544216943,43.6502749887733],[-79.23919732011132,43.654969307107656],[-79.24429420510539,43.65827284379609]]]},"properties":{"cell_id":"882b9b892bfffff","hex_id":"882b9b892bfffff","lat":43.653578,"lng":-79.245852,"resolution":8,"neighbourhood":"East Scarborough"}},{"type":"Feature","geometry":{"type":"Polygon","coordinates":[[[-79.49957450017163,43.862839945877035],[-79.50625064442956,43.86143050739922],[-79.5077880255279,43.85672265469855],[-79.50265043002004,43.853424477695974],[-79.49597533617002,43.85483357671965],[-79.494436787523,43.85954119215386],[-79.49957450017163,43.862839945877035]]]},"properties":{"cell_id":"882b9bd1adfffff","hex_id":"882b9bd1adfffff","lat":43.858132,"lng":-79.501113,"resolution":8,"neighbourhood":"NW Toronto"}},{"type":"Feature","geometry":{"type":"Polygon","coordinates":[[[-79.21610935469477,43.6685293631801],[-79.22276669935557,43.667139466111905],[-79.22432693985716,43.662444747269696],[-79.21923098818341,43.6591401681],[-79.21257469243426,43.66052973194417],[-79.21101329955091,43.6652242081367],[-79.21610935469477,43.6685293631801]]]},"properties":{"cell_id":"882b9b8909fffff","hex_id":"882b9b8909fffff","lat":43.663835,"lng":-79.21767,"resolution":8,"neighbourhood":"East Scarborough"}},{"type":"Feature","geometry":{"type":"Polygon","coordinates":[[[-79.48926284828975,43.74236636882642],[-79.49592170956576,43.74095950588721],[-79.49745610344044,43.73625774511887],[-79.49233279734042,43.73296308437554],[-79.48567498120325,43.734369608621975],[-79.48413942612954,43.73907113225854],[-79.48926284828975,43.74236636882642]]]},"properties":{"cell_id":"882b9bc015fffff","hex_id":"882b9bc015fffff","lat":43.737665,"lng":-79.490798,"resolution":8,"neighbourhood":"Black Creek"}},{"type":"Feature","geometry":{"type":"Polygon","coordinates":[[[-79.41078713236642,43.811448330310434],[-79.41745878794698,43.81004486713682],[-79.41900367763309,43.8053406404347],[-79.41387807511707,43.80204011584878],[-79.4072074699286,43.80344324147414],[-79.40566141696735,43.80814722918774],[-79.41078713236642,43.811448330310434]]]},"properties":{"cell_id":"882b9bc25dfffff","hex_id":"882b9bc25dfffff","lat":43.806744,"lng":-79.412333,"resolution":8,"neighbourhood":"Willowdale"}},{"type":"Feature","geometry":{"type":"Polygon","coordinates":[[[-79.53180817222612,43.764020237275844],[-79.53846873496859,43.762610562652476],[-79.53999943227197,43.75790721069855],[-79.53487073001857,43.754613769619816],[-79.52821121227997,43.75602310465308],[-79.52667935189302,43.760726220309074],[-79.53180817222612,43.764020237275844]]]},"properties":{"cell_id":"882b9bc02dfffff","hex_id":"882b9bc02dfffff","lat":43.759317,"lng":-79.53334,"resolution":8,"neighbourhood":"Etobicoke North"}},{"type":"Feature","geometry":{"type":"Polygon","coordinates":[[[-79.43797018445113,43.82324663025273],[-79.44464263912826,43.82184140270724],[-79.44618509911616,43.81713625886358],[-79.4410562689122,43.81383658096982],[-79.4343848644521,43.81524147040189],[-79.43284124008213,43.81994637579513],[-79.43797018445113,43.82324663025273]]]},"properties":{"cell_id":"882b9bc245fffff","hex_id":"882b9bc245fffff","lat":43.818541,"lng":-79.439513,"resolution":8,"neighbourhood":"North Toronto"}},{"type":"Feature","geometry":{"type":"Polygon","coordinates":[[[-79.19851053735236,43.70278772010075],[-79.20517347453323,43.70139828663124],[-79.20673671180948,43.69670208464205],[-79.20163816579216,43.69339555919937],[-79.1949762795575,43.69478465961763],[-79.19341188849802,43.69948061848447],[-79.19851053735236,43.70278772010075]]]},"properties":{"cell_id":"882b9b8b21fffff","hex_id":"882b9b8b21fffff","lat":43.698092,"lng":-79.200075,"resolution":8,"neighbourhood":"East Scarborough"}},{"type":"Feature","geometry":{"type":"Polygon","coordinates":[[[-79.5868866724994,43.861908927309784],[-79.59355966264835,43.86049445527118],[-79.59508790914732,43.855785590878845],[-79.58994433470455,43.85249143389691],[-79.58327239259025,43.853905564852795],[-79.58174297698648,43.85861419382699],[-79.5868866724994,43.861908927309784]]]},"properties":{"cell_id":"882b9bdaa7fffff","hex_id":"882b9bdaa7fffff","lat":43.8572,"lng":-79.588416,"resolution":8,"neighbourhood":"NW Toronto"}},{"type":"Feature","geometry":{"type":"Polygon","coordinates":[[[-79.45695143325486,43.841152651956854],[-79.46362586204415,43.83974603401112],[-79.46516695144624,43.835039772651356],[-79.46003477781191,43.83174036729401],[-79.45336139956254,43.833146646686316],[-79.45181914451075,43.83785266994335],[-79.45695143325486,43.841152651956854]]]},"properties":{"cell_id":"882b9bd195fffff","hex_id":"882b9bd195fffff","lat":43.836446,"lng":-79.458493,"resolution":8,"neighbourhood":"North Toronto"}},{"type":"Feature","geometry":{"type":"Polygon","coordinates":[[[-79.21159155902129,43.83125854562709],[-79.21827286961955,43.82986629139691],[-79.21983915804404,43.82516356277216],[-79.21472529653012,43.82185333156999],[-79.20804504247859,43.8232452519083],[-79.20647759349912,43.827947737295084],[-79.21159155902129,43.83125854562709]]]},"properties":{"cell_id":"882b9bd647fffff","hex_id":"882b9bd647fffff","lat":43.826556,"lng":-79.213159,"resolution":8,"neighbourhood":"Malvern"}},{"type":"Feature","geometry":{"type":"Polygon","coordinates":[[[-79.26330035240599,43.75046849658001],[-79.26996808447619,43.749074549931734],[-79.2715262302766,43.74437517011251],[-79.26641780152856,43.741069978804134],[-79.25975112091443,43.74246359096009],[-79.25819181769624,43.74716272887119],[-79.26330035240599,43.75046849658001]]]},"properties":{"cell_id":"882b9bd417fffff","hex_id":"882b9bd417fffff","lat":43.745769,"lng":-79.264859,"resolution":8,"neighbourhood":"Scarborough"}},{"type":"Feature","geometry":{"type":"Polygon","coordinates":[[[-79.42721798543137,43.79923277654578],[-79.43388729028013,43.797828563026165],[-79.43543005633758,43.79312473923675],[-79.43030468060513,43.789825367527264],[-79.42363642515086,43.79122924324781],[-79.42209249613767,43.79593282843098],[-79.42721798543137,43.79923277654578]]]},"properties":{"cell_id":"882b9bc20bfffff","hex_id":"882b9bc20bfffff","lat":43.794529,"lng":-79.428761,"resolution":8,"neighbourhood":"Willowdale"}},{"type":"Feature","geometry":{"type":"Polygon","coordinates":[[[-79.20788954610937,43.67461380274469],[-79.21454805429335,43.67322428188156],[-79.21610935469477,43.6685293631801],[-79.21101329955091,43.6652242081367],[-79.20435584077202,43.66661339590233],[-79.20279338783573,43.671308071763505],[-79.20788954610937,43.67461380274469]]]},"properties":{"cell_id":"882b9b8943fffff","hex_id":"882b9b8943fffff","lat":43.669919,"lng":-79.209452,"resolution":8,"neighbourhood":"East Scarborough"}},{"type":"Feature","geometry":{"type":"Polygon","coordinates":[[[-79.31372408699048,43.691813114236574],[-79.3203815445748,43.690417206543685],[-79.32193245790121,43.685720113107884],[-79.31682706913088,43.68241916799293],[-79.31017065898386,43.68381474051869],[-79.30861859027307,43.68851159328098],[-79.31372408699048,43.691813114236574]]]},"properties":{"cell_id":"882b9bc66bfffff","hex_id":"882b9bc66bfffff","lat":43.687116,"lng":-79.315276,"resolution":8,"neighbourhood":"East Danforth"}},{"type":"Feature","geometry":{"type":"Polygon","coordinates":[[[-79.61170614302804,43.74708033397331],[-79.61836146910055,43.745666332721434],[-79.61988328717783,43.7409628604461],[-79.61475094295952,43.73767362393886],[-79.60809665898907,43.73908728419093],[-79.60657367723631,43.74379052190381],[-79.61170614302804,43.74708033397331]]]},"properties":{"cell_id":"882b9bcacbfffff","hex_id":"882b9bcacbfffff","lat":43.742377,"lng":-79.613229,"resolution":8,"neighbourhood":"Rexdale"}},{"type":"Feature","geometry":{"type":"Polygon","coordinates":[[[-79.6309035700948,43.66856461755065],[-79.637546779374,43.66715082057792],[-79.63906398635568,43.662451030025075],[-79.63393914418047,43.65916527033002],[-79.62729697291016,43.660578726320146],[-79.62577860590694,43.66527828294176],[-79.6309035700948,43.66856461755065]]]},"properties":{"cell_id":"882b9bcf2bfffff","hex_id":"882b9bcf2bfffff","lat":43.663865,"lng":-79.632422,"resolution":8,"neighbourhood":"Etobicoke"}},{"type":"Feature","geometry":{"type":"Polygon","coordinates":[[[-79.40323250635485,43.72111951656114],[-79.4098912058014,43.7197179659135],[-79.41143382204443,43.71501831149156],[-79.40631889747611,43.71172044655179],[-79.39966124446428,43.71312166021657],[-79.39811746968881,43.717821075758195],[-79.40323250635485,43.72111951656114]]]},"properties":{"cell_id":"882b9bc297fffff","hex_id":"882b9bc297fffff","lat":43.71642,"lng":-79.404776,"resolution":8,"neighbourhood":"Eglinton"}},{"type":"Feature","geometry":{"type":"Polygon","coordinates":[[[-79.52361467846036,43.77013309615859],[-79.5302764171837,43.76872379342184],[-79.53180817222612,43.764020237275844],[-79.52667935189302,43.760726220309074],[-79.52001865867162,43.762135183579844],[-79.5184857403836,43.766838503237246],[-79.52361467846036,43.77013309615859]]]},"properties":{"cell_id":"882b9bc067fffff","hex_id":"882b9bc067fffff","lat":43.76543,"lng":-79.525147,"resolution":8,"neighbourhood":"Etobicoke North"}},{"type":"Feature","geometry":{"type":"Polygon","coordinates":[[[-79.33260304169556,43.709716193815225],[-79.33926247480456,43.70831890522756],[-79.34081203752376,43.703620687715265],[-79.33570332388058,43.70031999907576],[-79.32904493853725,43.70171695205836],[-79.32749421917461,43.70641492923989],[-79.33260304169556,43.709716193815225]]]},"properties":{"cell_id":"882b9bd5bbfffff","hex_id":"882b9bd5bbfffff","lat":43.705018,"lng":-79.334153,"resolution":8,"neighbourhood":"East York"}},{"type":"Feature","geometry":{"type":"Polygon","coordinates":[[[-79.52202248573366,43.71793086897517],[-79.5286766527956,43.71652252031434],[-79.53020682069989,43.711821577221286],[-79.5250839821989,43.70852921911306],[-79.51843085828884,43.70993722858468],[-79.5168995298298,43.714637935307735],[-79.52202248573366,43.71793086897517]]]},"properties":{"cell_id":"882b9bc1d1fffff","hex_id":"882b9bc1d1fffff","lat":43.71323,"lng":-79.523553,"resolution":8,"neighbourhood":"Etobicoke"}},{"type":"Feature","geometry":{"type":"Polygon","coordinates":[[[-79.31947633779146,43.655638129716074],[-79.32612832306827,43.6542424795095],[-79.32767741125626,43.649547116457754],[-79.32257566793048,43.646247644011495],[-79.31592472828075,43.64764295911188],[-79.3143744864326,43.652338081719186],[-79.31947633779146,43.655638129716074]]]},"properties":{"cell_id":"882b9bc631fffff","hex_id":"882b9bc631fffff","lat":43.650943,"lng":-79.321026,"resolution":8,"neighbourhood":"Central Toronto"}},{"type":"Feature","geometry":{"type":"Polygon","coordinates":[[[-79.61701731268548,43.807293792373066],[-79.62368125712874,43.80587848422047],[-79.6252045336373,43.80117195986201],[-79.62006503265678,43.79788097823338],[-79.61340213293191,43.799295945000566],[-79.611877689571,43.804002234735485],[-79.61701731268548,43.807293792373066]]]},"properties":{"cell_id":"882b9bd8b1fffff","hex_id":"882b9bd8b1fffff","lat":43.802587,"lng":-79.618541,"resolution":8,"neighbourhood":"NW Toronto"}},{"type":"Feature","geometry":{"type":"Polygon","coordinates":[[[-79.19149407258148,43.76107873395383],[-79.19816577095591,43.75968876888727],[-79.19973173595231,43.75498976326845],[-79.19462715928411,43.75168096611742],[-79.18795651472976,43.753070597995574],[-79.18638939312808,43.75776936016775],[-79.19149407258148,43.76107873395383]]]},"properties":{"cell_id":"882b9bd681fffff","hex_id":"882b9bd681fffff","lat":43.75638,"lng":-79.193061,"resolution":8,"neighbourhood":"Scarborough"}},{"type":"Feature","geometry":{"type":"Polygon","coordinates":[[[-79.24215692521895,43.77675518559519],[-79.24882921741863,43.77536203752507],[-79.25039045854625,43.77066161957133],[-79.24528056593505,43.76735459207345],[-79.23860932695828,43.768747405927485],[-79.2370469274741,43.77344758144994],[-79.24215692521895,43.77675518559519]]]},"properties":{"cell_id":"882b9bd451fffff","hex_id":"882b9bd451fffff","lat":43.772055,"lng":-79.243719,"resolution":8,"neighbourhood":"Scarborough Town"}},{"type":"Feature","geometry":{"type":"Polygon","coordinates":[[[-79.61722792581567,43.71087238655943],[-79.62387777575469,43.70945867021343],[-79.625397812039,43.70475693342938],[-79.62026916041376,43.70146914728673],[-79.61362035077562,43.70288252270263],[-79.61209915256299,43.707584025145124],[-79.61722792581567,43.71087238655943]]]},"properties":{"cell_id":"882b9bca91fffff","hex_id":"882b9bca91fffff","lat":43.706171,"lng":-79.618749,"resolution":8,"neighbourhood":"Etobicoke"}},{"type":"Feature","geometry":{"type":"Polygon","coordinates":[[[-79.33150985081055,43.731813207106974],[-79.33817254970018,43.73041562201705],[-79.3397229768092,43.72571632014032],[-79.3346118628768,43.72241484372764],[-79.32795021279767,43.72381209312985],[-79.32639862794379,43.7285111545868],[-79.33150985081055,43.731813207106974]]]},"properties":{"cell_id":"882b9bd581fffff","hex_id":"882b9bd581fffff","lat":43.727114,"lng":-79.333061,"resolution":8,"neighbourhood":"North York"}},{"type":"Feature","geometry":{"type":"Polygon","coordinates":[[[-79.23048905836585,43.849204398425755],[-79.2371723671423,43.847810761431745],[-79.23873730668373,43.84310690983958],[-79.23362009938107,43.83979693809107],[-79.22693784748955,43.841190240753555],[-79.2253717461206,43.845893849450434],[-79.23048905836585,43.849204398425755]]]},"properties":{"cell_id":"882b986d97fffff","hex_id":"882b986d97fffff","lat":43.844501,"lng":-79.232055,"resolution":8,"neighbourhood":"East Scarborough"}},{"type":"Feature","geometry":{"type":"Polygon","coordinates":[[[-79.54297436598613,43.69161119921534],[-79.54962397199124,43.69020207926998],[-79.551151081126,43.68550219364793],[-79.54602974395526,43.68221166377704],[-79.53938117934375,43.68362044426706],[-79.53785291061094,43.68832009403731],[-79.54297436598613,43.69161119921534]]]},"properties":{"cell_id":"882b9bc197fffff","hex_id":"882b9bc197fffff","lat":43.686911,"lng":-79.544502,"resolution":8,"neighbourhood":"Etobicoke"}},{"type":"Feature","geometry":{"type":"Polygon","coordinates":[[[-79.4017796031155,43.66894090427812],[-79.40843073700218,43.66754029262898],[-79.40997174077341,43.66284325321629],[-79.40486276661787,43.65954706416327],[-79.39821267681221,43.66094733910177],[-79.3966705171835,43.66564413975821],[-79.4017796031155,43.66894090427812]]]},"properties":{"cell_id":"882b9bc731fffff","hex_id":"882b9bc731fffff","lat":43.664244,"lng":-79.403321,"resolution":8,"neighbourhood":"Kensington Market"}},{"type":"Feature","geometry":{"type":"Polygon","coordinates":[[[-79.44629094515746,43.64644118809278],[-79.45293728268646,43.64503838255616],[-79.45447291119191,43.640341921546465],[-79.44936335780706,43.637048503782],[-79.4427180621607,43.63845097188148],[-79.44118127811849,43.643147195136834],[-79.44629094515746,43.64644118809278]]]},"properties":{"cell_id":"882b9bc501fffff","hex_id":"882b9bc501fffff","lat":43.641745,"lng":-79.447827,"resolution":8,"neighbourhood":"Parkdale"}},{"type":"Feature","geometry":{"type":"Polygon","coordinates":[[[-79.38218484772294,43.747422839241146],[-79.38884810785147,43.74602207352418],[-79.39039380116485,43.74132137127274],[-79.38527739393302,43.73802167409349],[-79.37861518200181,43.739422103098775],[-79.3770683292082,43.74412256594921],[-79.38218484772294,43.747422839241146]]]},"properties":{"cell_id":"882b9bc2d1fffff","hex_id":"882b9bc2d1fffff","lat":43.742722,"lng":-79.383731,"resolution":8,"neighbourhood":"North York"}},{"type":"Feature","geometry":{"type":"Polygon","coordinates":[[[-79.50306761252229,43.70005836340878],[-79.50971982282456,43.698651402567044],[-79.51125136024152,43.69395157857847],[-79.50613184675667,43.69065895210284],[-79.49948067929029,43.69206557419383],[-79.49794798257476,43.69676516146522],[-79.50306761252229,43.70005836340878]]]},"properties":{"cell_id":"882b9bc0a1fffff","hex_id":"882b9bc0a1fffff","lat":43.695359,"lng":-79.5046,"resolution":8,"neighbourhood":"Etobicoke"}},{"type":"Feature","geometry":{"type":"Polygon","coordinates":[[[-79.63795427945394,43.780932295510496],[-79.64461364071438,43.77951621764088],[-79.64613385625609,43.77481074996405],[-79.64099587652149,43.77152159421565],[-79.63433755821144,43.7729373304353],[-79.63281617678709,43.77764256400702],[-79.63795427945394,43.780932295510496]]]},"properties":{"cell_id":"882b9bca57fffff","hex_id":"882b9bca57fffff","lat":43.776227,"lng":-79.639475,"resolution":8,"neighbourhood":"NW Toronto"}},{"type":"Feature","geometry":{"type":"Polygon","coordinates":[[[-79.14202119254864,43.797608730032835],[-79.14869989855247,43.796221044271384],[-79.15027225869693,43.791520856041075],[-79.1451670704664,43.78820859812203],[-79.13848942126275,43.78959595146097],[-79.1369159035946,43.79429589509609],[-79.14202119254864,43.797608730032835]]]},"properties":{"cell_id":"882b9b9907fffff","hex_id":"882b9b9907fffff","lat":43.792909,"lng":-79.143594,"resolution":8,"neighbourhood":"East Scarborough"}},{"type":"Feature","geometry":{"type":"Polygon","coordinates":[[[-79.19038018814953,43.85755855195113],[-79.1970660726679,43.856167106331334],[-79.19863547269964,43.85146334789595],[-79.19352014981295,43.84815127879806],[-79.18683532361784,43.84954239080524],[-79.18526476209136,43.85424590547736],[-79.19038018814953,43.85755855195113]]]},"properties":{"cell_id":"882b986ca1fffff","hex_id":"882b986ca1fffff","lat":43.852855,"lng":-79.19195,"resolution":8,"neighbourhood":"East Scarborough"}},{"type":"Feature","geometry":{"type":"Polygon","coordinates":[[[-79.61148365433979,43.84353841143943],[-79.61815309815921,43.842122821868564],[-79.619678164053,43.83741456961724],[-79.61453495484007,43.83412214173524],[-79.60786655755172,43.83553738985147],[-79.60634032304732,43.84024540725796],[-79.61148365433979,43.84353841143943]]]},"properties":{"cell_id":"882b9bd8ebfffff","hex_id":"882b9bd8ebfffff","lat":43.83883,"lng":-79.613009,"resolution":8,"neighbourhood":"NW Toronto"}},{"type":"Feature","geometry":{"type":"Polygon","coordinates":[[[-79.19265593452646,43.73897558985065],[-79.1993243589835,43.73758591257828],[-79.2008894445149,43.732887987826786],[-79.1957872611995,43.729579983657345],[-79.18911988951068,43.730969327821505],[-79.18755364847338,43.73566700921794],[-79.19265593452646,43.73897558985065]]]},"properties":{"cell_id":"882b9bd6bbfffff","hex_id":"882b9bd6bbfffff","lat":43.734278,"lng":-79.194222,"resolution":8,"neighbourhood":"East Scarborough"}},{"type":"Feature","geometry":{"type":"Polygon","coordinates":[[[-79.23734327123077,43.71653872501507],[-79.24400691516145,43.715146826425496],[-79.24556659536498,43.71044945466742],[-79.24046378695117,43.70714422380369],[-79.23380119358961,43.708535788547],[-79.23224035817665,43.713232917954855],[-79.23734327123077,43.71653872501507]]]},"properties":{"cell_id":"882b9bd48bfffff","hex_id":"882b9bd48bfffff","lat":43.711841,"lng":-79.238904,"resolution":8,"neighbourhood":"East Scarborough"}},{"type":"Feature","geometry":{"type":"Polygon","coordinates":[[[-79.4086709012471,43.85569518102931],[-79.41534911634729,43.85429111928456],[-79.41689572781735,43.84958473206372],[-79.41176528978987,43.84628264570553],[-79.4050881271813,43.84768636973432],[-79.40354035021225,43.85239251779127],[-79.4086709012471,43.85569518102931]]]},"properties":{"cell_id":"882b9bd0e7fffff","hex_id":"882b9bd0e7fffff","lat":43.850989,"lng":-79.410218,"resolution":8,"neighbourhood":"North Toronto"}},{"type":"Feature","geometry":{"type":"Polygon","coordinates":[[[-79.3518088111332,43.80194470873235],[-79.35848108392734,43.800544810741776],[-79.36003178682721,43.795841781410545],[-79.3549113787296,43.792538890226304],[-79.34824015744505,43.79393845182039],[-79.34668829285218,43.79864124094942],[-79.3518088111332,43.80194470873235]]]},"properties":{"cell_id":"882b9bd547fffff","hex_id":"882b9bd547fffff","lat":43.797242,"lng":-79.35336,"resolution":8,"neighbourhood":"North Toronto"}},{"type":"Feature","geometry":{"type":"Polygon","coordinates":[[[-79.550800670278,43.78189951483591],[-79.55746319230533,43.780488448881925],[-79.55899251344725,43.775783980228475],[-79.55386047700841,43.77249081343198],[-79.54719900030031,43.77390153935653],[-79.54566851481391,43.77860577206086],[-79.550800670278,43.78189951483591]]]},"properties":{"cell_id":"882b9bc15dfffff","hex_id":"882b9bc15dfffff","lat":43.777195,"lng":-79.552331,"resolution":8,"neighbourhood":"Etobicoke North"}},{"type":"Feature","geometry":{"type":"Polygon","coordinates":[[[-79.5766412251632,43.64509138994612],[-79.5832828928513,43.64368110580438],[-79.58480495230563,43.63898313644512],[-79.57968650201968,43.63569568618901],[-79.57304587271236,43.63710563046928],[-79.57152265541123,43.64180336482112],[-79.5766412251632,43.64509138994612]]]},"properties":{"cell_id":"882b9bcc4dfffff","hex_id":"882b9bcc4dfffff","lat":43.640393,"lng":-79.578164,"resolution":8,"neighbourhood":"Etobicoke"}},{"type":"Feature","geometry":{"type":"Polygon","coordinates":[[[-79.39609122901129,43.705124349952314],[-79.40274783586153,43.70372347316594],[-79.40429065267703,43.69902470177466],[-79.39917802033283,43.69572704610707],[-79.39252245937115,43.69712758611945],[-79.39097848496779,43.70182611852764],[-79.39609122901129,43.705124349952314]]]},"properties":{"cell_id":"882b9bc76bfffff","hex_id":"882b9bc76bfffff","lat":43.700426,"lng":-79.397635,"resolution":8,"neighbourhood":"Davisville"}},{"type":"Feature","geometry":{"type":"Polygon","coordinates":[[[-79.50980791000977,43.81247466067898],[-79.51647632002806,43.8110654576674],[-79.51801093658574,43.806359970443054],[-79.51287830838423,43.80306392308755],[-79.50621094618042,43.804472786691136],[-79.50467516446626,43.809178037012096],[-79.50980791000977,43.81247466067898]]]},"properties":{"cell_id":"882b9bc30bfffff","hex_id":"882b9bc30bfffff","lat":43.807769,"lng":-79.511343,"resolution":8,"neighbourhood":"NW Toronto"}},{"type":"Feature","geometry":{"type":"Polygon","coordinates":[[[-79.42782976821665,43.70281539056173],[-79.43448495623609,43.70141272122553],[-79.43602439984451,43.696713675882314],[-79.43090981359254,43.69341753813831],[-79.42425567052067,43.694819870117094],[-79.42271506885567,43.699518677151495],[-79.42782976821665,43.70281539056173]]]},"properties":{"cell_id":"882b9bc0dbfffff","hex_id":"882b9bc0dbfffff","lat":43.698116,"lng":-79.42937,"resolution":8,"neighbourhood":"Central Toronto"}},{"type":"Feature","geometry":{"type":"Polygon","coordinates":[[[-79.41689572781735,43.84958473206372],[-79.42357276525611,43.848180293819205],[-79.42511831257252,43.843474107104186],[-79.41998798789265,43.84017259756011],[-79.41331200244522,43.84157669796292],[-79.41176528978987,43.84628264570553],[-79.41689572781735,43.84958473206372]]]},"properties":{"cell_id":"882b9bd0adfffff","hex_id":"882b9bd0adfffff","lat":43.844879,"lng":-79.418442,"resolution":8,"neighbourhood":"North Toronto"}},{"type":"Feature","geometry":{"type":"Polygon","coordinates":[[[-79.12078468147006,43.82388688661575],[-79.12746795136103,43.82250001280788],[-79.12904342558801,43.81779879635674],[-79.12393678848537,43.81448469878893],[-79.11725457716749,43.815871240455245],[-79.1156779444846,43.82057221178556],[-79.12078468147006,43.82388688661575]]]},"properties":{"cell_id":"882b9b9941fffff","hex_id":"882b9b9941fffff","lat":43.819186,"lng":-79.122361,"resolution":8,"neighbourhood":"East Scarborough"}},{"type":"Feature","geometry":{"type":"Polygon","coordinates":[[[-79.36003178682721,43.795841781410545],[-79.36670288610145,43.79444150706397],[-79.3682525261632,43.789738678101386],[-79.36313222858925,43.78643636345056],[-79.35646218032632,43.7878363012747],[-79.3549113787296,43.792538890226304],[-79.36003178682721,43.795841781410545]]]},"properties":{"cell_id":"882b9bd50dfffff","hex_id":"882b9bd50dfffff","lat":43.791139,"lng":-79.361582,"resolution":8,"neighbourhood":"North Toronto"}},{"type":"Feature","geometry":{"type":"Polygon","coordinates":[[[-79.31532969884387,43.81834528424949],[-79.32200561337862,43.81694723086867],[-79.3235606697021,43.81224384279255],[-79.31844097344306,43.80893874907013],[-79.31176611213583,43.81033646666389],[-79.31020989396417,43.81503961372136],[-79.31532969884387,43.81834528424949]]]},"properties":{"cell_id":"882b9bd73dfffff","hex_id":"882b9bd73dfffff","lat":43.813642,"lng":-79.316885,"resolution":8,"neighbourhood":"North Toronto"}},{"type":"Feature","geometry":{"type":"Polygon","coordinates":[[[-79.60713657580611,43.761192015030254],[-79.61379412174291,43.75977804254749],[-79.61531688647906,43.755073923830814],[-79.61018326969335,43.751784012250276],[-79.6035267666261,43.75319764375118],[-79.60200283757656,43.75790152776825],[-79.60713657580611,43.761192015030254]]]},"properties":{"cell_id":"882b9bc123fffff","hex_id":"882b9bc123fffff","lat":43.756488,"lng":-79.60866,"resolution":8,"neighbourhood":"Rexdale"}},{"type":"Feature","geometry":{"type":"Polygon","coordinates":[[[-79.4862062462815,43.808697205085636],[-79.4928749149911,43.807289427769526],[-79.49441186154806,43.80258441459551],[-79.48928130402706,43.79928741608192],[-79.48261368358503,43.80069485444945],[-79.4810755724992,43.80539963023308],[-79.4862062462815,43.808697205085636]]]},"properties":{"cell_id":"882b9bc353fffff","hex_id":"882b9bc353fffff","lat":43.803992,"lng":-79.487744,"resolution":8,"neighbourhood":"North Toronto"}},{"type":"Feature","geometry":{"type":"Polygon","coordinates":[[[-79.2479769350659,43.74055083091755],[-79.25464373236333,43.739157930166144],[-79.25620313008758,43.734459233608575],[-79.25109688724514,43.73115367995668],[-79.2444311413466,43.73254624655027],[-79.2428705869956,43.73724470090805],[-79.2479769350659,43.74055083091755]]]},"properties":{"cell_id":"882b9bd4c5fffff","hex_id":"882b9bd4c5fffff","lat":43.735852,"lng":-79.249537,"resolution":8,"neighbourhood":"Scarborough"}},{"type":"Feature","geometry":{"type":"Polygon","coordinates":[[[-79.51225651247394,43.671862715930175],[-79.51890429570872,43.67045569217597],[-79.52043393315127,43.66575716201354],[-79.51531694549462,43.66246589200067],[-79.50867020356438,43.66387257696604],[-79.5071394080879,43.668570870687205],[-79.51225651247394,43.671862715930175]]]},"properties":{"cell_id":"882b9bce43fffff","hex_id":"882b9bce43fffff","lat":43.667164,"lng":-79.513787,"resolution":8,"neighbourhood":"Etobicoke South"}},{"type":"Feature","geometry":{"type":"Polygon","coordinates":[[[-79.55312138078591,43.64133331250155],[-79.55976331195954,43.6399244437046],[-79.56128768679874,43.63522694460244],[-79.55617128779457,43.63193854974314],[-79.54953039545317,43.63334707913436],[-79.54800486338486,43.63804434274465],[-79.55312138078591,43.64133331250155]]]},"properties":{"cell_id":"882b9bce35fffff","hex_id":"882b9bce35fffff","lat":43.636636,"lng":-79.554646,"resolution":8,"neighbourhood":"Etobicoke South"}},{"type":"Feature","geometry":{"type":"Polygon","coordinates":[[[-79.59752759758574,43.61878273655375],[-79.60416471635384,43.61737169076698],[-79.60568373238745,43.61267478670935],[-79.60056678664418,43.60938916288372],[-79.59393070450734,43.61079986854583],[-79.59241053158324,43.61549653811219],[-79.59752759758574,43.61878273655375]]]},"properties":{"cell_id":"882b9bcc05fffff","hex_id":"882b9bcc05fffff","lat":43.614086,"lng":-79.599047,"resolution":8,"neighbourhood":"Etobicoke"}},{"type":"Feature","geometry":{"type":"Polygon","coordinates":[[[-79.21381085158909,43.7127083079466],[-79.22047472576939,43.71131783069638],[-79.22203671607384,43.70662094387964],[-79.21693598687534,43.70331477709963],[-79.21027316370059,43.704704920964446],[-79.20871001882283,43.709401564949275],[-79.21381085158909,43.7127083079466]]]},"properties":{"cell_id":"882b9bd4d3fffff","hex_id":"882b9bd4d3fffff","lat":43.708011,"lng":-79.215374,"resolution":8,"neighbourhood":"East Scarborough"}},{"type":"Feature","geometry":{"type":"Polygon","coordinates":[[[-79.29529936876938,43.8225372613141],[-79.30197657639967,43.82114029955083],[-79.30353385955316,43.81643695356464],[-79.29841509686727,43.813130810748525],[-79.29173894318501,43.81452743708225],[-79.29018049834481,43.819230541615916],[-79.29529936876938,43.8225372613141]]]},"properties":{"cell_id":"882b9bd703fffff","hex_id":"882b9bd703fffff","lat":43.817834,"lng":-79.296857,"resolution":8,"neighbourhood":"Agincourt"}},{"type":"Feature","geometry":{"type":"Polygon","coordinates":[[[-79.48208836623343,43.726373391815926],[-79.48874513750351,43.724967206157444],[-79.49027973892318,43.7202663274471],[-79.48515872942775,43.716971871585365],[-79.4785030027531,43.718377718760685],[-79.47696724108069,43.72307836023494],[-79.48208836623343,43.726373391815926]]]},"properties":{"cell_id":"882b9bc0e9fffff","hex_id":"882b9bc0e9fffff","lat":43.721673,"lng":-79.483624,"resolution":8,"neighbourhood":"Black Creek"}},{"type":"Feature","geometry":{"type":"Polygon","coordinates":[[[-79.52060635014344,43.83648352240808],[-79.52727790524132,43.835073300541794],[-79.52881220573848,43.83036649436279],[-79.523676117825,43.82707014674928],[-79.51700561135972,43.82848002889217],[-79.51547014427804,43.8331865983258],[-79.52060635014344,43.83648352240808]]]},"properties":{"cell_id":"882b9bc345fffff","hex_id":"882b9bc345fffff","lat":43.831777,"lng":-79.522141,"resolution":8,"neighbourhood":"NW Toronto"}},{"type":"Feature","geometry":{"type":"Polygon","coordinates":[[[-79.57176501140331,43.755556776283804],[-79.57842295827507,43.75414493691558],[-79.57994921501995,43.74944152302852],[-79.57481868837642,43.74615018389373],[-79.56816178505845,43.747561682966285],[-79.56663436493203,43.75226486142312],[-79.57176501140331,43.755556776283804]]]},"properties":{"cell_id":"882b9bc115fffff","hex_id":"882b9bc115fffff","lat":43.750853,"lng":-79.573292,"resolution":8,"neighbourhood":"Rexdale"}},{"type":"Feature","geometry":{"type":"Polygon","coordinates":[[[-79.49441186154806,43.80258441459551],[-79.50107935317347,43.80117626362242],[-79.50261523940678,43.796471453255094],[-79.49748479848472,43.79317503101417],[-79.49081835462778,43.79458284291398],[-79.48928130402706,43.79928741608192],[-79.49441186154806,43.80258441459551]]]},"properties":{"cell_id":"882b9bc319fffff","hex_id":"882b9bc319fffff","lat":43.79788,"lng":-79.495948,"resolution":8,"neighbourhood":"Etobicoke North"}},{"type":"Feature","geometry":{"type":"Polygon","coordinates":[[[-79.42530301554827,43.67273109044607],[-79.43195390078729,43.67132906100226],[-79.43349259190487,43.666631544801724],[-79.42838155436891,43.663336296272355],[-79.42173171276622,43.664737988547564],[-79.42019186516542,43.66943526647499],[-79.42530301554827,43.67273109044607]]]},"properties":{"cell_id":"882b9bc549fffff","hex_id":"882b9bc549fffff","lat":43.668034,"lng":-79.426842,"resolution":8,"neighbourhood":"Central Toronto"}},{"type":"Feature","geometry":{"type":"Polygon","coordinates":[[[-79.52043393315127,43.66575716201354],[-79.52708054573291,43.664349768596075],[-79.5286091297466,43.65965144412408],[-79.52349225915346,43.65636074927491],[-79.51684668738157,43.65776780377995],[-79.51531694549462,43.66246589200067],[-79.52043393315127,43.66575716201354]]]},"properties":{"cell_id":"882b9bce09fffff","hex_id":"882b9bce09fffff","lat":43.661059,"lng":-79.521963,"resolution":8,"neighbourhood":"Etobicoke South"}},{"type":"Feature","geometry":{"type":"Polygon","coordinates":[[[-79.22203671607384,43.70662094387964],[-79.2286994246422,43.705230089590174],[-79.23026035339723,43.70053340207819],[-79.22515972810751,43.697227811451334],[-79.21849807005003,43.6986183322287],[-79.21693598687534,43.70331477709963],[-79.22203671607384,43.70662094387964]]]},"properties":{"cell_id":"882b9bd499fffff","hex_id":"882b9bd499fffff","lat":43.701924,"lng":-79.223598,"resolution":8,"neighbourhood":"East Scarborough"}},{"type":"Feature","geometry":{"type":"Polygon","coordinates":[[[-79.17030359182858,43.78735556314528],[-79.17697984910478,43.78596640334146],[-79.17854891817377,43.781266364283645],[-79.17344288761058,43.77795572895516],[-79.16676768592289,43.77934455584929],[-79.16519745931475,43.784044350936156],[-79.17030359182858,43.78735556314528]]]},"properties":{"cell_id":"882b9bd6c9fffff","hex_id":"882b9bd6c9fffff","lat":43.782656,"lng":-79.171873,"resolution":8,"neighbourhood":"East Scarborough"}},{"type":"Feature","geometry":{"type":"Polygon","coordinates":[[[-79.12670751918762,43.78766986528842],[-79.13338527920416,43.78628322504804],[-79.13495888677329,43.78158372230513],[-79.12985589115877,43.778271104642975],[-79.12317918787942,43.77965741279606],[-79.12160442358255,43.78435667065327],[-79.12670751918762,43.78766986528842]]]},"properties":{"cell_id":"882b9b9915fffff","hex_id":"882b9b9915fffff","lat":43.78297,"lng":-79.128282,"resolution":8,"neighbourhood":"East Scarborough"}},{"type":"Feature","geometry":{"type":"Polygon","coordinates":[[[-79.45750086644897,43.74469357398494],[-79.46416115665757,43.743288505320045],[-79.46569893057172,43.73858701567556],[-79.46057757511323,43.735290832457764],[-79.45391833099032,43.73669556301293],[-79.4523793963427,43.74139681484969],[-79.45750086644897,43.74469357398494]]]},"properties":{"cell_id":"882b9bc2a5fffff","hex_id":"882b9bc2a5fffff","lat":43.739992,"lng":-79.459039,"resolution":8,"neighbourhood":"Downsview"}},{"type":"Feature","geometry":{"type":"Polygon","coordinates":[[[-79.40072093717077,43.69102871641609],[-79.40737532902583,43.68962780355431],[-79.40891718875262,43.684929676842835],[-79.40380581368491,43.68163270179142],[-79.3971524669504,43.68303327785866],[-79.39560945026564,43.687731165726134],[-79.40072093717077,43.69102871641609]]]},"properties":{"cell_id":"882b9bc705fffff","hex_id":"882b9bc705fffff","lat":43.686331,"lng":-79.402264,"resolution":8,"neighbourhood":"Midtown"}},{"type":"Feature","geometry":{"type":"Polygon","coordinates":[[[-79.3175348932785,43.774116432019504],[-79.32420425369052,43.77271896740629],[-79.32575757237521,43.76801774053962],[-79.32064269038688,43.7647142190804],[-79.31397438110123,43.766111348071135],[-79.31241990278124,43.77081233409786],[-79.3175348932785,43.774116432019504]]]},"properties":{"cell_id":"882b9bd425fffff","hex_id":"882b9bd425fffff","lat":43.769415,"lng":-79.319089,"resolution":8,"neighbourhood":"Don Mills"}},{"type":"Feature","geometry":{"type":"Polygon","coordinates":[[[-79.19625185795184,43.82132575640498],[-79.20293222649138,43.81993455001055],[-79.20449976826275,43.81523250489607],[-79.19938810135815,43.81192190966042],[-79.19270878930541,43.81331278249846],[-79.19114008777537,43.818014584083016],[-79.19625185795184,43.82132575640498]]]},"properties":{"cell_id":"882b9bd655fffff","hex_id":"882b9bd655fffff","lat":43.816624,"lng":-79.19782,"resolution":8,"neighbourhood":"Malvern"}},{"type":"Feature","geometry":{"type":"Polygon","coordinates":[[[-79.6160601298983,43.82941432871047],[-79.62272734582587,43.82799870886744],[-79.62425146189783,43.82329110048704],[-79.61910953011335,43.81999934661073],[-79.61244335994527,43.8214146249809],[-79.61091807590415,43.8261219986539],[-79.6160601298983,43.82941432871047]]]},"properties":{"cell_id":"882b9bd885fffff","hex_id":"882b9bd885fffff","lat":43.824707,"lng":-79.617585,"resolution":8,"neighbourhood":"NW Toronto"}},{"type":"Feature","geometry":{"type":"Polygon","coordinates":[[[-79.57145777741195,43.85202434645958],[-79.57812985311813,43.85061092940378],[-79.57965937652276,43.84590273949392],[-79.57451799263838,43.84260820230946],[-79.56784696492417,43.844021278617646],[-79.5663162732048,43.84872923281161],[-79.57145777741195,43.85202434645958]]]},"properties":{"cell_id":"882b9bdab5fffff","hex_id":"882b9bdab5fffff","lat":43.847316,"lng":-79.572988,"resolution":8,"neighbourhood":"NW Toronto"}},{"type":"Feature","geometry":{"type":"Polygon","coordinates":[[[-79.49745610344044,43.73625774511887],[-79.50411379098244,43.734850510256656],[-79.50564712768039,43.73014895351416],[-79.50052393797671,43.72685486852912],[-79.49386729507656,43.72826176457428],[-79.49233279734042,43.73296308437554],[-79.49745610344044,43.73625774511887]]]},"properties":{"cell_id":"882b9bc03bfffff","hex_id":"882b9bc03bfffff","lat":43.731556,"lng":-79.49899,"resolution":8,"neighbourhood":"Black Creek"}},{"type":"Feature","geometry":{"type":"Polygon","coordinates":[[[-79.44618509911616,43.81713625886358],[-79.45285637710815,43.81573065626334],[-79.45439777507542,43.811025714054075],[-79.44926905937545,43.80772661265824],[-79.4425988311011,43.80913187701977],[-79.4410562689122,43.81383658096982],[-79.44618509911616,43.81713625886358]]]},"properties":{"cell_id":"882b9bc26bfffff","hex_id":"882b9bc26bfffff","lat":43.812431,"lng":-79.447727,"resolution":8,"neighbourhood":"North Toronto"}},{"type":"Feature","geometry":{"type":"Polygon","coordinates":[[[-79.6246414126841,43.63051385332604],[-79.63127930023717,43.629101053097294],[-79.63279589290377,43.62440323848757],[-79.62767575609315,43.62111845801432],[-79.62103890498527,43.62253091755856],[-79.61952115434342,43.62722849821449],[-79.6246414126841,43.63051385332604]]]},"properties":{"cell_id":"882b9bcd5bfffff","hex_id":"882b9bcd5bfffff","lat":43.625816,"lng":-79.626159,"resolution":8,"neighbourhood":"Etobicoke"}},{"type":"Feature","geometry":{"type":"Polygon","coordinates":[[[-79.30955354657297,43.854582002238395],[-79.31623497276857,43.8531836977135],[-79.3177918679767,43.84847859221078],[-79.31266850068427,43.84517203243583],[-79.30598812954612,43.84657000111376],[-79.30443007074727,43.851274865367834],[-79.30955354657297,43.854582002238395]]]},"properties":{"cell_id":"882b9bd769fffff","hex_id":"882b9bd769fffff","lat":43.849877,"lng":-79.311111,"resolution":8,"neighbourhood":"North Toronto"}},{"type":"Feature","geometry":{"type":"Polygon","coordinates":[[[-79.3611126574821,43.773729816336946],[-79.36778048260202,43.77232983915573],[-79.36932925869492,43.76762809199973],[-79.36421137019943,43.76432656190161],[-79.35754459504264,43.76572620264344],[-79.35599465852167,43.770427709877],[-79.3611126574821,43.773729816336946]]]},"properties":{"cell_id":"882b9bd539fffff","hex_id":"882b9bd539fffff","lat":43.769028,"lng":-79.362662,"resolution":8,"neighbourhood":"York Mills"}},{"type":"Feature","geometry":{"type":"Polygon","coordinates":[[[-79.46516695144624,43.835039772651356],[-79.47184020217045,43.83363277960491],[-79.47338022911738,43.828926719925825],[-79.46824817093179,43.82562789115858],[-79.46157597024744,43.82703454552639],[-79.46003477781191,43.83174036729401],[-79.46516695144624,43.835039772651356]]]},"properties":{"cell_id":"882b9bd1bbfffff","hex_id":"882b9bd1bbfffff","lat":43.830334,"lng":-79.466708,"resolution":8,"neighbourhood":"North Toronto"}},{"type":"Feature","geometry":{"type":"Polygon","coordinates":[[[-79.34140211309274,43.852292210556755],[-79.34808212193384,43.85089209849457],[-79.34963562313621,43.84618671024201],[-79.34451027967184,43.84288167457707],[-79.33783132494274,43.844281450203496],[-79.3362766596701,43.848986597884775],[-79.34140211309274,43.852292210556755]]]},"properties":{"cell_id":"882b9bd0d9fffff","hex_id":"882b9bd0d9fffff","lat":43.847587,"lng":-79.342956,"resolution":8,"neighbourhood":"North Toronto"}},{"type":"Feature","geometry":{"type":"Polygon","coordinates":[[[-79.18562637429781,43.79728847720643],[-79.19230357421439,43.795898271169534],[-79.19387139332323,43.79119754761479],[-79.18876317095449,43.787887273731315],[-79.1820870266874,43.78927714652339],[-79.18051804924438,43.7939776263983],[-79.18562637429781,43.79728847720643]]]},"properties":{"cell_id":"882b9bd61bfffff","hex_id":"882b9bd61bfffff","lat":43.792588,"lng":-79.187195,"resolution":8,"neighbourhood":"Malvern"}},{"type":"Feature","geometry":{"type":"Polygon","coordinates":[[[-79.49644234132398,43.75836151801972],[-79.5031032936931,43.75695397738038],[-79.50463747931042,43.75225133504978],[-79.4995118748073,43.74895647033978],[-79.49285196812066,43.75036367207662],[-79.49131662035701,43.755066077379944],[-79.49644234132398,43.75836151801972]]]},"properties":{"cell_id":"882b9bc001fffff","hex_id":"882b9bc001fffff","lat":43.753659,"lng":-79.497977,"resolution":8,"neighbourhood":"Etobicoke North"}},{"type":"Feature","geometry":{"type":"Polygon","coordinates":[[[-79.54557969334613,43.7216979076788],[-79.55223359915395,43.72028813893849],[-79.55376144501524,43.71558672383379],[-79.54863654634748,43.712295313307735],[-79.54198368323937,43.71370474240143],[-79.54045467620108,43.71840592162175],[-79.54557969334613,43.7216979076788]]]},"properties":{"cell_id":"882b9bc189fffff","hex_id":"882b9bc189fffff","lat":43.716997,"lng":-79.547108,"resolution":8,"neighbourhood":"Rexdale"}},{"type":"Feature","geometry":{"type":"Polygon","coordinates":[[[-79.45184748977904,43.78090814672927],[-79.45851326942133,43.77950281016048],[-79.46005285346716,43.77479959271576],[-79.45492782044913,43.77150194982715],[-79.44826308870618,43.772906948221525],[-79.44672234218474,43.77760992763296],[-79.45184748977904,43.78090814672927]]]},"properties":{"cell_id":"882b9bc231fffff","hex_id":"882b9bc231fffff","lat":43.776205,"lng":-79.453388,"resolution":8,"neighbourhood":"North York"}},{"type":"Feature","geometry":{"type":"Polygon","coordinates":[[[-79.38289102645656,43.651056998649246],[-79.38954019543455,43.649657768716956],[-79.3910825541214,43.6449618527118],[-79.38597689853572,43.641665405693196],[-79.37932877331579,43.64306429935239],[-79.37778526002589,43.647759976257625],[-79.38289102645656,43.651056998649246]]]},"properties":{"cell_id":"882b9bc461fffff","hex_id":"882b9bc461fffff","lat":43.646361,"lng":-79.384434,"resolution":8,"neighbourhood":"Financial District"}},{"type":"Feature","geometry":{"type":"Polygon","coordinates":[[[-79.5792660499754,43.67516237106336],[-79.58591200681774,43.67375143502214],[-79.58743479681684,43.66905193292912],[-79.58231278949674,43.66576360187046],[-79.57566787233537,43.66717419785828],[-79.57414392291436,43.67187346491211],[-79.5792660499754,43.67516237106336]]]},"properties":{"cell_id":"882b9bcf51fffff","hex_id":"882b9bcf51fffff","lat":43.670463,"lng":-79.58079,"resolution":8,"neighbourhood":"Etobicoke"}},{"type":"Feature","geometry":{"type":"Polygon","coordinates":[[[-79.4641352707334,43.85716628344351],[-79.47081180142534,43.85575898807596],[-79.47235268422456,43.85105184790653],[-79.46721820303812,43.84775224105669],[-79.46054272343464,43.849159197660825],[-79.45900067403238,43.85386609983213],[-79.4641352707334,43.85716628344351]]]},"properties":{"cell_id":"882b9bd181fffff","hex_id":"882b9bd181fffff","lat":43.852459,"lng":-79.465677,"resolution":8,"neighbourhood":"North Toronto"}},{"type":"Feature","geometry":{"type":"Polygon","coordinates":[[[-79.35041221083354,43.74972061139431],[-79.35707688688879,43.74832164321808],[-79.35862595928131,43.74362121875192],[-79.35351151472884,43.74032000249227],[-79.34684788781213,43.74171863454225],[-79.3452976564127,43.746418818932426],[-79.35041221083354,43.74972061139431]]]},"properties":{"cell_id":"882b9bd5e1fffff","hex_id":"882b9bd5e1fffff","lat":43.74502,"lng":-79.351962,"resolution":8,"neighbourhood":"Don Mills"}},{"type":"Feature","geometry":{"type":"Polygon","coordinates":[[[-79.2831020068361,43.67200218117351],[-79.28975760660595,43.670608362286046],[-79.29131102176852,43.66591263487786],[-79.28620999107517,43.66261096756807],[-79.27955543863256,43.66400445195581],[-79.27800086965932,43.6686999381076],[-79.2831020068361,43.67200218117351]]]},"properties":{"cell_id":"882b9bc657fffff","hex_id":"882b9bc657fffff","lat":43.667306,"lng":-79.284656,"resolution":8,"neighbourhood":"The Beaches"}},{"type":"Feature","geometry":{"type":"Polygon","coordinates":[[[-79.60016464433305,43.64884474579393],[-79.60680604613985,43.64743304621313],[-79.60832578897538,43.64273460756625],[-79.60320528856852,43.63944810297669],[-79.59656492468973,43.64085946224051],[-79.59504402339067,43.645557666364816],[-79.60016464433305,43.64884474579393]]]},"properties":{"cell_id":"882b9bcf17fffff","hex_id":"882b9bcf17fffff","lat":43.644146,"lng":-79.601685,"resolution":8,"neighbourhood":"Etobicoke"}},{"type":"Feature","geometry":{"type":"Polygon","coordinates":[[[-79.6326185992046,43.72073672020863],[-79.63926935442464,43.71932195304425],[-79.64078811906266,43.71461954118977],[-79.63565729129182,43.71133213049847],[-79.62900757641283,43.71274655639934],[-79.62748764906476,43.7174487342088],[-79.6326185992046,43.72073672020863]]]},"properties":{"cell_id":"882b9bca83fffff","hex_id":"882b9bca83fffff","lat":43.716034,"lng":-79.634138,"resolution":8,"neighbourhood":"Etobicoke"}},{"type":"Feature","geometry":{"type":"Polygon","coordinates":[[[-79.37147959024205,43.723422268180535],[-79.37813970660059,43.72202251228536],[-79.3796856983654,43.71732313374595],[-79.37457273193608,43.71402375061076],[-79.36791366295301,43.715423170107414],[-79.36636651312679,43.72012230909205],[-79.37147959024205,43.723422268180535]]]},"properties":{"cell_id":"882b9bd5a7fffff","hex_id":"882b9bd5a7fffff","lat":43.718723,"lng":-79.373026,"resolution":8,"neighbourhood":"Central Toronto"}},{"type":"Feature","geometry":{"type":"Polygon","coordinates":[[[-79.33478624613903,43.665537551536275],[-79.34143915726631,43.66414085719397],[-79.34298699404177,43.6594448115424],[-79.33788307423814,43.65614570034042],[-79.33123120879155,43.65754205924315],[-79.3296822175708,43.66223786474186],[-79.33478624613903,43.665537551536275]]]},"properties":{"cell_id":"882b9bc623fffff","hex_id":"882b9bc623fffff","lat":43.660842,"lng":-79.336335,"resolution":8,"neighbourhood":"Riverside"}},{"type":"Feature","geometry":{"type":"Polygon","coordinates":[[[-79.25765019478398,43.86105033595844],[-79.26433432695907,43.859654934642215],[-79.2658968466659,43.85495015828814],[-79.26077639724751,43.85164102556462],[-79.25409332179484,43.85303609198202],[-79.25252963914288,43.85774062597606],[-79.25765019478398,43.86105033595844]]]},"properties":{"cell_id":"882b986dbdfffff","hex_id":"882b986dbdfffff","lat":43.856346,"lng":-79.259213,"resolution":8,"neighbourhood":"North Toronto"}},{"type":"Feature","geometry":{"type":"Polygon","coordinates":[[[-79.5373957120675,43.72780892618715],[-79.54405079199971,43.726399527975836],[-79.54557969334613,43.7216979076788],[-79.54045467620108,43.71840592162175],[-79.5338006394653,43.719814980310176],[-79.53227057678,43.724516364532484],[-79.5373957120675,43.72780892618715]]]},"properties":{"cell_id":"882b9bc1c3fffff","hex_id":"882b9bc1c3fffff","lat":43.723107,"lng":-79.538925,"resolution":8,"neighbourhood":"Rexdale"}},{"type":"Feature","geometry":{"type":"Polygon","coordinates":[[[-79.57011826183503,43.70336386249272],[-79.57676864599887,43.701952984134614],[-79.57829332814076,43.69725218617559],[-79.57316878691073,43.693962501842336],[-79.5665194439574,43.69537304018337],[-79.56499360112507,43.70007360282863],[-79.57011826183503,43.70336386249272]]]},"properties":{"cell_id":"882b9bc1bdfffff","hex_id":"882b9bc1bdfffff","lat":43.698663,"lng":-79.571644,"resolution":8,"neighbourhood":"Etobicoke"}},{"type":"Feature","geometry":{"type":"Polygon","coordinates":[[[-79.29131102176852,43.66591263487786],[-79.29796545633714,43.66451844144622],[-79.29951781327568,43.659822915375784],[-79.29441688940449,43.65652182375746],[-79.28776350166943,43.65791568256358],[-79.28620999107517,43.66261096756807],[-79.29131102176852,43.66591263487786]]]},"properties":{"cell_id":"882b9bc61dfffff","hex_id":"882b9bc61dfffff","lat":43.661217,"lng":-79.292864,"resolution":8,"neighbourhood":"Central Toronto"}},{"type":"Feature","geometry":{"type":"Polygon","coordinates":[[[-79.37897169809945,43.81375605140385],[-79.38564477716149,43.81235439045844],[-79.3871930559015,43.80765044129794],[-79.38206941848489,43.804348392702494],[-79.37539739076172,43.805749716685966],[-79.37384794921986,43.810453426180956],[-79.37897169809945,43.81375605140385]]]},"properties":{"cell_id":"882b9bd56dfffff","hex_id":"882b9bd56dfffff","lat":43.809052,"lng":-79.380521,"resolution":8,"neighbourhood":"North Toronto"}},{"type":"Feature","geometry":{"type":"Polygon","coordinates":[[[-79.11965209201372,43.77164551040037],[-79.12632773883588,43.77025953423103],[-79.12790152569305,43.765560913642425],[-79.12280082161338,43.762248514162195],[-79.11612623096852,43.76363415845125],[-79.11455128833111,43.76833253405551],[-79.11965209201372,43.77164551040037]]]},"properties":{"cell_id":"882b9b99e9fffff","hex_id":"882b9b99e9fffff","lat":43.766947,"lng":-79.121227,"resolution":8,"neighbourhood":"East Scarborough"}},{"type":"Feature","geometry":{"type":"Polygon","coordinates":[[[-79.36683747649619,43.73752165229927],[-79.37349981106996,43.736121934313395],[-79.37504676305,43.73142191262806],[-79.36993253925121,43.72812184857722],[-79.36327125282304,43.72952123018565],[-79.36172314215116,43.73422101217665],[-79.36683747649619,43.73752165229927]]]},"properties":{"cell_id":"882b9bd5adfffff","hex_id":"882b9bd5adfffff","lat":43.732822,"lng":-79.368385,"resolution":8,"neighbourhood":"North York"}},{"type":"Feature","geometry":{"type":"Polygon","coordinates":[[[-79.5501644981947,43.70759433935105],[-79.5568161877964,43.70618454018019],[-79.55834308490836,43.70148377174854],[-79.55321945306261,43.69819303818844],[-79.54656880539412,43.69960249769407],[-79.5450407477398,43.704303030378966],[-79.5501644981947,43.70759433935105]]]},"properties":{"cell_id":"882b9bc183fffff","hex_id":"882b9bc183fffff","lat":43.702894,"lng":-79.551692,"resolution":8,"neighbourhood":"Etobicoke"}},{"type":"Feature","geometry":{"type":"Polygon","coordinates":[[[-79.59560131909036,43.66294133338109],[-79.60224493125067,43.66152966103801],[-79.60376561737289,43.65683057300731],[-79.59864385053285,43.65354339193311],[-79.59200127706328,43.654954723976935],[-79.59047943184403,43.65965357734814],[-79.59560131909036,43.66294133338109]]]},"properties":{"cell_id":"882b9bcf1dfffff","hex_id":"882b9bcf1dfffff","lat":43.658242,"lng":-79.597123,"resolution":8,"neighbourhood":"Etobicoke"}},{"type":"Feature","geometry":{"type":"Polygon","coordinates":[[[-79.27843762139243,43.6860906096895],[-79.2850954345735,43.68469683119597],[-79.28664981310571,43.68000046050402],[-79.28154753299684,43.67669810965673],[-79.2748907679119,43.67809155367257],[-79.27333523494312,43.68278768296791],[-79.27843762139243,43.6860906096895]]]},"properties":{"cell_id":"882b9bc65dfffff","hex_id":"882b9bc65dfffff","lat":43.681394,"lng":-79.279993,"resolution":8,"neighbourhood":"The Beaches"}},{"type":"Feature","geometry":{"type":"Polygon","coordinates":[[[-79.39927186008923,43.63886653847646],[-79.40591869614825,43.637466565075606],[-79.40745894492933,43.63277105653189],[-79.40235351204207,43.629475760063116],[-79.39570771875428,43.63087539694155],[-79.39416631568479,43.6355706667655],[-79.39927186008923,43.63886653847646]]]},"properties":{"cell_id":"882b9bc42dfffff","hex_id":"882b9bc42dfffff","lat":43.634171,"lng":-79.400813,"resolution":8,"neighbourhood":"South Toronto"}},{"type":"Feature","geometry":{"type":"Polygon","coordinates":[[[-79.34606387937713,43.83817672598791],[-79.35274165873881,43.83677657263812],[-79.354294193335,43.8320718234058],[-79.34917011210928,43.828767467908484],[-79.34249338608325,43.83016728480065],[-79.34093968805128,43.83487179360192],[-79.34606387937713,43.83817672598791]]]},"properties":{"cell_id":"882b9bd0d3fffff","hex_id":"882b9bd0d3fffff","lat":43.833472,"lng":-79.347617,"resolution":8,"neighbourhood":"North Toronto"}},{"type":"Feature","geometry":{"type":"Polygon","coordinates":[[[-79.36576024523455,43.75962525551847],[-79.37242584859843,43.75822523945623],[-79.37397366260376,43.75352413418701],[-79.36885703314479,43.75022328471701],[-79.36219247897202,43.75162296431861],[-79.3606435051704,43.75632382980508],[-79.36576024523455,43.75962525551847]]]},"properties":{"cell_id":"882b9bd533fffff","hex_id":"882b9bd533fffff","lat":43.754924,"lng":-79.367309,"resolution":8,"neighbourhood":"York Mills"}},{"type":"Feature","geometry":{"type":"Polygon","coordinates":[[[-79.31422549314203,43.840467366625695],[-79.3209046895632,43.83906901948775],[-79.32246061613796,43.834364552386546],[-79.31733850935274,43.83105867348558],[-79.31066036721202,43.83245668475424],[-79.30910327768028,43.837160910747386],[-79.31422549314203,43.840467366625695]]]},"properties":{"cell_id":"882b9bd763fffff","hex_id":"882b9bd763fffff","lat":43.835763,"lng":-79.315782,"resolution":8,"neighbourhood":"North Toronto"}},{"type":"Feature","geometry":{"type":"Polygon","coordinates":[[[-79.55800778531255,43.79789708632482],[-79.56467239879223,43.79648533999641],[-79.5662015064491,43.79177999119618],[-79.56106716602297,43.78848662452152],[-79.55440359840512,43.78989803061011],[-79.55287332545375,43.794603143566974],[-79.55800778531255,43.79789708632482]]]},"properties":{"cell_id":"882b9bc149fffff","hex_id":"882b9bc149fffff","lat":43.793192,"lng":-79.559538,"resolution":8,"neighbourhood":"Etobicoke North"}},{"type":"Feature","geometry":{"type":"Polygon","coordinates":[[[-79.53938117934375,43.68362044426706],[-79.54602974395526,43.68221166377704],[-79.54755695883352,43.67751221974518],[-79.54243676832807,43.674221792061665],[-79.53578924484043,43.67563023320127],[-79.5342608708359,43.68032944132884],[-79.53938117934375,43.68362044426706]]]},"properties":{"cell_id":"882b9bce69fffff","hex_id":"882b9bce69fffff","lat":43.678921,"lng":-79.540909,"resolution":8,"neighbourhood":"Etobicoke"}},{"type":"Feature","geometry":{"type":"Polygon","coordinates":[[[-79.6187216427898,43.859542064663295],[-79.6253931804846,43.85812579186645],[-79.6269180275042,43.85341666153803],[-79.62177250649583,43.85012403869775],[-79.61510201587431,43.851539969828806],[-79.61357599929,43.85624886541953],[-79.6187216427898,43.859542064663295]]]},"properties":{"cell_id":"882b9bd817fffff","hex_id":"882b9bd817fffff","lat":43.854833,"lng":-79.620247,"resolution":8,"neighbourhood":"NW Toronto"}},{"type":"Feature","geometry":{"type":"Polygon","coordinates":[[[-79.35862595928131,43.74362121875192],[-79.3652894645376,43.7422218755066],[-79.36683747649619,43.73752165229927],[-79.36172314215116,43.73422101217665],[-79.35506068553687,43.73562001917006],[-79.35351151472884,43.74032000249227],[-79.35862595928131,43.74362121875192]]]},"properties":{"cell_id":"882b9bd5e7fffff","hex_id":"882b9bd5e7fffff","lat":43.738921,"lng":-79.360175,"resolution":8,"neighbourhood":"North York"}},{"type":"Feature","geometry":{"type":"Polygon","coordinates":[[[-79.47235268422456,43.85105184790653],[-79.47902803585043,43.849644177187805],[-79.48056785559886,43.844937238554],[-79.47543349026617,43.84163820839955],[-79.46875918922814,43.84304554022963],[-79.46721820303812,43.84775224105669],[-79.47235268422456,43.85105184790653]]]},"properties":{"cell_id":"882b9bd187fffff","hex_id":"882b9bd187fffff","lat":43.846345,"lng":-79.473893,"resolution":8,"neighbourhood":"North Toronto"}},{"type":"Feature","geometry":{"type":"Polygon","coordinates":[[[-79.58743479681684,43.66905193292912],[-79.59407958125708,43.6676406285732],[-79.59560131909036,43.66294133338109],[-79.59047943184403,43.65965357734814],[-79.58383568658955,43.66106454152766],[-79.58231278949674,43.66576360187046],[-79.58743479681684,43.66905193292912]]]},"properties":{"cell_id":"882b9bcf57fffff","hex_id":"882b9bcf57fffff","lat":43.664353,"lng":-79.588957,"resolution":8,"neighbourhood":"Etobicoke"}},{"type":"Feature","geometry":{"type":"Polygon","coordinates":[[[-79.354294193335,43.8320718234058],[-79.36097079744607,43.83067129266254],[-79.36252226739131,43.82596674305165],[-79.35739829660687,43.822662964377784],[-79.35072274533202,43.82406315853719],[-79.34917011210928,43.828767467908484],[-79.354294193335,43.8320718234058]]]},"properties":{"cell_id":"882b9bd099fffff","hex_id":"882b9bd099fffff","lat":43.827367,"lng":-79.355846,"resolution":8,"neighbourhood":"North Toronto"}},{"type":"Feature","geometry":{"type":"Polygon","coordinates":[[[-79.3910825541214,43.6449618527118],[-79.3977305565816,43.6435622508817],[-79.39927186008923,43.63886653847646],[-79.39416631568479,43.6355706667655],[-79.38751935648915,43.63696993219779],[-79.38597689853572,43.641665405693196],[-79.3910825541214,43.6449618527118]]]},"properties":{"cell_id":"882b9bc467fffff","hex_id":"882b9bc467fffff","lat":43.640266,"lng":-79.392625,"resolution":8,"neighbourhood":"Downtown Core"}},{"type":"Feature","geometry":{"type":"Polygon","coordinates":[[[-79.46005285346716,43.77479959271576],[-79.46671745827899,43.77339388245553],[-79.46825598256879,43.768690867651955],[-79.4631310644648,43.765393800905066],[-79.45646750705424,43.76679917286601],[-79.45492782044913,43.77150194982715],[-79.46005285346716,43.77479959271576]]]},"properties":{"cell_id":"882b9bc237fffff","hex_id":"882b9bc237fffff","lat":43.770097,"lng":-79.461592,"resolution":8,"neighbourhood":"North York"}},{"type":"Feature","geometry":{"type":"Polygon","coordinates":[[[-79.50463747931042,43.75225133504978],[-79.51129725695073,43.75084342223882],[-79.51283038480072,43.746140983790724],[-79.50770489709778,43.74284669494417],[-79.50104616464242,43.74425426872829],[-79.4995118748073,43.74895647033978],[-79.50463747931042,43.75225133504978]]]},"properties":{"cell_id":"882b9bc007fffff","hex_id":"882b9bc007fffff","lat":43.747549,"lng":-79.506171,"resolution":8,"neighbourhood":"Etobicoke North"}},{"type":"Feature","geometry":{"type":"Polygon","coordinates":[[[-79.32246061613796,43.834364552386546],[-79.32913863795811,43.83296582711845],[-79.33069349910784,43.828261558991024],[-79.32557150134102,43.82495625700243],[-79.31889453330197,43.82635464627466],[-79.31733850935274,43.83105867348558],[-79.32246061613796,43.834364552386546]]]},"properties":{"cell_id":"882b9bd729fffff","hex_id":"882b9bd729fffff","lat":43.82966,"lng":-79.324016,"resolution":8,"neighbourhood":"North Toronto"}},{"type":"Feature","geometry":{"type":"Polygon","coordinates":[[[-79.1384537812236,43.86397334021537],[-79.14514234819443,43.86258480414454],[-79.14671737165449,43.857881387064694],[-79.14160498908409,43.854566750883144],[-79.13491748209141,43.85595495429391],[-79.13334129779662,43.860658126500795],[-79.1384537812236,43.86397334021537]]]},"properties":{"cell_id":"882b986cd5fffff","hex_id":"882b986cd5fffff","lat":43.85927,"lng":-79.14003,"resolution":8,"neighbourhood":"East Scarborough"}},{"type":"Feature","geometry":{"type":"Polygon","coordinates":[[[-79.13495888677329,43.78158372230513],[-79.14163547945662,43.78019670128508],[-79.14320802017986,43.775497394863535],[-79.1381051249003,43.77218535411085],[-79.13142958845751,43.77357204291558],[-79.12985589115877,43.778271104642975],[-79.13495888677329,43.78158372230513]]]},"properties":{"cell_id":"882b9b993bfffff","hex_id":"882b9b993bfffff","lat":43.776884,"lng":-79.136532,"resolution":8,"neighbourhood":"East Scarborough"}},{"type":"Feature","geometry":{"type":"Polygon","coordinates":[[[-79.24812013298923,43.81488826164362],[-79.25479781254019,43.81349415455952],[-79.2563597405265,43.80879177583685],[-79.25124514947628,43.80548374657384],[-79.24456852475686,43.80687751915275],[-79.24300543636063,43.811579655454224],[-79.24812013298923,43.81488826164362]]]},"properties":{"cell_id":"882b9bd621fffff","hex_id":"882b9bd621fffff","lat":43.810186,"lng":-79.249683,"resolution":8,"neighbourhood":"East Scarborough"}},{"type":"Feature","geometry":{"type":"Polygon","coordinates":[[[-79.45137251640632,43.706601354022936],[-79.45802745279356,43.70519726500754],[-79.45956457934983,43.70049774377282],[-79.4544479283037,43.69720254933234],[-79.44779403641706,43.69860630053209],[-79.44625575117828,43.70330558394211],[-79.45137251640632,43.706601354022936]]]},"properties":{"cell_id":"882b9bc0d5fffff","hex_id":"882b9bc0d5fffff","lat":43.701902,"lng":-79.45291,"resolution":8,"neighbourhood":"York"}},{"type":"Feature","geometry":{"type":"Polygon","coordinates":[[[-79.53341319691768,43.81624736084997],[-79.54008134582304,43.814836732044064],[-79.54161363112759,43.81013077174393],[-79.53647893341243,43.80683567661955],[-79.5298118318672,43.80824596555823],[-79.5282783807795,43.812951689442336],[-79.53341319691768,43.81624736084997]]]},"properties":{"cell_id":"882b9bc305fffff","hex_id":"882b9bc305fffff","lat":43.811541,"lng":-79.534946,"resolution":8,"neighbourhood":"NW Toronto"}},{"type":"Feature","geometry":{"type":"Polygon","coordinates":[[[-79.47083017954415,43.6281428923922],[-79.4774730140624,43.62673897653842],[-79.47900548300451,43.62204313096028],[-79.47389627259,43.618751438374794],[-79.46725447847389,43.62015501641953],[-79.46572085447181,43.62485062481302],[-79.47083017954415,43.6281428923922]]]},"properties":{"cell_id":"882b9bc535fffff","hex_id":"882b9bc535fffff","lat":43.623447,"lng":-79.472363,"resolution":8,"neighbourhood":"Mimico"}},{"type":"Feature","geometry":{"type":"Polygon","coordinates":[[[-79.41963290914083,43.708916935961575],[-79.42628926751819,43.70751463919351],[-79.42782976821665,43.70281539056173],[-79.42271506885567,43.699518677151495],[-79.41605975592144,43.70092063668688],[-79.41451809700764,43.705619646819386],[-79.41963290914083,43.708916935961575]]]},"properties":{"cell_id":"882b9bc765fffff","hex_id":"882b9bc765fffff","lat":43.704218,"lng":-79.421174,"resolution":8,"neighbourhood":"Central Toronto"}},{"type":"Feature","geometry":{"type":"Polygon","coordinates":[[[-79.26087938805094,43.72036442585261],[-79.26754279932862,43.7189711058079],[-79.26910016816032,43.71427325007243],[-79.26399528166274,43.71096895620431],[-79.25733292051649,43.71236194194208],[-79.25577439584013,43.717059555809385],[-79.26087938805094,43.72036442585261]]]},"properties":{"cell_id":"882b9bd485fffff","hex_id":"882b9bd485fffff","lat":43.715667,"lng":-79.262437,"resolution":8,"neighbourhood":"Cliffside"}},{"type":"Feature","geometry":{"type":"Polygon","coordinates":[[[-79.48363510726041,43.77858132362617],[-79.49029945639856,43.777174189558],[-79.49183565511655,43.772470699798504],[-79.48670866774172,43.76917458141758],[-79.48004536555412,43.77058137672732],[-79.47850800389341,43.775284629130375],[-79.48363510726041,43.77858132362617]]]},"properties":{"cell_id":"882b9bc041fffff","hex_id":"882b9bc041fffff","lat":43.773878,"lng":-79.485172,"resolution":8,"neighbourhood":"Jane & Finch"}},{"type":"Feature","geometry":{"type":"Polygon","coordinates":[[[-79.21620036782083,43.74281128037742],[-79.22286856388985,43.741420180096426],[-79.224431337452,43.73672176935767],[-79.21932707119348,43.7334147017276],[-79.21265992745663,43.734805468438815],[-79.21109599775036,43.73950363630444],[-79.21620036782083,43.74281128037742]]]},"properties":{"cell_id":"882b9bd6b5fffff","hex_id":"882b9bd6b5fffff","lat":43.738113,"lng":-79.217764,"resolution":8,"neighbourhood":"Scarborough"}},{"type":"Feature","geometry":{"type":"Polygon","coordinates":[[[-79.63511216948307,43.8472910907439],[-79.6417813415741,43.845874074081124],[-79.64330406931175,43.84116535287389],[-79.63815879429413,43.83787388263863],[-79.63149066827367,43.8392905573882],[-79.62996677130221,43.84399904423982],[-79.63511216948307,43.8472910907439]]]},"properties":{"cell_id":"882b9bd8e5fffff","hex_id":"882b9bd8e5fffff","lat":43.842582,"lng":-79.636636,"resolution":8,"neighbourhood":"NW Toronto"}},{"type":"Feature","geometry":{"type":"Polygon","coordinates":[[[-79.12784860384949,43.83991982455014],[-79.13453399172931,43.8385322861482],[-79.1361092861656,43.83383018907392],[-79.13100035223425,43.83051587537801],[-79.12431602348931,43.831903081431086],[-79.12273956964637,43.83660493348352],[-79.12784860384949,43.83991982455014]]]},"properties":{"cell_id":"882b986c9bfffff","hex_id":"882b986c9bfffff","lat":43.835218,"lng":-79.129425,"resolution":8,"neighbourhood":"Rouge"}},{"type":"Feature","geometry":{"type":"Polygon","coordinates":[[[-79.54783125479707,43.84825833373943],[-79.55450359586568,43.84684634441235],[-79.55603545558675,43.84213862617861],[-79.55089614203013,43.83884313343012],[-79.54422484941088,43.840254782468975],[-79.54269182200146,43.8449622644983],[-79.54783125479707,43.84825833373943]]]},"properties":{"cell_id":"882b9bdabbfffff","hex_id":"882b9bdabbfffff","lat":43.843551,"lng":-79.549364,"resolution":8,"neighbourhood":"NW Toronto"}},{"type":"Feature","geometry":{"type":"Polygon","coordinates":[[[-79.59244221845698,43.8256582909396],[-79.59910970397979,43.82424409722519],[-79.60063615567844,43.81953695850396],[-79.59549628930213,43.816244248646875],[-79.58882984999774,43.817658101346936],[-79.58730223095337,43.82236500487214],[-79.59244221845698,43.8256582909396]]]},"properties":{"cell_id":"882b9bd88bfffff","hex_id":"882b9bd88bfffff","lat":43.820951,"lng":-79.593969,"resolution":8,"neighbourhood":"NW Toronto"}},{"type":"Feature","geometry":{"type":"Polygon","coordinates":[[[-79.17266828556953,43.81748321268443],[-79.17934888127061,43.81609343408858],[-79.18091874223823,43.81139187627559],[-79.17580916672608,43.80808034102616],[-79.16912962794912,43.809469786528815],[-79.16755860786523,43.81417110032864],[-79.17266828556953,43.81748321268443]]]},"properties":{"cell_id":"882b9bd65bfffff","hex_id":"882b9bd65bfffff","lat":43.812782,"lng":-79.174239,"resolution":8,"neighbourhood":"Rouge"}},{"type":"Feature","geometry":{"type":"Polygon","coordinates":[[[-79.29396687290054,43.77030055766454],[-79.30063647221895,43.76890451744165],[-79.30219210985692,43.764203772496835],[-79.29707930728077,43.760899309053066],[-79.29041075953087,43.76229501411444],[-79.28885396289249,43.76699551773546],[-79.29396687290054,43.77030055766454]]]},"properties":{"cell_id":"882b9bd42bfffff","hex_id":"882b9bd42bfffff","lat":43.7656,"lng":-79.295523,"resolution":8,"neighbourhood":"Wexford"}},{"type":"Feature","geometry":{"type":"Polygon","coordinates":[[[-79.13376789062178,43.80369641916239],[-79.14044776495298,43.802309114436724],[-79.14202119254864,43.797608730032835],[-79.1369159035946,43.79429589509609],[-79.1302370865608,43.79568286752731],[-79.12866250128889,43.800383007144376],[-79.13376789062178,43.80369641916239]]]},"properties":{"cell_id":"882b9b9901fffff","hex_id":"882b9b9901fffff","lat":43.798996,"lng":-79.135342,"resolution":8,"neighbourhood":"East Scarborough"}},{"type":"Feature","geometry":{"type":"Polygon","coordinates":[[[-79.2008233690567,43.65861354113362],[-79.20747977870681,43.6572246863619],[-79.20904126390052,43.65253065280066],[-79.2039474911419,43.649225716905406],[-79.1972921303444,43.65061423878672],[-79.19572949355668,43.65530802940839],[-79.2008233690567,43.65861354113362]]]},"properties":{"cell_id":"882b9b8957fffff","hex_id":"882b9b8957fffff","lat":43.65392,"lng":-79.202386,"resolution":8,"neighbourhood":"East Scarborough"}},{"type":"Feature","geometry":{"type":"Polygon","coordinates":[[[-79.44064082032149,43.68261783031811],[-79.44729262402248,43.68121475443594],[-79.44883005666775,43.676516558268446],[-79.44371684298129,43.6732216759171],[-79.43706608296549,43.67462441429729],[-79.43552749305319,43.679322372485004],[-79.44064082032149,43.68261783031811]]]},"properties":{"cell_id":"882b9bc09bfffff","hex_id":"882b9bc09bfffff","lat":43.67792,"lng":-79.442179,"resolution":8,"neighbourhood":"Central Toronto"}},{"type":"Feature","geometry":{"type":"Polygon","coordinates":[[[-79.38932792197667,43.76342594713386],[-79.39599327932223,43.76202450768014],[-79.39753877278815,43.7573229235722],[-79.39242006943911,43.75402301817038],[-79.38575576083916,43.75542412070347],[-79.38420910694579,43.760125465513205],[-79.38932792197667,43.76342594713386]]]},"properties":{"cell_id":"882b9bc2cbfffff","hex_id":"882b9bc2cbfffff","lat":43.758724,"lng":-79.390874,"resolution":8,"neighbourhood":"North York Centre"}},{"type":"Feature","geometry":{"type":"Polygon","coordinates":[[[-79.40891718875262,43.684929676842835],[-79.41557041161822,43.68352839145939],[-79.41711121468799,43.67883046798959],[-79.41199995179448,43.67553406851115],[-79.40534777355452,43.67693501697526],[-79.40380581368491,43.68163270179142],[-79.40891718875262,43.684929676842835]]]},"properties":{"cell_id":"882b9bc72bfffff","hex_id":"882b9bc72bfffff","lat":43.680232,"lng":-79.410459,"resolution":8,"neighbourhood":"Midtown"}},{"type":"Feature","geometry":{"type":"Polygon","coordinates":[[[-79.37718984346645,43.68723284178334],[-79.38384448170346,43.68583334793313],[-79.38538865503247,43.68113569915127],[-79.38027934655754,43.677837783501154],[-79.37362575388502,43.67923694101538],[-79.37208042422566,43.68393435047003],[-79.37718984346645,43.68723284178334]]]},"properties":{"cell_id":"882b9bc70bfffff","hex_id":"882b9bc70bfffff","lat":43.682535,"lng":-79.378735,"resolution":8,"neighbourhood":"Central Toronto"}},{"type":"Feature","geometry":{"type":"Polygon","coordinates":[[[-79.24925584716979,43.79277238710462],[-79.25593024664788,43.79137857029031],[-79.257491298749,43.78667727078605],[-79.25237911078132,43.7833700303811],[-79.24570576508123,43.784763512771306],[-79.24414355367517,43.78946456994499],[-79.24925584716979,43.79277238710462]]]},"properties":{"cell_id":"882b9bd44bfffff","hex_id":"882b9bd44bfffff","lat":43.788071,"lng":-79.250818,"resolution":8,"neighbourhood":"Scarborough Town"}},{"type":"Feature","geometry":{"type":"Polygon","coordinates":[[[-79.4339380008382,43.740907587214146],[-79.44059854371504,43.73950394047004],[-79.4421386387826,43.73480292668353],[-79.43701935118219,43.73150579788797],[-79.43035985483942,43.73290910698119],[-79.42881859966563,43.73760988247499],[-79.4339380008382,43.740907587214146]]]},"properties":{"cell_id":"882b9bc2abfffff","hex_id":"882b9bc2abfffff","lat":43.736207,"lng":-79.435479,"resolution":8,"neighbourhood":"North York"}},{"type":"Feature","geometry":{"type":"Polygon","coordinates":[[[-79.62425146189783,43.82329110048704],[-79.63091749658882,43.821875109247074],[-79.63244055413439,43.81716770577357],[-79.62729874489499,43.813876528010226],[-79.62063375546306,43.81529217765376],[-79.61910953011335,43.81999934661073],[-79.62425146189783,43.82329110048704]]]},"properties":{"cell_id":"882b9bd8abfffff","hex_id":"882b9bd8abfffff","lat":43.818584,"lng":-79.625775,"resolution":8,"neighbourhood":"NW Toronto"}},{"type":"Feature","geometry":{"type":"Polygon","coordinates":[[[-79.51541895039614,43.776245786755425],[-79.52208186522154,43.77483685623427],[-79.52361467846036,43.77013309615859],[-79.5184857403836,43.766838503237246],[-79.51182387155833,43.76824709441667],[-79.51028989491205,43.77295061781306],[-79.51541895039614,43.776245786755425]]]},"properties":{"cell_id":"882b9bc061fffff","hex_id":"882b9bc061fffff","lat":43.771542,"lng":-79.516953,"resolution":8,"neighbourhood":"Etobicoke North"}},{"type":"Feature","geometry":{"type":"Polygon","coordinates":[[[-79.39502896149953,43.72722055057956],[-79.40168883165704,43.725819373484384],[-79.40323250635485,43.72111951656114],[-79.39811746968881,43.717821075758195],[-79.39145864646207,43.7192219159956],[-79.38991381307346,43.72392153384791],[-79.39502896149953,43.72722055057956]]]},"properties":{"cell_id":"882b9bc291fffff","hex_id":"882b9bc291fffff","lat":43.722521,"lng":-79.396573,"resolution":8,"neighbourhood":"Lawrence Park"}},{"type":"Feature","geometry":{"type":"Polygon","coordinates":[[[-79.60328690289936,43.849662085390975],[-79.60995752870465,43.8482468680007],[-79.61148365433979,43.84353841143943],[-79.60634032304732,43.84024540725796],[-79.5996707442741,43.841660283317445],[-79.5981434498635,43.846368504842836],[-79.60328690289936,43.849662085390975]]]},"properties":{"cell_id":"882b9bd8c5fffff","hex_id":"882b9bd8c5fffff","lat":43.844954,"lng":-79.604814,"resolution":8,"neighbourhood":"NW Toronto"}},{"type":"Feature","geometry":{"type":"Polygon","coordinates":[[[-79.18442019431828,43.745063011571105],[-79.19108978533069,43.743673712777635],[-79.19265593452646,43.73897558985065],[-79.18755364847338,43.73566700921794],[-79.18088511072474,43.737055975030394],[-79.17931780586986,43.74175385441119],[-79.18442019431828,43.745063011571105]]]},"properties":{"cell_id":"882b9bd695fffff","hex_id":"882b9bd695fffff","lat":43.740365,"lng":-79.185987,"resolution":8,"neighbourhood":"Scarborough"}},{"type":"Feature","geometry":{"type":"Polygon","coordinates":[[[-79.30464267946063,43.794320466221755],[-79.31131543514277,43.79292341988912],[-79.31287078291103,43.788221352821054],[-79.30775453552425,43.78491657321139],[-79.3010828322398,43.78631328406988],[-79.2995263240484,43.791015109966466],[-79.30464267946063,43.794320466221755]]]},"properties":{"cell_id":"882b9bd465fffff","hex_id":"882b9bd465fffff","lat":43.789618,"lng":-79.306199,"resolution":8,"neighbourhood":"North Toronto"}},{"type":"Feature","geometry":{"type":"Polygon","coordinates":[[[-79.25507224294188,43.75656164510022],[-79.26174114386728,43.75516807572136],[-79.26330035240599,43.75046849658001],[-79.25819181769624,43.74716272887119],[-79.25152396872323,43.74855596388436],[-79.2499636026116,43.75325530092648],[-79.25507224294188,43.75656164510022]]]},"properties":{"cell_id":"882b9bd411fffff","hex_id":"882b9bd411fffff","lat":43.751862,"lng":-79.256632,"resolution":8,"neighbourhood":"Scarborough"}},{"type":"Feature","geometry":{"type":"Polygon","coordinates":[[[-79.20334172065596,43.83735334498119],[-79.21002420300704,43.835961471162214],[-79.21159155902129,43.83125854562709],[-79.20647759349912,43.827947737295084],[-79.19979616819349,43.8293392773498],[-79.19822765146957,43.834041959455234],[-79.20334172065596,43.83735334498119]]]},"properties":{"cell_id":"882b9bd641fffff","hex_id":"882b9bd641fffff","lat":43.83265,"lng":-79.20491,"resolution":8,"neighbourhood":"East Scarborough"}},{"type":"Feature","geometry":{"type":"Polygon","coordinates":[[[-79.53640153296156,43.749910858227516],[-79.54305987533854,43.74850115176051],[-79.54458962129455,43.743798444894054],[-79.53946218742314,43.74050568060854],[-79.53280488928118,43.74191504746653],[-79.53127398087759,43.74661751817297],[-79.53640153296156,43.749910858227516]]]},"properties":{"cell_id":"882b9bc027fffff","hex_id":"882b9bc027fffff","lat":43.745208,"lng":-79.537932,"resolution":8,"neighbourhood":"Etobicoke North"}},{"type":"Feature","geometry":{"type":"Polygon","coordinates":[[[-79.38788957776464,43.711223827472935],[-79.39454735433402,43.70982332398888],[-79.39609122901129,43.705124349952314],[-79.39097848496779,43.70182611852764],[-79.38432175478245,43.703226285362746],[-79.38277672235932,43.707925020225716],[-79.38788957776464,43.711223827472935]]]},"properties":{"cell_id":"882b9bc745fffff","hex_id":"882b9bc745fffff","lat":43.706525,"lng":-79.389434,"resolution":8,"neighbourhood":"Davisville"}},{"type":"Feature","geometry":{"type":"Polygon","coordinates":[[[-79.43914642377989,43.63046130328345],[-79.44579067781451,43.62905917251666],[-79.44732650961846,43.62436359652416],[-79.44221924208628,43.621070389110066],[-79.43557602939256,43.622472182648515],[-79.43403904299201,43.627167520783665],[-79.43914642377989,43.63046130328345]]]},"properties":{"cell_id":"882b9bc515fffff","hex_id":"882b9bc515fffff","lat":43.625766,"lng":-79.440683,"resolution":8,"neighbourhood":"South Toronto"}},{"type":"Feature","geometry":{"type":"Polygon","coordinates":[[[-79.4446799399036,43.764906292663326],[-79.4513436240204,43.76350163233858],[-79.45288341300716,43.75879929598514],[-79.44776067950694,43.755501858047744],[-79.44109804274314,43.7569061804076],[-79.43955709222931,43.761608278623804],[-79.4446799399036,43.764906292663326]]]},"properties":{"cell_id":"882b9bc2e5fffff","hex_id":"882b9bc2e5fffff","lat":43.760204,"lng":-79.44622,"resolution":8,"neighbourhood":"Downsview"}},{"type":"Feature","geometry":{"type":"Polygon","coordinates":[[[-79.49589499657563,43.68407332949027],[-79.50254512147681,43.682667046045275],[-79.5040768671402,43.67796810528537],[-79.49895964635915,43.67467568474598],[-79.49231056375255,43.676081629649715],[-79.49077765973428,43.68078033358819],[-79.49589499657563,43.68407332949027]]]},"properties":{"cell_id":"882b9bc0b5fffff","hex_id":"882b9bc0b5fffff","lat":43.679374,"lng":-79.497427,"resolution":8,"neighbourhood":"Etobicoke"}},{"type":"Feature","geometry":{"type":"Polygon","coordinates":[[[-79.41542306587552,43.797336329268575],[-79.42209249613767,43.79593282843098],[-79.42363642515086,43.79122924324781],[-79.4185120866455,43.7879293977055],[-79.41184370600224,43.78933256097409],[-79.41029861434863,43.79403590730807],[-79.41542306587552,43.797336329268575]]]},"properties":{"cell_id":"882b9bc257fffff","hex_id":"882b9bc257fffff","lat":43.792633,"lng":-79.416968,"resolution":8,"neighbourhood":"Willowdale"}},{"type":"Feature","geometry":{"type":"Polygon","coordinates":[[[-79.18329170171998,43.84152677595364],[-79.18997546987183,43.840135997455135],[-79.19154505479709,43.83543311889672],[-79.18643203221824,43.83212126265466],[-79.17974932182977,43.83351170774841],[-79.17817857636194,43.83821434244345],[-79.18329170171998,43.84152677595364]]]},"properties":{"cell_id":"882b986cb5fffff","hex_id":"882b986cb5fffff","lat":43.836824,"lng":-79.184862,"resolution":8,"neighbourhood":"Rouge"}},{"type":"Feature","geometry":{"type":"Polygon","coordinates":[[[-79.50418791594012,43.84871706418009],[-79.51086183008475,43.847307590545476],[-79.51239825373764,43.842600379211675],[-79.50726193025818,43.839302878594104],[-79.50058906574709,43.84071201275481],[-79.49905147518483,43.84541898696081],[-79.50418791594012,43.84871706418009]]]},"properties":{"cell_id":"882b9bd1a7fffff","hex_id":"882b9bd1a7fffff","lat":43.84401,"lng":-79.505725,"resolution":8,"neighbourhood":"NW Toronto"}},{"type":"Feature","geometry":{"type":"Polygon","coordinates":[[[-79.22453607599304,43.81105665172192],[-79.23121398787522,43.80966397180507],[-79.2327782363616,43.8049620781667],[-79.22766573284059,43.80165310730457],[-79.22098887622974,43.80304545317868],[-79.21942346797323,43.8077471039121],[-79.22453607599304,43.81105665172192]]]},"properties":{"cell_id":"882b9bd607fffff","hex_id":"882b9bd607fffff","lat":43.806355,"lng":-79.226101,"resolution":8,"neighbourhood":"Malvern"}},{"type":"Feature","geometry":{"type":"Polygon","coordinates":[[[-79.42363642515086,43.79122924324781],[-79.43030468060513,43.789825367527264],[-79.43184754833048,43.78512198400468],[-79.4267233231855,43.78182271481484],[-79.42005611685171,43.78322625284102],[-79.4185120866455,43.7879293977055],[-79.42363642515086,43.79122924324781]]]},"properties":{"cell_id":"882b9bc21dfffff","hex_id":"882b9bc21dfffff","lat":43.786526,"lng":-79.42518,"resolution":8,"neighbourhood":"Willowdale"}},{"type":"Feature","geometry":{"type":"Polygon","coordinates":[[[-79.35474369265884,43.66134638631801],[-79.36139531664843,43.6599486099409],[-79.36294094196934,43.65525252700156],[-79.3578360980066,43.65195446011523],[-79.35118551898344,43.65335190069824],[-79.3496387390593,43.65804774391609],[-79.35474369265884,43.66134638631801]]]},"properties":{"cell_id":"882b9bc44dfffff","hex_id":"882b9bc44dfffff","lat":43.65665,"lng":-79.35629,"resolution":8,"neighbourhood":"Distillery District"}},{"type":"Feature","geometry":{"type":"Polygon","coordinates":[[[-79.60809665898907,43.73908728419093],[-79.61475094295952,43.73767362393886],[-79.61627286974817,43.73297059229873],[-79.61114167586966,43.72968145548008],[-79.60448843373202,43.73109477483763],[-79.60296534374152,43.735797571862136],[-79.60809665898907,43.73908728419093]]]},"properties":{"cell_id":"882b9bcaddfffff","hex_id":"882b9bcaddfffff","lat":43.734384,"lng":-79.609619,"resolution":8,"neighbourhood":"Rexdale"}},{"type":"Feature","geometry":{"type":"Polygon","coordinates":[[[-79.62729697291016,43.660578726320146],[-79.63393914418047,43.65916527033002],[-79.63545646025355,43.65446592150969],[-79.6303327647074,43.65118026261767],[-79.62369163117846,43.652593377730355],[-79.62217315555507,43.657292492566356],[-79.62729697291016,43.660578726320146]]]},"properties":{"cell_id":"882b9bcf3dfffff","hex_id":"882b9bcf3dfffff","lat":43.655879,"lng":-79.628815,"resolution":8,"neighbourhood":"Etobicoke"}},{"type":"Feature","geometry":{"type":"Polygon","coordinates":[[[-79.32219610629325,43.760013433067236],[-79.32886324481314,43.758615927818695],[-79.3304155987616,43.75391534208289],[-79.3253019732985,43.75061250224974],[-79.31863588513224,43.752009671853926],[-79.31708237217906,43.75671001688994],[-79.32219610629325,43.760013433067236]]]},"properties":{"cell_id":"882b9bd5cdfffff","hex_id":"882b9bd5cdfffff","lat":43.755313,"lng":-79.323749,"resolution":8,"neighbourhood":"Don Mills"}},{"type":"Feature","geometry":{"type":"Polygon","coordinates":[[[-79.56914049798453,43.72546020935166],[-79.57579414013068,43.72404902043545],[-79.57731966270596,43.71934713429088],[-79.57219270503501,43.71605667241483],[-79.56554010513509,43.717467521227206],[-79.56401342076151,43.72216917197336],[-79.56914049798453,43.72546020935166]]]},"properties":{"cell_id":"882b9bc1e3fffff","hex_id":"882b9bc1e3fffff","lat":43.720758,"lng":-79.570667,"resolution":8,"neighbourhood":"Rexdale"}},{"type":"Feature","geometry":{"type":"Polygon","coordinates":[[[-79.2901988580626,43.687999289598025],[-79.29685655331131,43.6866048013994],[-79.29840977709078,43.68190818955178],[-79.29330646047758,43.67860630701293],[-79.28664981310571,43.68000046050402],[-79.2850954345735,43.68469683119597],[-79.2901988580626,43.687999289598025]]]},"properties":{"cell_id":"882b9bc643fffff","hex_id":"882b9bc643fffff","lat":43.683303,"lng":-79.291753,"resolution":8,"neighbourhood":"East Danforth"}},{"type":"Feature","geometry":{"type":"Polygon","coordinates":[[[-79.60736784443557,43.6648169435288],[-79.61401132290199,43.66340456299887],[-79.6155308496188,43.65870524055134],[-79.61040805737555,43.655418533004486],[-79.60376561737289,43.65683057300731],[-79.60224493125067,43.66152966103801],[-79.60736784443557,43.6648169435288]]]},"properties":{"cell_id":"882b9bcf03fffff","hex_id":"882b9bcf03fffff","lat":43.660118,"lng":-79.608888,"resolution":8,"neighbourhood":"Etobicoke"}},{"type":"Feature","geometry":{"type":"Polygon","coordinates":[[[-79.30906720720681,43.705905641434626],[-79.31572688006197,43.70450977331607],[-79.3172787557524,43.699812036706724],[-79.31217211470292,43.696510408983855],[-79.30551349005448,43.697905941956996],[-79.30396045835211,43.70260343775284],[-79.30906720720681,43.705905641434626]]]},"properties":{"cell_id":"882b9bd593fffff","hex_id":"882b9bd593fffff","lat":43.701208,"lng":-79.31062,"resolution":8,"neighbourhood":"East York"}},{"type":"Feature","geometry":{"type":"Polygon","coordinates":[[[-79.57731966270596,43.71934713429088],[-79.58397213009918,43.71793557558341],[-79.58549659797048,43.713233895273234],[-79.58036976018566,43.709944008832565],[-79.5737183345419,43.71135522731281],[-79.57219270503501,43.71605667241483],[-79.57731966270596,43.71934713429088]]]},"properties":{"cell_id":"882b9bc1a9fffff","hex_id":"882b9bc1a9fffff","lat":43.714645,"lng":-79.578845,"resolution":8,"neighbourhood":"Thistletown"}},{"type":"Feature","geometry":{"type":"Polygon","coordinates":[[[-79.29840977709078,43.68190818955178],[-79.30506630615007,43.68051332655733],[-79.30661847111031,43.67581691590293],[-79.30151526171194,43.6725156091626],[-79.29485978003527,43.673910137323666],[-79.29330646047758,43.67860630701293],[-79.29840977709078,43.68190818955178]]]},"properties":{"cell_id":"882b9bc609fffff","hex_id":"882b9bc609fffff","lat":43.677212,"lng":-79.299963,"resolution":8,"neighbourhood":"East Danforth"}},{"type":"Feature","geometry":{"type":"Polygon","coordinates":[[[-79.4825833674743,43.63003077379987],[-79.4892260747382,43.628626150456974],[-79.49075738830976,43.623930067935724],[-79.48564715008955,43.620638845654675],[-79.47900548300451,43.62204313096028],[-79.4774730140624,43.62673897653842],[-79.4825833674743,43.63003077379987]]]},"properties":{"cell_id":"882b9bcec9fffff","hex_id":"882b9bcec9fffff","lat":43.625335,"lng":-79.484115,"resolution":8,"neighbourhood":"Mimico"}},{"type":"Feature","geometry":{"type":"Polygon","coordinates":[[[-79.29062335341331,43.836648533701734],[-79.29730278910257,43.83525161494098],[-79.29886104127253,43.830547630298526],[-79.29374102017677,43.827240805964266],[-79.28706263921188,43.828637389317926],[-79.28550322472273,43.83334113236721],[-79.29062335341331,43.836648533701734]]]},"properties":{"cell_id":"882b9bd709fffff","hex_id":"882b9bd709fffff","lat":43.831945,"lng":-79.292182,"resolution":8,"neighbourhood":"North Toronto"}},{"type":"Feature","geometry":{"type":"Polygon","coordinates":[[[-79.20912072484946,43.72680020609217],[-79.2157868165315,43.725409772846945],[-79.2173497760961,43.720712245239234],[-79.21224779928183,43.717405393804306],[-79.20558275937735,43.71879549368727],[-79.20401864461377,43.723492778322004],[-79.20912072484946,43.72680020609217]]]},"properties":{"cell_id":"882b9bd4d9fffff","hex_id":"882b9bd4d9fffff","lat":43.722103,"lng":-79.210684,"resolution":8,"neighbourhood":"East Scarborough"}},{"type":"Feature","geometry":{"type":"Polygon","coordinates":[[[-79.31643283170204,43.79622830443133],[-79.32310546756865,43.794830545225665],[-79.32465965459595,43.79012823722833],[-79.31954236660148,43.786823929320185],[-79.31287078291103,43.788221352821054],[-79.31131543514277,43.79292341988912],[-79.31643283170204,43.79622830443133]]]},"properties":{"cell_id":"882b9bd559fffff","hex_id":"882b9bd559fffff","lat":43.791526,"lng":-79.317988,"resolution":8,"neighbourhood":"North Toronto"}},{"type":"Feature","geometry":{"type":"Polygon","coordinates":[[[-79.50766348838569,43.68595956966688],[-79.51431348446353,43.68455257713362],[-79.51584407146089,43.679853399794546],[-79.51072582114821,43.67656145152196],[-79.5040768671402,43.67796810528537],[-79.50254512147681,43.682667046045275],[-79.50766348838569,43.68595956966688]]]},"properties":{"cell_id":"882b9bce49fffff","hex_id":"882b9bce49fffff","lat":43.68126,"lng":-79.509195,"resolution":8,"neighbourhood":"Etobicoke"}},{"type":"Feature","geometry":{"type":"Polygon","coordinates":[[[-79.6035267666261,43.75319764375118],[-79.61018326969335,43.751784012250276],[-79.61170614302804,43.74708033397331],[-79.60657367723631,43.74379052190381],[-79.599918216769,43.74520381252816],[-79.598394179595,43.749907256052325],[-79.6035267666261,43.75319764375118]]]},"properties":{"cell_id":"882b9bc135fffff","hex_id":"882b9bc135fffff","lat":43.748494,"lng":-79.60505,"resolution":8,"neighbourhood":"Rexdale"}},{"type":"Feature","geometry":{"type":"Polygon","coordinates":[[[-79.5524281084174,43.83413585449223],[-79.55909822093885,43.83272383224331],[-79.5606291267636,43.82801675666007],[-79.55549108721775,43.82472193934584],[-79.5488220223728,43.82613362128751],[-79.54728994949966,43.83084046080442],[-79.5524281084174,43.83413585449223]]]},"properties":{"cell_id":"882b9bc365fffff","hex_id":"882b9bc365fffff","lat":43.829429,"lng":-79.55396,"resolution":8,"neighbourhood":"NW Toronto"}},{"type":"Feature","geometry":{"type":"Polygon","coordinates":[[[-79.48159126684726,43.82281349437382],[-79.48826216180177,43.82140575211549],[-79.489800065215,43.816700096588676],[-79.48466823894259,43.81340242080317],[-79.4779983930283,43.81480982413279],[-79.4764593244491,43.81951524213054],[-79.48159126684726,43.82281349437382]]]},"properties":{"cell_id":"882b9bc359fffff","hex_id":"882b9bc359fffff","lat":43.818108,"lng":-79.48313,"resolution":8,"neighbourhood":"North Toronto"}},{"type":"Feature","geometry":{"type":"Polygon","coordinates":[[[-79.60256416548957,43.77530563388418],[-79.6092239326805,43.77389169064071],[-79.6107476449397,43.76918692601119],[-79.60561275506147,43.7658963394158],[-79.59895403150837,43.767309941695466],[-79.59742915429739,43.7720144714881],[-79.60256416548957,43.77530563388418]]]},"properties":{"cell_id":"882b9bc129fffff","hex_id":"882b9bc129fffff","lat":43.770601,"lng":-79.604089,"resolution":8,"neighbourhood":"NW Toronto"}},{"type":"Feature","geometry":{"type":"Polygon","coordinates":[[[-79.50867020356438,43.66387257696604],[-79.51531694549462,43.66246589200067],[-79.51684668738157,43.65776780377995],[-79.51173084500272,43.65447663697211],[-79.50508514410701,43.65588298325339],[-79.50355424465725,43.6605808349807],[-79.50867020356438,43.66387257696604]]]},"properties":{"cell_id":"882b9bce55fffff","hex_id":"882b9bce55fffff","lat":43.659174,"lng":-79.510201,"resolution":8,"neighbourhood":"Etobicoke South"}},{"type":"Feature","geometry":{"type":"Polygon","coordinates":[[[-79.39328144237606,43.84578681820289],[-79.39995872954789,43.84438380836342],[-79.40150660722558,43.83967809983656],[-79.39637836254059,43.83637564056224],[-79.3897021278095,43.83777831302117],[-79.38815308542634,43.842483782089026],[-79.39328144237606,43.84578681820289]]]},"properties":{"cell_id":"882b9bd085fffff","hex_id":"882b9bd085fffff","lat":43.841081,"lng":-79.39483,"resolution":8,"neighbourhood":"North Toronto"}},{"type":"Feature","geometry":{"type":"Polygon","coordinates":[[[-79.27974987712248,43.73828166629021],[-79.28641527182405,43.73688696608868],[-79.28797129351246,43.732187985705416],[-79.28286307771009,43.72888394700422],[-79.27619873347246,43.73027831246059],[-79.27464155467698,43.73497705131771],[-79.27974987712248,43.73828166629021]]]},"properties":{"cell_id":"882b9bd4e5fffff","hex_id":"882b9bd4e5fffff","lat":43.733583,"lng":-79.281307,"resolution":8,"neighbourhood":"North York"}},{"type":"Feature","geometry":{"type":"Polygon","coordinates":[[[-79.29173894318501,43.81452743708225],[-79.29841509686727,43.813130810748525],[-79.29997247656884,43.80842790495211],[-79.29485486390367,43.805121866947054],[-79.28817976389224,43.80651815795547],[-79.28662122297933,43.81122082224855],[-79.29173894318501,43.81452743708225]]]},"properties":{"cell_id":"882b9bd715fffff","hex_id":"882b9bd715fffff","lat":43.809825,"lng":-79.293297,"resolution":8,"neighbourhood":"Agincourt"}},{"type":"Feature","geometry":{"type":"Polygon","coordinates":[[[-79.28238342540774,43.842749256564446],[-79.28906403504598,43.841352716669896],[-79.29062335341331,43.836648533701734],[-79.28550322472273,43.83334113236721],[-79.27882367030816,43.83473733698153],[-79.27726318946493,43.83944127816491],[-79.28238342540774,43.842749256564446]]]},"properties":{"cell_id":"882b9bd743fffff","hex_id":"882b9bd743fffff","lat":43.838045,"lng":-79.283943,"resolution":8,"neighbourhood":"North Toronto"}},{"type":"Feature","geometry":{"type":"Polygon","coordinates":[[[-79.33397801795219,43.761918872880415],[-79.340645035954,43.76052065582817],[-79.34219623058108,43.75581982963453],[-79.33708156663127,43.75251746090525],[-79.3304155987616,43.75391534208289],[-79.32886324481314,43.758615927818695],[-79.33397801795219,43.761918872880415]]]},"properties":{"cell_id":"882b9bd513fffff","hex_id":"882b9bd513fffff","lat":43.757218,"lng":-79.33553,"resolution":8,"neighbourhood":"Don Mills"}},{"type":"Feature","geometry":{"type":"Polygon","coordinates":[[[-79.15262393341861,43.821650358738346],[-79.15930581150283,43.82026167508735],[-79.1608778994904,43.81556016507017],[-79.15576926844685,43.8122475831049],[-79.14908844800281,43.81363593402235],[-79.14751520106735,43.818337199593174],[-79.15262393341861,43.821650358738346]]]},"properties":{"cell_id":"882b9b9961fffff","hex_id":"882b9b9961fffff","lat":43.816949,"lng":-79.154197,"resolution":8,"neighbourhood":"Rouge"}},{"type":"Feature","geometry":{"type":"Polygon","coordinates":[[[-79.39076956571688,43.81565654206724],[-79.3974425211126,43.81425416785463],[-79.39898963673429,43.80954997927145],[-79.39386496018209,43.80624840427767],[-79.3871930559015,43.80765044129794],[-79.38564477716149,43.81235439045844],[-79.39076956571688,43.81565654206724]]]},"properties":{"cell_id":"882b9bd0b3fffff","hex_id":"882b9bd0b3fffff","lat":43.810952,"lng":-79.392317,"resolution":8,"neighbourhood":"Willowdale"}},{"type":"Feature","geometry":{"type":"Polygon","coordinates":[[[-79.54161363112759,43.81013077174393],[-79.54828060143564,43.808719770101014],[-79.54981182706564,43.80401401337144],[-79.54467724811039,43.80071949446367],[-79.53801132466285,43.802130156115055],[-79.53647893341243,43.80683567661955],[-79.54161363112759,43.81013077174393]]]},"properties":{"cell_id":"882b9bc32bfffff","hex_id":"882b9bc32bfffff","lat":43.805425,"lng":-79.543146,"resolution":8,"neighbourhood":"NW Toronto"}},{"type":"Feature","geometry":{"type":"Polygon","coordinates":[[[-79.40283724378928,43.64685822860035],[-79.40948512289133,43.64545791857284],[-79.4110252716404,43.64076196749901],[-79.40591869614825,43.637466565075606],[-79.39927186008923,43.63886653847646],[-79.3977305565816,43.6435622508817],[-79.40283724378928,43.64685822860035]]]},"properties":{"cell_id":"882b9bc55bfffff","hex_id":"882b9bc55bfffff","lat":43.642162,"lng":-79.404378,"resolution":8,"neighbourhood":"Downtown Core"}},{"type":"Feature","geometry":{"type":"Polygon","coordinates":[[[-79.49791877105012,43.63990543298661],[-79.50456239068646,43.63849976375946],[-79.50609244484195,43.63380300210275],[-79.50098003561362,43.63051214627688],[-79.49433745620222,43.63191747713393],[-79.49280624589572,43.63661400214111],[-79.49791877105012,43.63990543298661]]]},"properties":{"cell_id":"882b9bce1bfffff","hex_id":"882b9bce1bfffff","lat":43.635209,"lng":-79.49945,"resolution":8,"neighbourhood":"Etobicoke South"}},{"type":"Feature","geometry":{"type":"Polygon","coordinates":[[[-79.59437845104081,43.78142417643737],[-79.60103939646999,43.78001060384944],[-79.60256416548957,43.77530563388418],[-79.59742915429739,43.7720144714881],[-79.59076925300477,43.77342770323574],[-79.58924331886955,43.77813243817352],[-79.59437845104081,43.78142417643737]]]},"properties":{"cell_id":"882b9bc163fffff","hex_id":"882b9bc163fffff","lat":43.776719,"lng":-79.595904,"resolution":8,"neighbourhood":"NW Toronto"}},{"type":"Feature","geometry":{"type":"Polygon","coordinates":[[[-79.26910016816032,43.71427325007243],[-79.27576241229788,43.712879553794416],[-79.27731872019793,43.708181898127016],[-79.27221393975383,43.70487818036947],[-79.26555274525255,43.70627154221426],[-79.26399528166274,43.71096895620431],[-79.26910016816032,43.71427325007243]]]},"properties":{"cell_id":"882b9bd4abfffff","hex_id":"882b9bd4abfffff","lat":43.709576,"lng":-79.270657,"resolution":8,"neighbourhood":"Central Toronto"}},{"type":"Feature","geometry":{"type":"Polygon","coordinates":[[[-79.14792369003887,43.76140075097931],[-79.15459689314,43.76001330185765],[-79.1561673921722,43.755314830111345],[-79.15106584400537,43.75200405180217],[-79.14439369587276,43.753391168556405],[-79.14282204104326,43.75808939594193],[-79.14792369003887,43.76140075097931]]]},"properties":{"cell_id":"882b9bd6dbfffff","hex_id":"882b9bd6dbfffff","lat":43.756702,"lng":-79.149495,"resolution":8,"neighbourhood":"East Scarborough"}},{"type":"Feature","geometry":{"type":"Polygon","coordinates":[[[-79.1738407361005,43.79536711921553],[-79.18051804924438,43.7939776263983],[-79.1820870266874,43.78927714652339],[-79.17697984910478,43.78596640334146],[-79.17030359182858,43.78735556314528],[-79.16873345637221,43.792055799099],[-79.1738407361005,43.79536711921553]]]},"properties":{"cell_id":"882b9b9927fffff","hex_id":"882b9b9927fffff","lat":43.790667,"lng":-79.17541,"resolution":8,"neighbourhood":"East Scarborough"}},{"type":"Feature","geometry":{"type":"Polygon","coordinates":[[[-79.45853322339505,43.722593096015075],[-79.46519024959936,43.721188331054485],[-79.46672717121201,43.71648792705879],[-79.46160822635014,43.713192525698815],[-79.45495224519038,43.71459695263449],[-79.45341416395031,43.719297118909175],[-79.45853322339505,43.722593096015075]]]},"properties":{"cell_id":"882b9bc0c1fffff","hex_id":"882b9bc0c1fffff","lat":43.717893,"lng":-79.460071,"resolution":8,"neighbourhood":"Central Toronto"}},{"type":"Feature","geometry":{"type":"Polygon","coordinates":[[[-79.47798531887452,43.64412028594208],[-79.4846302350076,43.642715694156685],[-79.48616249818305,43.63801896362585],[-79.48105100132726,43.63472706191576],[-79.47440712613668,43.63613131568307],[-79.47287370696111,43.64082780913277],[-79.47798531887452,43.64412028594208]]]},"properties":{"cell_id":"882b9bc521fffff","hex_id":"882b9bc521fffff","lat":43.639424,"lng":-79.479518,"resolution":8,"neighbourhood":"South Toronto"}},{"type":"Feature","geometry":{"type":"Polygon","coordinates":[[[-79.3471525472656,43.81605503710867],[-79.35382704598037,43.814655179428605],[-79.35537871360165,43.80995150981015],[-79.35025704493815,43.80664793816816],[-79.3435835985074,43.808047459473386],[-79.34203076855995,43.81275088874962],[-79.3471525472656,43.81605503710867]]]},"properties":{"cell_id":"882b9bd54dfffff","hex_id":"882b9bd54dfffff","lat":43.811351,"lng":-79.348705,"resolution":8,"neighbourhood":"North Toronto"}},{"type":"Feature","geometry":{"type":"Polygon","coordinates":[[[-79.35722334795516,43.69142915764431],[-79.36387927645441,43.69003074671737],[-79.36542566369788,43.68533313485445],[-79.36031727871818,43.68203417363193],[-79.35366239649959,43.683432248577475],[-79.35211485308291,43.688129620681266],[-79.35722334795516,43.69142915764431]]]},"properties":{"cell_id":"882b9bc751fffff","hex_id":"882b9bc751fffff","lat":43.686732,"lng":-79.35877,"resolution":8,"neighbourhood":"Danforth"}},{"type":"Feature","geometry":{"type":"Polygon","coordinates":[[[-79.63338951699893,43.795049961842906],[-79.64005110134248,43.79363391237927],[-79.64157226335362,43.78892779890729],[-79.6364330076455,43.78563796909475],[-79.6297724670211,43.787053676926156],[-79.62825013848729,43.79175955615599],[-79.63338951699893,43.795049961842906]]]},"properties":{"cell_id":"882b9bca5dfffff","hex_id":"882b9bca5dfffff","lat":43.790344,"lng":-79.634911,"resolution":8,"neighbourhood":"NW Toronto"}},{"type":"Feature","geometry":{"type":"Polygon","coordinates":[[[-79.22328496431027,43.75882455163033],[-79.2299552658759,43.75743278389835],[-79.23151785274503,43.7527334905211],[-79.22641129524304,43.749426207603435],[-79.21974204656445,43.750817641558],[-79.21817830260508,43.75551669216217],[-79.22328496431027,43.75882455163033]]]},"properties":{"cell_id":"882b9bd6a1fffff","hex_id":"882b9bd6a1fffff","lat":43.754125,"lng":-79.224848,"resolution":8,"neighbourhood":"Scarborough"}},{"type":"Feature","geometry":{"type":"Polygon","coordinates":[[[-79.57243713337684,43.82989870149449],[-79.57910593301803,43.82848559315403],[-79.58063461154217,43.823778485557284],[-79.57549565772499,43.820484721885926],[-79.56882790503147,43.82189748956541],[-79.56729805930973,43.82660436153096],[-79.57243713337684,43.82989870149449]]]},"properties":{"cell_id":"882b9bd8d1fffff","hex_id":"882b9bd8d1fffff","lat":43.825192,"lng":-79.573967,"resolution":8,"neighbourhood":"NW Toronto"}},{"type":"Feature","geometry":{"type":"Polygon","coordinates":[[[-79.16677827424616,43.85371353421482],[-79.17346438569359,43.85232351859183],[-79.1750361083928,43.84762024792496],[-79.1699228806004,43.84430723708273],[-79.16323782791429,43.845696919556985],[-79.1616649443646,43.8503999459767],[-79.16677827424616,43.85371353421482]]]},"properties":{"cell_id":"882b986c87fffff","hex_id":"882b986c87fffff","lat":43.84901,"lng":-79.168351,"resolution":8,"neighbourhood":"Rouge"}},{"type":"Feature","geometry":{"type":"Polygon","coordinates":[[[-79.53838892706118,43.70571211993105],[-79.5450407477398,43.704303030378966],[-79.54656880539412,43.69960249769407],[-79.54144620270331,43.696311290504724],[-79.5347954241841,43.697720040620105],[-79.53326620629798,43.70242033731552],[-79.53838892706118,43.70571211993105]]]},"properties":{"cell_id":"882b9bc19dfffff","hex_id":"882b9bc19dfffff","lat":43.701012,"lng":-79.539918,"resolution":8,"neighbourhood":"Etobicoke"}},{"type":"Feature","geometry":{"type":"Polygon","coordinates":[[[-79.47952457745673,43.69628328009261],[-79.48617704450332,43.694877738267635],[-79.48771090020591,43.69017838795578],[-79.48259344763925,43.68688481662481],[-79.47594202387793,43.688290020156565],[-79.47440700950008,43.6929891332666],[-79.47952457745673,43.69628328009261]]]},"properties":{"cell_id":"882b9bc087fffff","hex_id":"882b9bc087fffff","lat":43.691584,"lng":-79.481059,"resolution":8,"neighbourhood":"York"}},{"type":"Feature","geometry":{"type":"Polygon","coordinates":[[[-79.43498170629213,43.71880806845701],[-79.44163898502384,43.71740472409245],[-79.4431782255783,43.712704795781086],[-79.43806134650474,43.709408449994044],[-79.4314051132654,43.71081145679214],[-79.42986471370978,43.71551114689793],[-79.43498170629213,43.71880806845701]]]},"properties":{"cell_id":"882b9bc2b7fffff","hex_id":"882b9bc2b7fffff","lat":43.714108,"lng":-79.436522,"resolution":8,"neighbourhood":"Central Toronto"}},{"type":"Feature","geometry":{"type":"Polygon","coordinates":[[[-79.22579006098533,43.86331718052592],[-79.23247560056254,43.86192358968794],[-79.2340415141804,43.85721910141567],[-79.2289230507854,43.853908446972476],[-79.22223856887189,43.85530170350238],[-79.22067149279468,43.86000594873792],[-79.22579006098533,43.86331718052592]]]},"properties":{"cell_id":"882b986d9dfffff","hex_id":"882b986d9dfffff","lat":43.858613,"lng":-79.227357,"resolution":8,"neighbourhood":"East Scarborough"}},{"type":"Feature","geometry":{"type":"Polygon","coordinates":[[[-79.3782598264584,43.66514600211663],[-79.38491120659498,43.66374680815688],[-79.38645452176794,43.659050246498154],[-79.3813476121377,43.65575311799258],[-79.3746972765255,43.657151975699854],[-79.37315280612174,43.66184829811951],[-79.3782598264584,43.66514600211663]]]},"properties":{"cell_id":"882b9bc717fffff","hex_id":"882b9bc717fffff","lat":43.660449,"lng":-79.379804,"resolution":8,"neighbourhood":"Central Toronto"}},{"type":"Feature","geometry":{"type":"Polygon","coordinates":[[[-79.239619153904,43.67235776945194],[-79.24627626853189,43.670966453691115],[-79.24783420331859,43.666271250270746],[-79.2427361765969,43.66296760473465],[-79.23608011044544,43.664358586811396],[-79.2345210226428,43.66905354806292],[-79.239619153904,43.67235776945194]]]},"properties":{"cell_id":"882b9b8963fffff","hex_id":"882b9b8963fffff","lat":43.667663,"lng":-79.241178,"resolution":8,"neighbourhood":"East Scarborough"}},{"type":"Feature","geometry":{"type":"Polygon","coordinates":[[[-79.3397229768092,43.72571632014032],[-79.3463845062729,43.72431836002999],[-79.34793387338635,43.719619259366084],[-79.34282286872741,43.71631835899585],[-79.33616238757831,43.71771598329275],[-79.3346118628768,43.72241484372764],[-79.3397229768092,43.72571632014032]]]},"properties":{"cell_id":"882b9bd587fffff","hex_id":"882b9bd587fffff","lat":43.721017,"lng":-79.341273,"resolution":8,"neighbourhood":"Leaside"}},{"type":"Feature","geometry":{"type":"Polygon","coordinates":[[[-79.29507921599686,43.74819478455301],[-79.30174554294896,43.74679903801246],[-79.30330031098863,43.742099375069586],[-79.29818991007724,43.73879569985572],[-79.29152463364483,43.74019111131672],[-79.28996870770783,43.74489053302552],[-79.29507921599686,43.74819478455301]]]},"properties":{"cell_id":"882b9bd437fffff","hex_id":"882b9bd437fffff","lat":43.743495,"lng":-79.296635,"resolution":8,"neighbourhood":"Wexford"}},{"type":"Feature","geometry":{"type":"Polygon","coordinates":[[[-79.24343017873309,43.8289966293786],[-79.25011008569012,43.82760256703247],[-79.25167298522038,43.822899550216896],[-79.24655713893898,43.81959083826415],[-79.2398782875902,43.820984566128146],[-79.23831422701917,43.825687340381414],[-79.24343017873309,43.8289966293786]]]},"properties":{"cell_id":"882b9bd667fffff","hex_id":"882b9bd667fffff","lat":43.824294,"lng":-79.244994,"resolution":8,"neighbourhood":"East Scarborough"}},{"type":"Feature","geometry":{"type":"Polygon","coordinates":[[[-79.59341080518593,43.80353867863242],[-79.60007501905942,43.802124795279845],[-79.60160062896153,43.797418740412596],[-79.59646319132203,43.7941268039634],[-79.58980002262528,43.79554034638863],[-79.58827324649324,43.80024616614414],[-79.59341080518593,43.80353867863242]]]},"properties":{"cell_id":"882b9bd897fffff","hex_id":"882b9bd897fffff","lat":43.798833,"lng":-79.594937,"resolution":8,"neighbourhood":"NW Toronto"}},{"type":"Feature","geometry":{"type":"Polygon","coordinates":[[[-79.4872261034085,43.786581812472924],[-79.49389149976973,43.78517433954142],[-79.49542759450479,43.7804704094549],[-79.49029945639856,43.777174189558],[-79.48363510726041,43.77858132362617],[-79.48209784910802,43.783285016408534],[-79.4872261034085,43.786581812472924]]]},"properties":{"cell_id":"882b9bc04dfffff","hex_id":"882b9bc04dfffff","lat":43.781878,"lng":-79.488763,"resolution":8,"neighbourhood":"North Toronto"}},{"type":"Feature","geometry":{"type":"Polygon","coordinates":[[[-79.625397812039,43.70475693342938],[-79.63204648684534,43.70334284868673],[-79.63356547012101,43.69864131890058],[-79.62843694045603,43.69535410796241],[-79.62178930545404,43.6967678516521],[-79.62026916041376,43.70146914728673],[-79.625397812039,43.70475693342938]]]},"properties":{"cell_id":"882b9bca97fffff","hex_id":"882b9bca97fffff","lat":43.700055,"lng":-79.626918,"resolution":8,"neighbourhood":"Etobicoke"}},{"type":"Feature","geometry":{"type":"Polygon","coordinates":[[[-79.32767741125626,43.649547116457754],[-79.33432823129564,43.64815109289056],[-79.33587626277271,43.643455932154176],[-79.33077462781763,43.64015703519361],[-79.32412485291198,43.64155272352928],[-79.32257566793048,43.646247644011495],[-79.32767741125626,43.649547116457754]]]},"properties":{"cell_id":"882b9bc637fffff","hex_id":"882b9bc637fffff","lat":43.644852,"lng":-79.329226,"resolution":8,"neighbourhood":"South Toronto"}},{"type":"Feature","geometry":{"type":"Polygon","coordinates":[[[-79.53020682069989,43.711821577221286],[-79.53685981450971,43.71041285795077],[-79.53838892706118,43.70571211993105],[-79.53326620629798,43.70242033731552],[-79.52661425514371,43.70382871727304],[-79.5250839821989,43.70852921911306],[-79.53020682069989,43.711821577221286]]]},"properties":{"cell_id":"882b9bc1d7fffff","hex_id":"882b9bc1d7fffff","lat":43.707121,"lng":-79.531737,"resolution":8,"neighbourhood":"Etobicoke"}},{"type":"Feature","geometry":{"type":"Polygon","coordinates":[[[-79.24783420331859,43.666271250270746],[-79.25449015377312,43.66487955903425],[-79.25604702941953,43.660184556117365],[-79.25094910757697,43.65688148636988],[-79.24429420510539,43.65827284379609],[-79.2427361765969,43.66296760473465],[-79.24783420331859,43.666271250270746]]]},"properties":{"cell_id":"882b9b8929fffff","hex_id":"882b9b8929fffff","lat":43.661576,"lng":-79.249392,"resolution":8,"neighbourhood":"East Scarborough"}},{"type":"Feature","geometry":{"type":"Polygon","coordinates":[[[-79.25167298522038,43.822899550216896],[-79.25835171988098,43.82150510852349],[-79.259913553046,43.81680228953227],[-79.25479781254019,43.81349415455952],[-79.24812013298923,43.81488826164362],[-79.24655713893898,43.81959083826415],[-79.25167298522038,43.822899550216896]]]},"properties":{"cell_id":"882b9bd62dfffff","hex_id":"882b9bd62dfffff","lat":43.818197,"lng":-79.253236,"resolution":8,"neighbourhood":"Agincourt"}},{"type":"Feature","geometry":{"type":"Polygon","coordinates":[[[-79.47389476364141,43.732480288088944],[-79.48055270777154,43.731074474433235],[-79.48208836623343,43.726373391815926],[-79.47696724108069,43.72307836023494],[-79.47031034204257,43.72448383553185],[-79.46877352316754,43.7291846807226],[-79.47389476364141,43.732480288088944]]]},"properties":{"cell_id":"882b9bc013fffff","hex_id":"882b9bc013fffff","lat":43.727779,"lng":-79.475431,"resolution":8,"neighbourhood":"Black Creek"}},{"type":"Feature","geometry":{"type":"Polygon","coordinates":[[[-79.42258554190384,43.813345494119076],[-79.4292570722268,43.81194131782929],[-79.43080079832205,43.80723685238165],[-79.42567415778844,43.80393680192337],[-79.41900367763309,43.8053406404347],[-79.41745878794698,43.81004486713682],[-79.42258554190384,43.813345494119076]]]},"properties":{"cell_id":"882b9bc243fffff","hex_id":"882b9bc243fffff","lat":43.808641,"lng":-79.42413,"resolution":8,"neighbourhood":"Willowdale"}},{"type":"Feature","geometry":{"type":"Polygon","coordinates":[[[-79.31863588513224,43.752009671853926],[-79.3253019732985,43.75061250224974],[-79.32685442459255,43.7459123575638],[-79.32174194635513,43.742609623187036],[-79.315076908267,43.74400645725109],[-79.31352329844171,43.74870636118638],[-79.31863588513224,43.752009671853926]]]},"properties":{"cell_id":"882b9bd5c1fffff","hex_id":"882b9bd5c1fffff","lat":43.74731,"lng":-79.320189,"resolution":8,"neighbourhood":"Don Mills"}},{"type":"Feature","geometry":{"type":"Polygon","coordinates":[[[-79.62634785268718,43.68266526145667],[-79.6329932741363,43.68125149089157],[-79.63451142335968,43.676551051069495],[-79.62938531189154,43.673264615834306],[-79.62274092921452,43.67467804543421],[-79.62122161933446,43.67937825118836],[-79.62634785268718,43.68266526145667]]]},"properties":{"cell_id":"882b9bcf63fffff","hex_id":"882b9bcf63fffff","lat":43.677965,"lng":-79.627867,"resolution":8,"neighbourhood":"Etobicoke"}},{"type":"Feature","geometry":{"type":"Polygon","coordinates":[[[-79.44155675894915,43.83125233158028],[-79.4482302641176,43.82984676581647],[-79.44977262172655,43.82514118220379],[-79.44464263912826,43.82184140270724],[-79.43797018445113,43.82324663025273],[-79.4364266619842,43.82795197546707],[-79.44155675894915,43.83125233158028]]]},"properties":{"cell_id":"882b9bd193fffff","hex_id":"882b9bd193fffff","lat":43.826547,"lng":-79.4431,"resolution":8,"neighbourhood":"North Toronto"}},{"type":"Feature","geometry":{"type":"Polygon","coordinates":[[[-79.62369163117846,43.652593377730355],[-79.6303327647074,43.65118026261767],[-79.63185018969205,43.64648135565337],[-79.62672764032783,43.64319579779303],[-79.62008754427286,43.644608572133414],[-79.61856896020888,43.64930724506032],[-79.62369163117846,43.652593377730355]]]},"properties":{"cell_id":"882b9bcf31fffff","hex_id":"882b9bcf31fffff","lat":43.647894,"lng":-79.62521,"resolution":8,"neighbourhood":"Etobicoke"}},{"type":"Feature","geometry":{"type":"Polygon","coordinates":[[[-79.43080079832205,43.80723685238165],[-79.4374711528394,43.8058323009582],[-79.4390138170514,43.80112803702627],[-79.43388729028013,43.797828563026165],[-79.42721798543137,43.79923277654578],[-79.42567415778844,43.80393680192337],[-79.43080079832205,43.80723685238165]]]},"properties":{"cell_id":"882b9bc209fffff","hex_id":"882b9bc209fffff","lat":43.802533,"lng":-79.432344,"resolution":8,"neighbourhood":"North Toronto"}},{"type":"Feature","geometry":{"type":"Polygon","coordinates":[[[-79.60448843373202,43.73109477483763],[-79.61114167586966,43.72968145548008],[-79.6126637111893,43.72497886459939],[-79.60753366720114,43.72168982769883],[-79.60088146662706,43.723102806267114],[-79.59935826857897,43.72780516247904],[-79.60448843373202,43.73109477483763]]]},"properties":{"cell_id":"882b9bcad1fffff","hex_id":"882b9bcad1fffff","lat":43.726392,"lng":-79.606011,"resolution":8,"neighbourhood":"Rexdale"}},{"type":"Feature","geometry":{"type":"Polygon","coordinates":[[[-79.3172787557524,43.699812036706724],[-79.3239372610485,43.69841579374269],[-79.3254880774801,43.69371825837252],[-79.3203815445748,43.690417206543685],[-79.31372408699048,43.691813114236574],[-79.31217211470292,43.696510408983855],[-79.3172787557524,43.699812036706724]]]},"properties":{"cell_id":"882b9bc669fffff","hex_id":"882b9bc669fffff","lat":43.695115,"lng":-79.31883,"resolution":8,"neighbourhood":"East York"}},{"type":"Feature","geometry":{"type":"Polygon","coordinates":[[[-79.35118551898344,43.65335190069824],[-79.3578360980066,43.65195446011523],[-79.3593818215322,43.64725881959322],[-79.35427812027007,43.64396085938098],[-79.3476285859403,43.645357964274],[-79.34608170828193,43.65005336502368],[-79.35118551898344,43.65335190069824]]]},"properties":{"cell_id":"882b9bc441fffff","hex_id":"882b9bc441fffff","lat":43.648656,"lng":-79.352732,"resolution":8,"neighbourhood":"Distillery District"}},{"type":"Feature","geometry":{"type":"Polygon","coordinates":[[[-79.42005611685171,43.78322625284102],[-79.4267233231855,43.78182271481484],[-79.42826629240143,43.77711977168332],[-79.42314321739279,43.77382060524199],[-79.4164770599055,43.77522380567853],[-79.41493292868338,43.77992651010014],[-79.42005611685171,43.78322625284102]]]},"properties":{"cell_id":"882b9bc211fffff","hex_id":"882b9bc211fffff","lat":43.778523,"lng":-79.4216,"resolution":8,"neighbourhood":"North York Centre"}},{"type":"Feature","geometry":{"type":"Polygon","coordinates":[[[-79.61531688647906,43.755073923830814],[-79.62197325492298,43.753659581473805],[-79.6234949641083,43.748955668687636],[-79.61836146910055,43.745666332721434],[-79.61170614302804,43.74708033397331],[-79.61018326969335,43.751784012250276],[-79.61531688647906,43.755073923830814]]]},"properties":{"cell_id":"882b9bcac9fffff","hex_id":"882b9bcac9fffff","lat":43.75037,"lng":-79.616839,"resolution":8,"neighbourhood":"NW Toronto"}},{"type":"Feature","geometry":{"type":"Polygon","coordinates":[[[-79.63451142335968,43.676551051069495],[-79.64115567091535,43.67513691300898],[-79.64267276862559,43.670436680847224],[-79.637546779374,43.66715082057792],[-79.6309035700948,43.66856461755065],[-79.62938531189154,43.673264615834306],[-79.63451142335968,43.676551051069495]]]},"properties":{"cell_id":"882b9bcf29fffff","hex_id":"882b9bcf29fffff","lat":43.671851,"lng":-79.636029,"resolution":8,"neighbourhood":"Etobicoke"}},{"type":"Feature","geometry":{"type":"Polygon","coordinates":[[[-79.33616238757831,43.71771598329275],[-79.34282286872741,43.71631835899585],[-79.34437233373112,43.71161969984613],[-79.33926247480456,43.70831890522756],[-79.33260304169556,43.709716193815225],[-79.33105241957624,43.71441461268503],[-79.33616238757831,43.71771598329275]]]},"properties":{"cell_id":"882b9bd5b9fffff","hex_id":"882b9bd5b9fffff","lat":43.713017,"lng":-79.337713,"resolution":8,"neighbourhood":"Leaside"}},{"type":"Feature","geometry":{"type":"Polygon","coordinates":[[[-79.2340415141804,43.85721910141567],[-79.24072588012092,43.85582512998603],[-79.2422907253975,43.851120838594476],[-79.2371723671423,43.847810761431745],[-79.23048905836585,43.849204398425755],[-79.2289230507854,43.853908446972476],[-79.2340415141804,43.85721910141567]]]},"properties":{"cell_id":"882b986d95fffff","hex_id":"882b986d95fffff","lat":43.852515,"lng":-79.235607,"resolution":8,"neighbourhood":"East Scarborough"}},{"type":"Feature","geometry":{"type":"Polygon","coordinates":[[[-79.54656880539412,43.69960249769407],[-79.55321945306261,43.69819303818844],[-79.5547464562753,43.69349271109976],[-79.54962397199124,43.69020207926998],[-79.54297436598613,43.69161119921534],[-79.54144620270331,43.696311290504724],[-79.54656880539412,43.69960249769407]]]},"properties":{"cell_id":"882b9bc195fffff","hex_id":"882b9bc195fffff","lat":43.694902,"lng":-79.548097,"resolution":8,"neighbourhood":"Etobicoke"}},{"type":"Feature","geometry":{"type":"Polygon","coordinates":[[[-79.41225493005375,43.863704533367105],[-79.41893419792108,43.8623001338016],[-79.42048070802807,43.85759330722734],[-79.41534911634729,43.85429111928456],[-79.4086709012471,43.85569518102931],[-79.40712322516423,43.86040176849159],[-79.41225493005375,43.863704533367105]]]},"properties":{"cell_id":"882b9bd0e5fffff","hex_id":"882b9bd0e5fffff","lat":43.858998,"lng":-79.413802,"resolution":8,"neighbourhood":"North Toronto"}},{"type":"Feature","geometry":{"type":"Polygon","coordinates":[[[-79.43333865609047,43.837363306745026],[-79.44001333856319,43.835958116491064],[-79.44155675894915,43.83125233158028],[-79.4364266619842,43.82795197546707],[-79.42975303050265,43.82935682762813],[-79.42820844509824,43.834062373949294],[-79.43333865609047,43.837363306745026]]]},"properties":{"cell_id":"882b9bd19bfffff","hex_id":"882b9bd19bfffff","lat":43.832658,"lng":-79.434883,"resolution":8,"neighbourhood":"North Toronto"}},{"type":"Feature","geometry":{"type":"Polygon","coordinates":[[[-79.6181820560293,43.68877931142062],[-79.62482865149518,43.68736590867865],[-79.62634785268718,43.68266526145667],[-79.62122161933446,43.67937825118836],[-79.61457606313648,43.68079131308783],[-79.61305570112432,43.68549172605197],[-79.6181820560293,43.68877931142062]]]},"properties":{"cell_id":"882b9bcf6bfffff","hex_id":"882b9bcf6bfffff","lat":43.684079,"lng":-79.619702,"resolution":8,"neighbourhood":"Etobicoke"}},{"type":"Feature","geometry":{"type":"Polygon","coordinates":[[[-79.20673671180948,43.69670208464205],[-79.21339848425553,43.695312274058956],[-79.21496066012837,43.69061627125657],[-79.20986221728917,43.687310321923476],[-79.20320149529505,43.68869979932854],[-79.20163816579216,43.69339555919937],[-79.20673671180948,43.69670208464205]]]},"properties":{"cell_id":"882b9b8b27fffff","hex_id":"882b9b8b27fffff","lat":43.692006,"lng":-79.2083,"resolution":8,"neighbourhood":"East Scarborough"}},{"type":"Feature","geometry":{"type":"Polygon","coordinates":[[[-79.35537871360165,43.80995150981015],[-79.3620520381811,43.808551275318614],[-79.36360264220804,43.80384780573189],[-79.35848108392734,43.800544810741776],[-79.3518088111332,43.80194470873235],[-79.35025704493815,43.80664793816816],[-79.35537871360165,43.80995150981015]]]},"properties":{"cell_id":"882b9bd545fffff","hex_id":"882b9bd545fffff","lat":43.805248,"lng":-79.35693,"resolution":8,"neighbourhood":"North Toronto"}},{"type":"Feature","geometry":{"type":"Polygon","coordinates":[[[-79.53540638833944,43.77201791123593],[-79.54206799635709,43.770607896917426],[-79.54359858784166,43.765904104526115],[-79.53846873496859,43.762610562652476],[-79.53180817222612,43.764020237275844],[-79.5302764171837,43.76872379342184],[-79.53540638833944,43.77201791123593]]]},"properties":{"cell_id":"882b9bc15bfffff","hex_id":"882b9bc15bfffff","lat":43.767314,"lng":-79.536938,"resolution":8,"neighbourhood":"Etobicoke North"}},{"type":"Feature","geometry":{"type":"Polygon","coordinates":[[[-79.41436804722014,43.81945396164534],[-79.42104075346742,43.81805016081872],[-79.42258554190384,43.813345494119076],[-79.41745878794698,43.81004486713682],[-79.41078713236642,43.811448330310434],[-79.40924118017934,43.81615275807336],[-79.41436804722014,43.81945396164534]]]},"properties":{"cell_id":"882b9bc24bfffff","hex_id":"882b9bc24bfffff","lat":43.814749,"lng":-79.415914,"resolution":8,"neighbourhood":"Willowdale"}},{"type":"Feature","geometry":{"type":"Polygon","coordinates":[[[-79.46569893057172,43.73858701567556],[-79.4723580476814,43.73718157435102],[-79.47389476364141,43.732480288088944],[-79.46877352316754,43.7291846807226],[-79.46211545164662,43.73058978381281],[-79.46057757511323,43.735290832457764],[-79.46569893057172,43.73858701567556]]]},"properties":{"cell_id":"882b9bc01bfffff","hex_id":"882b9bc01bfffff","lat":43.733886,"lng":-79.467236,"resolution":8,"neighbourhood":"North York"}},{"type":"Feature","geometry":{"type":"Polygon","coordinates":[[[-79.63072209899406,43.76494290403665],[-79.63737937462305,43.763527509361474],[-79.63889980980224,43.758822921976815],[-79.63376413438729,43.75553396343313],[-79.6271079011701,43.75694901666925],[-79.62558630105747,43.76165336984184],[-79.63072209899406,43.76494290403665]]]},"properties":{"cell_id":"882b9bca1bfffff","hex_id":"882b9bca1bfffff","lat":43.760238,"lng":-79.632243,"resolution":8,"neighbourhood":"NW Toronto"}},{"type":"Feature","geometry":{"type":"Polygon","coordinates":[[[-79.56128768679874,43.63522694460244],[-79.56792844792237,43.63381770777859],[-79.56945177160253,43.62912041567018],[-79.56433549132788,43.625832595641825],[-79.5576957685425,43.6272414929369],[-79.55617128779457,43.63193854974314],[-79.56128768679874,43.63522694460244]]]},"properties":{"cell_id":"882b9bcc4bfffff","hex_id":"882b9bcc4bfffff","lat":43.63053,"lng":-79.562812,"resolution":8,"neighbourhood":"Etobicoke South"}},{"type":"Feature","geometry":{"type":"Polygon","coordinates":[[[-79.53962481196778,43.85437787065503],[-79.54629833375742,43.8529662549925],[-79.54783125479707,43.84825833373943],[-79.54269182200146,43.8449622644983],[-79.53601934916207,43.84637353999713],[-79.53448526027074,43.85108122485455],[-79.53962481196778,43.85437787065503]]]},"properties":{"cell_id":"882b9bda95fffff","hex_id":"882b9bda95fffff","lat":43.84967,"lng":-79.541158,"resolution":8,"neighbourhood":"NW Toronto"}},{"type":"Feature","geometry":{"type":"Polygon","coordinates":[[[-79.40150660722558,43.83967809983656],[-79.40818271761795,43.838274713418905],[-79.40972953128093,43.83356920527928],[-79.40460139920107,43.83026732277892],[-79.39792634074952,43.83167037169017],[-79.39637836254059,43.83637564056224],[-79.40150660722558,43.83967809983656]]]},"properties":{"cell_id":"882b9bd0abfffff","hex_id":"882b9bd0abfffff","lat":43.834973,"lng":-79.403054,"resolution":8,"neighbourhood":"North Toronto"}},{"type":"Feature","geometry":{"type":"Polygon","coordinates":[[[-79.24101815989727,43.79886732309618],[-79.24769373006315,43.79747388491842],[-79.24925584716979,43.79277238710462],[-79.24414355367517,43.78946456994499],[-79.2374690377849,43.79085767382565],[-79.23590576121809,43.79555892911747],[-79.24101815989727,43.79886732309618]]]},"properties":{"cell_id":"882b9bd635fffff","hex_id":"882b9bd635fffff","lat":43.794166,"lng":-79.242581,"resolution":8,"neighbourhood":"Scarborough Town"}},{"type":"Feature","geometry":{"type":"Polygon","coordinates":[[[-79.28573940230424,43.77639716527264],[-79.29241017223667,43.77500150216778],[-79.29396687290054,43.77030055766454],[-79.28885396289249,43.76699551773546],[-79.28218424502566,43.768390845805236],[-79.28062638520525,43.77309154879354],[-79.28573940230424,43.77639716527264]]]},"properties":{"cell_id":"882b9bd405fffff","hex_id":"882b9bd405fffff","lat":43.771696,"lng":-79.287297,"resolution":8,"neighbourhood":"North York"}},{"type":"Feature","geometry":{"type":"Polygon","coordinates":[[[-79.44410306557502,43.86138598929371],[-79.45078090266946,43.85997978413175],[-79.45232401574339,43.855272680880276],[-79.44719045827463,43.85197202117797],[-79.44051367299555,43.85337788793233],[-79.43896939347329,43.85808475275054],[-79.44410306557502,43.86138598929371]]]},"properties":{"cell_id":"882b9bd1d5fffff","hex_id":"882b9bd1d5fffff","lat":43.856679,"lng":-79.445647,"resolution":8,"neighbourhood":"North Toronto"}},{"type":"Feature","geometry":{"type":"Polygon","coordinates":[[[-79.34467275190973,43.785932739426904],[-79.35134292196031,43.784533514124846],[-79.35289382207803,43.77983136567692],[-79.34777571299237,43.776528682789895],[-79.3411065939002,43.77792757190431],[-79.33955453303888,43.78262948004761],[-79.34467275190973,43.785932739426904]]]},"properties":{"cell_id":"882b9bd50bfffff","hex_id":"882b9bd50bfffff","lat":43.781231,"lng":-79.346224,"resolution":8,"neighbourhood":"North Toronto"}},{"type":"Feature","geometry":{"type":"Polygon","coordinates":[[[-79.29997247656884,43.80842790495211],[-79.30664745753049,43.807030900665026],[-79.30820377255043,43.802328193870494],[-79.3030862677675,43.7990227326293],[-79.2964123399783,43.80041940146446],[-79.29485486390367,43.805121866947054],[-79.29997247656884,43.80842790495211]]]},"properties":{"cell_id":"882b9bd73bfffff","hex_id":"882b9bd73bfffff","lat":43.803725,"lng":-79.30153,"resolution":8,"neighbourhood":"North Toronto"}},{"type":"Feature","geometry":{"type":"Polygon","coordinates":[[[-79.6107476449397,43.76918692601119],[-79.61740623401576,43.76777261244122],[-79.61892888997271,43.76306805340931],[-79.61379412174291,43.75977804254749],[-79.60713657580611,43.761192015030254],[-79.60561275506147,43.7658963394158],[-79.6107476449397,43.76918692601119]]]},"properties":{"cell_id":"882b9bc121fffff","hex_id":"882b9bc121fffff","lat":43.764482,"lng":-79.612271,"resolution":8,"neighbourhood":"NW Toronto"}},{"type":"Feature","geometry":{"type":"Polygon","coordinates":[[[-79.42573513170252,43.74701207708764],[-79.43239684704079,43.74560880373924],[-79.4339380008382,43.740907587214146],[-79.42881859966563,43.73760988247499],[-79.42215793135829,43.739012818297425],[-79.42061561729534,43.743713796339115],[-79.42573513170252,43.74701207708764]]]},"properties":{"cell_id":"882b9bc285fffff","hex_id":"882b9bc285fffff","lat":43.742311,"lng":-79.427277,"resolution":8,"neighbourhood":"North York"}},{"type":"Feature","geometry":{"type":"Polygon","coordinates":[[[-79.47645687766054,43.76258197212976],[-79.48311913317008,43.76117551547358],[-79.48465553931894,43.75647290674084],[-79.47953085205495,43.753176992079176],[-79.47286964295103,43.75458311018667],[-79.47133207480798,43.759285481458534],[-79.47645687766054,43.76258197212976]]]},"properties":{"cell_id":"882b9bc055fffff","hex_id":"882b9bc055fffff","lat":43.757879,"lng":-79.477994,"resolution":8,"neighbourhood":"Downsview"}},{"type":"Feature","geometry":{"type":"Polygon","coordinates":[[[-79.489800065215,43.816700096588676],[-79.49646978246523,43.81529198021901],[-79.49800662479964,43.81058652716349],[-79.4928749149911,43.807289427769526],[-79.4862062462815,43.808697205085636],[-79.48466823894259,43.81340242080317],[-79.489800065215,43.816700096588676]]]},"properties":{"cell_id":"882b9bc351fffff","hex_id":"882b9bc351fffff","lat":43.811995,"lng":-79.491338,"resolution":8,"neighbourhood":"NW Toronto"}},{"type":"Feature","geometry":{"type":"Polygon","coordinates":[[[-79.51584407146089,43.679853399794546],[-79.52249289627026,43.67844603714675],[-79.52402242909069,43.673747065165905],[-79.51890429570872,43.67045569217597],[-79.51225651247394,43.671862715930175],[-79.51072582114821,43.67656145152196],[-79.51584407146089,43.679853399794546]]]},"properties":{"cell_id":"882b9bce41fffff","hex_id":"882b9bce41fffff","lat":43.675154,"lng":-79.517374,"resolution":8,"neighbourhood":"Etobicoke"}},{"type":"Feature","geometry":{"type":"Polygon","coordinates":[[[-79.2173497760961,43.720712245239234],[-79.22401470155884,43.7193214344999],[-79.2255765988208,43.714624105860196],[-79.22047472576939,43.71131783069638],[-79.21381085158909,43.7127083079466],[-79.21224779928183,43.717405393804306],[-79.2173497760961,43.720712245239234]]]},"properties":{"cell_id":"882b9bd4d1fffff","hex_id":"882b9bd4d1fffff","lat":43.716015,"lng":-79.218912,"resolution":8,"neighbourhood":"East Scarborough"}},{"type":"Feature","geometry":{"type":"Polygon","coordinates":[[[-79.29886104127253,43.830547630298526],[-79.3055393031281,43.82915033300138],[-79.30709648955838,43.82444654694959],[-79.30197657639967,43.82114029955083],[-79.29529936876938,43.8225372613141],[-79.29374102017677,43.827240805964266],[-79.29886104127253,43.830547630298526]]]},"properties":{"cell_id":"882b9bd701fffff","hex_id":"882b9bd701fffff","lat":43.825844,"lng":-79.300419,"resolution":8,"neighbourhood":"North Toronto"}},{"type":"Feature","geometry":{"type":"Polygon","coordinates":[[[-79.12431602348931,43.831903081431086],[-79.13100035223425,43.83051587537801],[-79.13257573665179,43.82581421855341],[-79.12746795136103,43.82250001280788],[-79.12078468147006,43.82388688661575],[-79.11920813812138,43.82858829836899],[-79.12431602348931,43.831903081431086]]]},"properties":{"cell_id":"882b9b994dfffff","hex_id":"882b9b994dfffff","lat":43.827201,"lng":-79.125892,"resolution":8,"neighbourhood":"Rouge"}},{"type":"Feature","geometry":{"type":"Polygon","coordinates":[[[-79.49846888228612,43.71415909557286],[-79.50512330819544,43.71275216689367],[-79.50665579689779,43.70805169678332],[-79.50153501972446,43.70475839216145],[-79.49488163741789,43.7061649821091],[-79.49334798878394,43.71086521536418],[-79.49846888228612,43.71415909557286]]]},"properties":{"cell_id":"882b9bc0e7fffff","hex_id":"882b9bc0e7fffff","lat":43.709459,"lng":-79.500002,"resolution":8,"neighbourhood":"Weston"}},{"type":"Feature","geometry":{"type":"Polygon","coordinates":[[[-79.23140188061073,43.678444113070476],[-79.23806015952466,43.677053173112746],[-79.239619153904,43.67235776945194],[-79.2345210226428,43.66905354806292],[-79.22786379269895,43.67044415446291],[-79.22630364514991,43.67513931576428],[-79.23140188061073,43.678444113070476]]]},"properties":{"cell_id":"882b9b896bfffff","hex_id":"882b9b896bfffff","lat":43.673749,"lng":-79.232962,"resolution":8,"neighbourhood":"East Scarborough"}},{"type":"Feature","geometry":{"type":"Polygon","coordinates":[[[-79.5108163804364,43.79035832165682],[-79.51748151825551,43.788949424357924],[-79.51901528521579,43.784245020392916],[-79.5138850785034,43.78094975049831],[-79.50722098745493,43.78235830847483],[-79.50568605645067,43.787062475622264],[-79.5108163804364,43.79035832165682]]]},"properties":{"cell_id":"882b9bc317fffff","hex_id":"882b9bc317fffff","lat":43.785654,"lng":-79.512351,"resolution":8,"neighbourhood":"Etobicoke North"}},{"type":"Feature","geometry":{"type":"Polygon","coordinates":[[[-79.44167994432928,43.660531831645805],[-79.44832849241267,43.65912905945168],[-79.44986507339306,43.654431951567304],[-79.44475426255815,43.651137853724094],[-79.43810675712245,43.65254028850084],[-79.43656901997606,43.65723715849239],[-79.44167994432928,43.660531831645805]]]},"properties":{"cell_id":"882b9bc547fffff","hex_id":"882b9bc547fffff","lat":43.655835,"lng":-79.443217,"resolution":8,"neighbourhood":"Roncesvalles"}},{"type":"Feature","geometry":{"type":"Polygon","coordinates":[[[-79.53678210283445,43.6535455628502],[-79.54342637447084,43.65213743108844],[-79.54495285298937,43.64743951878004],[-79.53983621752431,43.64414997405892],[-79.5331929857086,43.64555776666136],[-79.53166534963862,43.6502554430983],[-79.53678210283445,43.6535455628502]]]},"properties":{"cell_id":"882b9bce07fffff","hex_id":"882b9bce07fffff","lat":43.648848,"lng":-79.538309,"resolution":8,"neighbourhood":"Etobicoke South"}},{"type":"Feature","geometry":{"type":"Polygon","coordinates":[[[-79.23848176412497,43.69444568313377],[-79.24514214180688,43.69305407574938],[-79.24670094882282,43.68835778763772],[-79.24160053237252,43.685053349124544],[-79.2349412042126,43.68644462274375],[-79.23338124308475,43.69114066859589],[-79.23848176412497,43.69444568313377]]]},"properties":{"cell_id":"882b9bd497fffff","hex_id":"882b9bd497fffff","lat":43.689749,"lng":-79.240041,"resolution":8,"neighbourhood":"East Scarborough"}},{"type":"Feature","geometry":{"type":"Polygon","coordinates":[[[-79.18679201020728,43.77517698273581],[-79.19346593083598,43.773787063566495],[-79.19503286849606,43.76908741909572],[-79.18992704286447,43.765777937336935],[-79.18325417683069,43.76716752334148],[-79.18168608193827,43.77186692422413],[-79.18679201020728,43.77517698273581]]]},"properties":{"cell_id":"882b9bd6c7fffff","hex_id":"882b9bd6c7fffff","lat":43.770477,"lng":-79.18836,"resolution":8,"neighbourhood":"Scarborough"}},{"type":"Feature","geometry":{"type":"Polygon","coordinates":[[[-79.50665579689779,43.70805169678332],[-79.51330905030673,43.70664439708604],[-79.51484048333374,43.7019441316684],[-79.50971982282456,43.698651402567044],[-79.50306761252229,43.70005836340878],[-79.50153501972446,43.70475839216145],[-79.50665579689779,43.70805169678332]]]},"properties":{"cell_id":"882b9bc0adfffff","hex_id":"882b9bc0adfffff","lat":43.703351,"lng":-79.508188,"resolution":8,"neighbourhood":"Weston"}},{"type":"Feature","geometry":{"type":"Polygon","coordinates":[[[-79.11958568165046,43.84600927277081],[-79.12627223968398,43.844622116777984],[-79.12784860384949,43.83991982455014],[-79.12273956964637,43.83660493348352],[-79.11605407124628,43.83799175725597],[-79.11447654752149,43.84269380427001],[-79.11958568165046,43.84600927277081]]]},"properties":{"cell_id":"882b9b9b25fffff","hex_id":"882b9b9b25fffff","lat":43.841307,"lng":-79.121163,"resolution":8,"neighbourhood":"East Scarborough"}},{"type":"Feature","geometry":{"type":"Polygon","coordinates":[[[-79.38575576083916,43.75542412070347],[-79.39242006943911,43.75402301817038],[-79.39396566291686,43.74932187492881],[-79.38884810785147,43.74602207352418],[-79.38218484772294,43.747422839241146],[-79.38063809429148,43.75212374313308],[-79.38575576083916,43.75542412070347]]]},"properties":{"cell_id":"882b9bc2ddfffff","hex_id":"882b9bc2ddfffff","lat":43.750723,"lng":-79.387302,"resolution":8,"neighbourhood":"York Mills"}},{"type":"Feature","geometry":{"type":"Polygon","coordinates":[[[-79.44986507339306,43.654431951567304],[-79.45651245307567,43.65302880848907],[-79.45804797966778,43.648331905155004],[-79.45293728268646,43.64503838255616],[-79.44629094515746,43.64644118809278],[-79.44475426255815,43.651137853724094],[-79.44986507339306,43.654431951567304]]]},"properties":{"cell_id":"882b9bc50dfffff","hex_id":"882b9bc50dfffff","lat":43.649735,"lng":-79.451401,"resolution":8,"neighbourhood":"Roncesvalles"}},{"type":"Feature","geometry":{"type":"Polygon","coordinates":[[[-79.40534777355452,43.67693501697526],[-79.41199995179448,43.67553406851115],[-79.41354085530281,43.670836587008395],[-79.40843073700218,43.66754029262898],[-79.4017796031155,43.66894090427812],[-79.40023754327864,43.67363814707589],[-79.40534777355452,43.67693501697526]]]},"properties":{"cell_id":"882b9bc73dfffff","hex_id":"882b9bc73dfffff","lat":43.672238,"lng":-79.406889,"resolution":8,"neighbourhood":"Annex"}},{"type":"Feature","geometry":{"type":"Polygon","coordinates":[[[-79.56423741491918,43.83601874856591],[-79.5709073949134,43.83460601289995],[-79.57243713337684,43.82989870149449],[-79.56729805930973,43.82660436153096],[-79.5606291267636,43.82801675666007],[-79.55909822093885,43.83272383224331],[-79.56423741491918,43.83601874856591]]]},"properties":{"cell_id":"882b9bd8d9fffff","hex_id":"882b9bd8d9fffff","lat":43.831311,"lng":-79.565768,"resolution":8,"neighbourhood":"NW Toronto"}},{"type":"Feature","geometry":{"type":"Polygon","coordinates":[[[-79.21504984360233,43.76491543282057],[-79.22172131348333,43.76352404341893],[-79.22328496431027,43.75882455163033],[-79.21817830260508,43.75551669216217],[-79.21150788610754,43.75690774791344],[-79.20994307803612,43.76160699673776],[-79.21504984360233,43.76491543282057]]]},"properties":{"cell_id":"882b9bd6a9fffff","hex_id":"882b9bd6a9fffff","lat":43.760216,"lng":-79.216614,"resolution":8,"neighbourhood":"Scarborough"}},{"type":"Feature","geometry":{"type":"Polygon","coordinates":[[[-79.24570576508123,43.784763512771306],[-79.25237911078132,43.7833700303811],[-79.25394025748257,43.77866917159029],[-79.24882921741863,43.77536203752507],[-79.24215692521895,43.77675518559519],[-79.2405946196871,43.78145580200505],[-79.24570576508123,43.784763512771306]]]},"properties":{"cell_id":"882b9bd45dfffff","hex_id":"882b9bd45dfffff","lat":43.780063,"lng":-79.247268,"resolution":8,"neighbourhood":"Scarborough Town"}},{"type":"Feature","geometry":{"type":"Polygon","coordinates":[[[-79.19503286849606,43.76908741909572],[-79.20170562096885,43.767697120737004],[-79.20327149360712,43.76299767395711],[-79.19816577095591,43.75968876888727],[-79.19149407258148,43.76107873395383],[-79.18992704286447,43.765777937336935],[-79.19503286849606,43.76908741909572]]]},"properties":{"cell_id":"882b9bd68dfffff","hex_id":"882b9bd68dfffff","lat":43.764388,"lng":-79.196599,"resolution":8,"neighbourhood":"Scarborough"}},{"type":"Feature","geometry":{"type":"Polygon","coordinates":[[[-79.62063375546306,43.81529217765376],[-79.62729874489499,43.813876528010226],[-79.62882191201285,43.80916956403173],[-79.62368125712874,43.80587848422047],[-79.61701731268548,43.807293792373066],[-79.61549297823952,43.81200052178152],[-79.62063375546306,43.81529217765376]]]},"properties":{"cell_id":"882b9bd8bdfffff","hex_id":"882b9bd8bdfffff","lat":43.810585,"lng":-79.622158,"resolution":8,"neighbourhood":"NW Toronto"}},{"type":"Feature","geometry":{"type":"Polygon","coordinates":[[[-79.34901880608706,43.69752500879473],[-79.35567590267377,43.696126971653015],[-79.35722334795516,43.69142915764431],[-79.35211485308291,43.688129620681266],[-79.3454588032717,43.68952732196691],[-79.3439102016602,43.694224896026014],[-79.34901880608706,43.69752500879473]]]},"properties":{"cell_id":"882b9bc759fffff","hex_id":"882b9bc759fffff","lat":43.692827,"lng":-79.350567,"resolution":8,"neighbourhood":"Danforth"}},{"type":"Feature","geometry":{"type":"Polygon","coordinates":[[[-79.46980591770442,43.650221443494544],[-79.47645200237683,43.648817221735605],[-79.47798531887452,43.64412028594208],[-79.47287370696111,43.64082780913277],[-79.46622866372509,43.6422316929975],[-79.46469419106788,43.64692839151994],[-79.46980591770442,43.650221443494544]]]},"properties":{"cell_id":"882b9bc529fffff","hex_id":"882b9bc529fffff","lat":43.645525,"lng":-79.47134,"resolution":8,"neighbourhood":"South Toronto"}},{"type":"Feature","geometry":{"type":"Polygon","coordinates":[[[-79.4421386387826,43.73480292668353],[-79.4487980093165,43.73339890687219],[-79.45033704611008,43.728698096086866],[-79.44521787241905,43.725401543169085],[-79.43855954792252,43.726805225204735],[-79.43701935118219,43.73150579788797],[-79.4421386387826,43.73480292668353]]]},"properties":{"cell_id":"882b9bc2a3fffff","hex_id":"882b9bc2a3fffff","lat":43.730102,"lng":-79.443678,"resolution":8,"neighbourhood":"North York"}},{"type":"Feature","geometry":{"type":"Polygon","coordinates":[[[-79.45033704611008,43.728698096086866],[-79.45699524441976,43.72729370353674],[-79.45853322339505,43.722593096015075],[-79.45341416395031,43.719297118909175],[-79.44675701118152,43.72070117355894],[-79.44521787241905,43.725401543169085],[-79.45033704611008,43.728698096086866]]]},"properties":{"cell_id":"882b9bc0c9fffff","hex_id":"882b9bc0c9fffff","lat":43.723998,"lng":-79.451876,"resolution":8,"neighbourhood":"North York"}},{"type":"Feature","geometry":{"type":"Polygon","coordinates":[[[-79.38538865503247,43.68113569915127],[-79.39204212503593,43.67973583237383],[-79.393585241392,43.67503838645295],[-79.38847604402011,43.671741046400655],[-79.38182361908649,43.67314057671711],[-79.38027934655754,43.677837783501154],[-79.38538865503247,43.68113569915127]]]},"properties":{"cell_id":"882b9bc703fffff","hex_id":"882b9bc703fffff","lat":43.676438,"lng":-79.386933,"resolution":8,"neighbourhood":"Midtown"}},{"type":"Feature","geometry":{"type":"Polygon","coordinates":[[[-79.30219210985692,43.764203772496835],[-79.30886053867616,43.76280735548476],[-79.31041511374393,43.75810681036241],[-79.3053024189404,43.75480292333918],[-79.29863504119271,43.75619900506341],[-79.29707930728077,43.760899309053066],[-79.30219210985692,43.764203772496835]]]},"properties":{"cell_id":"882b9bd423fffff","hex_id":"882b9bd423fffff","lat":43.759503,"lng":-79.303747,"resolution":8,"neighbourhood":"Wexford"}},{"type":"Feature","geometry":{"type":"Polygon","coordinates":[[[-79.18091874223823,43.81139187627559],[-79.18759816795531,43.8100017171202],[-79.18916696162901,43.805300355981835],[-79.18405748865318,43.801989397774896],[-79.17737911936236,43.8033792237093],[-79.17580916672608,43.80808034102616],[-79.18091874223823,43.81139187627559]]]},"properties":{"cell_id":"882b9bd653fffff","hex_id":"882b9bd653fffff","lat":43.806691,"lng":-79.182488,"resolution":8,"neighbourhood":"Malvern"}},{"type":"Feature","geometry":{"type":"Polygon","coordinates":[[[-79.60063615567844,43.81953695850396],[-79.60730246071765,43.81812239298047],[-79.60882785356024,43.81341545878438],[-79.60368810864708,43.81012332507061],[-79.59702284932612,43.81153754945594],[-79.59549628930213,43.816244248646875],[-79.60063615567844,43.81953695850396]]]},"properties":{"cell_id":"882b9bd883fffff","hex_id":"882b9bd883fffff","lat":43.81483,"lng":-79.602162,"resolution":8,"neighbourhood":"NW Toronto"}},{"type":"Feature","geometry":{"type":"Polygon","coordinates":[[[-79.55603545558675,43.84213862617861],[-79.56270661605683,43.84072626351707],[-79.56423741491918,43.83601874856591],[-79.55909822093885,43.83272383224331],[-79.5524281084174,43.83413585449223],[-79.55089614203013,43.83884313343012],[-79.55603545558675,43.84213862617861]]]},"properties":{"cell_id":"882b9bdab3fffff","hex_id":"882b9bdab3fffff","lat":43.837431,"lng":-79.557567,"resolution":8,"neighbourhood":"NW Toronto"}},{"type":"Feature","geometry":{"type":"Polygon","coordinates":[[[-79.20681249005364,43.771006133498574],[-79.2134851283626,43.769615122756015],[-79.21504984360233,43.76491543282057],[-79.20994307803612,43.76160699673776],[-79.20327149360712,43.76299767395711],[-79.20170562096885,43.767697120737004],[-79.20681249005364,43.771006133498574]]]},"properties":{"cell_id":"882b9bd6e3fffff","hex_id":"882b9bd6e3fffff","lat":43.766306,"lng":-79.208378,"resolution":8,"neighbourhood":"Scarborough"}},{"type":"Feature","geometry":{"type":"Polygon","coordinates":[[[-79.25846161582233,43.69026977491907],[-79.2651207118782,43.688877081629094],[-79.26667730442946,43.68418075178464],[-79.26157595530319,43.68087735701279],[-79.25491790805658,43.68226971618114],[-79.25336016123059,43.68696580419753],[-79.25846161582233,43.69026977491907]]]},"properties":{"cell_id":"882b9bd4b3fffff","hex_id":"882b9bd4b3fffff","lat":43.685573,"lng":-79.260019,"resolution":8,"neighbourhood":"Central Toronto"}},{"type":"Feature","geometry":{"type":"Polygon","coordinates":[[[-79.50104616464242,43.74425426872829],[-79.50770489709778,43.74284669494417],[-79.50923812946093,43.73814469728688],[-79.50411379098244,43.734850510256656],[-79.49745610344044,43.73625774511887],[-79.49592170956576,43.74095950588721],[-79.50104616464242,43.74425426872829]]]},"properties":{"cell_id":"882b9bc039fffff","hex_id":"882b9bc039fffff","lat":43.739552,"lng":-79.50258,"resolution":8,"neighbourhood":"Black Creek"}},{"type":"Feature","geometry":{"type":"Polygon","coordinates":[[[-79.44977262172655,43.82514118220379],[-79.45644494971017,43.823735241259975],[-79.4579862450007,43.8190298592092],[-79.45285637710815,43.81573065626334],[-79.44618509911616,43.81713625886358],[-79.44464263912826,43.82184140270724],[-79.44977262172655,43.82514118220379]]]},"properties":{"cell_id":"882b9bc269fffff","hex_id":"882b9bc269fffff","lat":43.820436,"lng":-79.451315,"resolution":8,"neighbourhood":"North Toronto"}},{"type":"Feature","geometry":{"type":"Polygon","coordinates":[[[-79.55671361665411,43.649320090861096],[-79.56335658692863,43.64791088255356],[-79.56488085568094,43.64321294127859],[-79.55976331195954,43.6399244437046],[-79.55312138078591,43.64133331250155],[-79.55159595433396,43.6460310183371],[-79.55671361665411,43.649320090861096]]]},"properties":{"cell_id":"882b9bce23fffff","hex_id":"882b9bce23fffff","lat":43.644622,"lng":-79.558239,"resolution":8,"neighbourhood":"Etobicoke South"}},{"type":"Feature","geometry":{"type":"Polygon","coordinates":[[[-79.62824517404435,43.63849733280821],[-79.63488409830963,43.637084191789846],[-79.63640058213296,43.632385935007036],[-79.63127930023717,43.629101053097294],[-79.6246414126841,43.63051385332604],[-79.62312377041523,43.635211876208054],[-79.62824517404435,43.63849733280821]]]},"properties":{"cell_id":"882b9bcd59fffff","hex_id":"882b9bcd59fffff","lat":43.633799,"lng":-79.629762,"resolution":8,"neighbourhood":"Etobicoke"}},{"type":"Feature","geometry":{"type":"Polygon","coordinates":[[[-79.46162429410055,43.65632243569494],[-79.46827154743109,43.654918584289675],[-79.46980591770442,43.650221443494544],[-79.46469419106788,43.64692839151994],[-79.45804797966778,43.648331905155004],[-79.45651245307567,43.65302880848907],[-79.46162429410055,43.65632243569494]]]},"properties":{"cell_id":"882b9bc563fffff","hex_id":"882b9bc563fffff","lat":43.651625,"lng":-79.463159,"resolution":8,"neighbourhood":"High Park"}},{"type":"Feature","geometry":{"type":"Polygon","coordinates":[[[-79.53081048689182,43.786130544916425],[-79.5374743174338,43.784720562932606],[-79.5390058612497,43.7800161261796],[-79.53387473882067,43.77672190774763],[-79.52721195432383,43.77813155005537],[-79.52567924631317,43.78283575042503],[-79.53081048689182,43.786130544916425]]]},"properties":{"cell_id":"882b9bc333fffff","hex_id":"882b9bc333fffff","lat":43.781426,"lng":-79.532343,"resolution":8,"neighbourhood":"Etobicoke North"}},{"type":"Feature","geometry":{"type":"Polygon","coordinates":[[[-79.57536949554074,43.76355241030796],[-79.58202848623657,43.76214023053884],[-79.583554635625,43.75743637617711],[-79.57842295827507,43.75414493691558],[-79.57176501140331,43.755556776283804],[-79.57023769815926,43.76026039526826],[-79.57536949554074,43.76355241030796]]]},"properties":{"cell_id":"882b9bc103fffff","hex_id":"882b9bc103fffff","lat":43.758849,"lng":-79.576896,"resolution":8,"neighbourhood":"NW Toronto"}},{"type":"Feature","geometry":{"type":"Polygon","coordinates":[[[-79.14436772916616,43.82774036693809],[-79.15105077707115,43.82635206470716],[-79.15262393341861,43.821650358738346],[-79.14751520106735,43.818337199593174],[-79.14083321130062,43.819725169218664],[-79.13925889585221,43.824426630549354],[-79.14436772916616,43.82774036693809]]]},"properties":{"cell_id":"882b9b9969fffff","hex_id":"882b9b9969fffff","lat":43.823039,"lng":-79.145942,"resolution":8,"neighbourhood":"Rouge"}},{"type":"Feature","geometry":{"type":"Polygon","coordinates":[[[-79.46875918922814,43.84304554022963],[-79.47543349026617,43.84163820839955],[-79.47697341370326,43.836931709180675],[-79.47184020217045,43.83363277960491],[-79.46516695144624,43.835039772651356],[-79.46362586204415,43.83974603401112],[-79.46875918922814,43.84304554022963]]]},"properties":{"cell_id":"882b9bd1b9fffff","hex_id":"882b9bd1b9fffff","lat":43.838339,"lng":-79.4703,"resolution":8,"neighbourhood":"North Toronto"}},{"type":"Feature","geometry":{"type":"Polygon","coordinates":[[[-79.18916696162901,43.805300355981835],[-79.19584521747412,43.80390981659627],[-79.19741294430999,43.799208652397915],[-79.19230357421439,43.795898271169534],[-79.18562637429781,43.79728847720643],[-79.18405748865318,43.801989397774896],[-79.18916696162901,43.805300355981835]]]},"properties":{"cell_id":"882b9bd619fffff","hex_id":"882b9bd619fffff","lat":43.800599,"lng":-79.190735,"resolution":8,"neighbourhood":"Malvern"}},{"type":"Feature","geometry":{"type":"Polygon","coordinates":[[[-79.2835031718268,43.82062678966678],[-79.29018049834481,43.819230541615916],[-79.29173894318501,43.81452743708225],[-79.28662122297933,43.81122082224855],[-79.27994495063074,43.81261673510087],[-79.27838534442267,43.81731959793972],[-79.2835031718268,43.82062678966678]]]},"properties":{"cell_id":"882b9bd71dfffff","hex_id":"882b9bd71dfffff","lat":43.815924,"lng":-79.285062,"resolution":8,"neighbourhood":"Agincourt"}},{"type":"Feature","geometry":{"type":"Polygon","coordinates":[[[-79.2715262302766,43.74437517011251],[-79.27819279360547,43.74298084652338],[-79.27974987712248,43.73828166629021],[-79.27464155467698,43.73497705131771],[-79.26797604230806,43.73637104028807],[-79.26641780152856,43.741069978804134],[-79.2715262302766,43.74437517011251]]]},"properties":{"cell_id":"882b9bd4edfffff","hex_id":"882b9bd4edfffff","lat":43.739676,"lng":-79.273084,"resolution":8,"neighbourhood":"Scarborough"}},{"type":"Feature","geometry":{"type":"Polygon","coordinates":[[[-79.38505403615548,43.85189535978392],[-79.39173250022498,43.85049272685261],[-79.39328144237606,43.84578681820289],[-79.38815308542634,43.842483782089026],[-79.38147567429769,43.84388607776575],[-79.3799255672817,43.84859174676499],[-79.38505403615548,43.85189535978392]]]},"properties":{"cell_id":"882b9bd08dfffff","hex_id":"882b9bd08dfffff","lat":43.847189,"lng":-79.386604,"resolution":8,"neighbourhood":"North Toronto"}},{"type":"Feature","geometry":{"type":"Polygon","coordinates":[[[-79.50049149587936,43.66997718578551],[-79.5071394080879,43.668570870687205],[-79.50867020356438,43.66387257696604],[-79.50355424465725,43.6605808349807],[-79.49690737397792,43.66198681151862],[-79.49537542077823,43.666684868556366],[-79.50049149587936,43.66997718578551]]]},"properties":{"cell_id":"882b9bce5dfffff","hex_id":"882b9bce5dfffff","lat":43.665279,"lng":-79.502023,"resolution":8,"neighbourhood":"Etobicoke South"}},{"type":"Feature","geometry":{"type":"Polygon","coordinates":[[[-79.62103890498527,43.62253091755856],[-79.62767575609315,43.62111845801432],[-79.62919245742361,43.61642108570091],[-79.62407346525197,43.61313640689238],[-79.61743765032232,43.61454852585714],[-79.61591979148665,43.619245664163834],[-79.62103890498527,43.62253091755856]]]},"properties":{"cell_id":"882b9bcc2dfffff","hex_id":"882b9bcc2dfffff","lat":43.617834,"lng":-79.622556,"resolution":8,"neighbourhood":"Etobicoke"}},{"type":"Feature","geometry":{"type":"Polygon","coordinates":[[[-79.28664981310571,43.68000046050402],[-79.29330646047758,43.67860630701293],[-79.29485978003527,43.673910137323666],[-79.28975760660595,43.670608362286046],[-79.2831020068361,43.67200218117351],[-79.28154753299684,43.67669810965673],[-79.28664981310571,43.68000046050402]]]},"properties":{"cell_id":"882b9bc655fffff","hex_id":"882b9bc655fffff","lat":43.675304,"lng":-79.288204,"resolution":8,"neighbourhood":"The Beaches"}},{"type":"Feature","geometry":{"type":"Polygon","coordinates":[[[-79.60376561737289,43.65683057300731],[-79.61040805737555,43.655418533004486],[-79.61192769224138,43.65071965239556],[-79.60680604613985,43.64743304621313],[-79.60016464433305,43.64884474579393],[-79.59864385053285,43.65354339193311],[-79.60376561737289,43.65683057300731]]]},"properties":{"cell_id":"882b9bcf15fffff","hex_id":"882b9bcf15fffff","lat":43.652132,"lng":-79.605286,"resolution":8,"neighbourhood":"Etobicoke"}},{"type":"Feature","geometry":{"type":"Polygon","coordinates":[[[-79.54422484941088,43.840254782468975],[-79.55089614203013,43.83884313343012],[-79.5524281084174,43.83413585449223],[-79.54728994949966,43.83084046080442],[-79.54061970505735,43.832251769660374],[-79.53908657145841,43.83695881234084],[-79.54422484941088,43.840254782468975]]]},"properties":{"cell_id":"882b9bc36dfffff","hex_id":"882b9bc36dfffff","lat":43.835548,"lng":-79.545758,"resolution":8,"neighbourhood":"NW Toronto"}},{"type":"Feature","geometry":{"type":"Polygon","coordinates":[[[-79.59534515739132,43.759314789189425],[-79.60200283757656,43.75790152776825],[-79.6035267666261,43.75319764375118],[-79.598394179595,43.749907256052325],[-79.5917375425077,43.75132017672033],[-79.59021244945518,43.75602382579416],[-79.59534515739132,43.759314789189425]]]},"properties":{"cell_id":"882b9bc13dfffff","hex_id":"882b9bc13dfffff","lat":43.754611,"lng":-79.59687,"resolution":8,"neighbourhood":"Rexdale"}},{"type":"Feature","geometry":{"type":"Polygon","coordinates":[[[-79.37504676305,43.73142191262806],[-79.38170792705789,43.73002182023004],[-79.38325381951464,43.72532200032977],[-79.37813970660059,43.72202251228536],[-79.37147959024205,43.723422268180535],[-79.36993253925121,43.72812184857722],[-79.37504676305,43.73142191262806]]]},"properties":{"cell_id":"882b9bd5a5fffff","hex_id":"882b9bd5a5fffff","lat":43.726722,"lng":-79.376593,"resolution":8,"neighbourhood":"Lawrence Park"}},{"type":"Feature","geometry":{"type":"Polygon","coordinates":[[[-79.13733741235704,43.73737365557629],[-79.14400745138978,43.735987203246296],[-79.14557822130264,43.731290055948726],[-79.14048010666625,43.72797960544483],[-79.13381112176502,43.72936572571792],[-79.13223919747342,43.73406262850652],[-79.13733741235704,43.73737365557629]]]},"properties":{"cell_id":"882b9b99a3fffff","hex_id":"882b9b99a3fffff","lat":43.732677,"lng":-79.138909,"resolution":8,"neighbourhood":"East Scarborough"}},{"type":"Feature","geometry":{"type":"Polygon","coordinates":[[[-79.2422907253975,43.851120838594476],[-79.24897391781516,43.84972648690326],[-79.25053769520835,43.84502239265806],[-79.24541944243687,43.84171289271144],[-79.23873730668373,43.84310690983958],[-79.2371723671423,43.847810761431745],[-79.2422907253975,43.851120838594476]]]},"properties":{"cell_id":"882b986dbbfffff","hex_id":"882b986dbbfffff","lat":43.846417,"lng":-79.243855,"resolution":8,"neighbourhood":"East Scarborough"}},{"type":"Feature","geometry":{"type":"Polygon","coordinates":[[[-79.5547464562753,43.69349271109976],[-79.56139593105492,43.69208288196853],[-79.56292188028144,43.68738276073729],[-79.55779951473808,43.68409270420041],[-79.551151081126,43.68550219364793],[-79.54962397199124,43.69020207926998],[-79.5547464562753,43.69349271109976]]]},"properties":{"cell_id":"882b9bc1bbfffff","hex_id":"882b9bc1bbfffff","lat":43.688793,"lng":-79.556273,"resolution":8,"neighbourhood":"Etobicoke"}},{"type":"Feature","geometry":{"type":"Polygon","coordinates":[[[-79.27601010787433,43.65600727319995],[-79.28266361326436,43.654614123208056],[-79.28421721911731,43.6499192807298],[-79.27911847255308,43.6466178295549],[-79.27246601394098,43.64801064525474],[-79.2709112552184,43.6527052463761],[-79.27601010787433,43.65600727319995]]]},"properties":{"cell_id":"882b9bc61bfffff","hex_id":"882b9bc61bfffff","lat":43.651312,"lng":-79.277564,"resolution":8,"neighbourhood":"Central Toronto"}},{"type":"Feature","geometry":{"type":"Polygon","coordinates":[[[-79.27526516192205,43.82672596211133],[-79.28194366139078,43.825330092672914],[-79.2835031718268,43.82062678966678],[-79.27838534442267,43.81731959793972],[-79.27170789962203,43.81871513230646],[-79.27014722766181,43.82341819342625],[-79.27526516192205,43.82672596211133]]]},"properties":{"cell_id":"882b9bd757fffff","hex_id":"882b9bd757fffff","lat":43.822023,"lng":-79.276825,"resolution":8,"neighbourhood":"Agincourt"}},{"type":"Feature","geometry":{"type":"Polygon","coordinates":[[[-79.39647599082237,43.77943123348999],[-79.40314344648189,43.77802911988142],[-79.40468873939501,43.77332665441238],[-79.39956773812746,43.77002654170127],[-79.39290133176208,43.77142831818014],[-79.39135487747332,43.77613054445398],[-79.39647599082237,43.77943123348999]]]},"properties":{"cell_id":"882b9bd527fffff","hex_id":"882b9bd527fffff","lat":43.774729,"lng":-79.398022,"resolution":8,"neighbourhood":"North York Centre"}},{"type":"Feature","geometry":{"type":"Polygon","coordinates":[[[-79.376824387987,43.85800372398507],[-79.38350402907216,43.85660146829202],[-79.38505403615548,43.85189535978392],[-79.3799255672817,43.84859174676499],[-79.37324697963761,43.84999366532955],[-79.37169580753013,43.8546995339956],[-79.376824387987,43.85800372398507]]]},"properties":{"cell_id":"882b9bd0c7fffff","hex_id":"882b9bd0c7fffff","lat":43.853298,"lng":-79.378375,"resolution":8,"neighbourhood":"North Toronto"}},{"type":"Feature","geometry":{"type":"Polygon","coordinates":[[[-79.61288313243433,43.62864059132554],[-79.61952115434342,43.62722849821449],[-79.62103890498527,43.62253091755856],[-79.61591979148665,43.619245664163834],[-79.60928280624964,43.620657416817814],[-79.60776389793985,43.62535476327753],[-79.61288313243433,43.62864059132554]]]},"properties":{"cell_id":"882b9bcc67fffff","hex_id":"882b9bcc67fffff","lat":43.623943,"lng":-79.614402,"resolution":8,"neighbourhood":"Etobicoke"}},{"type":"Feature","geometry":{"type":"Polygon","coordinates":[[[-79.36360264220804,43.80384780573189],[-79.37027479276904,43.80244719475838],[-79.37182433365899,43.79774392546751],[-79.36670288610145,43.79444150706397],[-79.36003178682721,43.795841781410545],[-79.35848108392734,43.800544810741776],[-79.36360264220804,43.80384780573189]]]},"properties":{"cell_id":"882b9bd56bfffff","hex_id":"882b9bd56bfffff","lat":43.799145,"lng":-79.365153,"resolution":8,"neighbourhood":"North Toronto"}},{"type":"Feature","geometry":{"type":"Polygon","coordinates":[[[-79.13614872679118,43.759476132829825],[-79.14282204104326,43.75808939594193],[-79.14439369587276,43.753391168556405],[-79.1392931920314,43.75007992261506],[-79.13262093296456,43.75146632736682],[-79.13104812265871,43.75616431015078],[-79.13614872679118,43.759476132829825]]]},"properties":{"cell_id":"882b9b99e7fffff","hex_id":"882b9b99e7fffff","lat":43.754778,"lng":-79.137721,"resolution":8,"neighbourhood":"East Scarborough"}},{"type":"Feature","geometry":{"type":"Polygon","coordinates":[[[-79.55376144501524,43.71558672383379],[-79.5604141768201,43.714176584892726],[-79.56194096765238,43.70947537524191],[-79.5568161877964,43.70618454018019],[-79.5501644981947,43.70759433935105],[-79.54863654634748,43.712295313307735],[-79.55376144501524,43.71558672383379]]]},"properties":{"cell_id":"882b9bc181fffff","hex_id":"882b9bc181fffff","lat":43.710886,"lng":-79.555289,"resolution":8,"neighbourhood":"Thistletown"}},{"type":"Feature","geometry":{"type":"Polygon","coordinates":[[[-79.34963562313621,43.84618671024201],[-79.35631445611001,43.84478622033008],[-79.35786689190331,43.840081031361215],[-79.35274165873881,43.83677657263812],[-79.34606387937713,43.83817672598791],[-79.34451027967184,43.84288167457707],[-79.34963562313621,43.84618671024201]]]},"properties":{"cell_id":"882b9bd0d1fffff","hex_id":"882b9bd0d1fffff","lat":43.841482,"lng":-79.351189,"resolution":8,"neighbourhood":"North Toronto"}},{"type":"Feature","geometry":{"type":"Polygon","coordinates":[[[-79.36932925869492,43.76762809199973],[-79.37599591152451,43.766227739372404],[-79.37754362628957,43.7615261932578],[-79.37242584859843,43.75822523945623],[-79.36576024523455,43.75962525551847],[-79.36421137019943,43.76432656190161],[-79.36932925869492,43.76762809199973]]]},"properties":{"cell_id":"882b9bd531fffff","hex_id":"882b9bd531fffff","lat":43.762927,"lng":-79.370878,"resolution":8,"neighbourhood":"York Mills"}},{"type":"Feature","geometry":{"type":"Polygon","coordinates":[[[-79.3177918679767,43.84847859221078],[-79.32447211895553,43.847079909099165],[-79.32602794798005,43.84237500223205],[-79.3209046895632,43.83906901948775],[-79.31422549314203,43.840467366625695],[-79.31266850068427,43.84517203243583],[-79.3177918679767,43.84847859221078]]]},"properties":{"cell_id":"882b9bd761fffff","hex_id":"882b9bd761fffff","lat":43.843774,"lng":-79.319348,"resolution":8,"neighbourhood":"North Toronto"}},{"type":"Feature","geometry":{"type":"Polygon","coordinates":[[[-79.37539739076172,43.805749716685966],[-79.38206941848489,43.804348392702494],[-79.38361779704827,43.79964488369461],[-79.3784953103186,43.79634293834137],[-79.37182433365899,43.79774392546751],[-79.37027479276904,43.80244719475838],[-79.37539739076172,43.805749716685966]]]},"properties":{"cell_id":"882b9bd561fffff","hex_id":"882b9bd561fffff","lat":43.801046,"lng":-79.376947,"resolution":8,"neighbourhood":"North Toronto"}},{"type":"Feature","geometry":{"type":"Polygon","coordinates":[[[-79.14439369587276,43.753391168556405],[-79.15106584400537,43.75200405180217],[-79.15263643350242,43.747306021415774],[-79.1475360302958,43.74399535214853],[-79.14086493685262,43.74538213663889],[-79.1392931920314,43.75007992261506],[-79.14439369587276,43.753391168556405]]]},"properties":{"cell_id":"882b9b99adfffff","hex_id":"882b9b99adfffff","lat":43.748693,"lng":-79.145965,"resolution":8,"neighbourhood":"East Scarborough"}},{"type":"Feature","geometry":{"type":"Polygon","coordinates":[[[-79.57439299105606,43.7856627285774],[-79.58105524819678,43.784250238880986],[-79.58258223971431,43.77954529906012],[-79.5774481391611,43.776253084351346],[-79.57078692688413,43.77766523356013],[-79.56925877039858,43.78236993791911],[-79.57439299105606,43.7856627285774]]]},"properties":{"cell_id":"882b9bc147fffff","hex_id":"882b9bc147fffff","lat":43.780958,"lng":-79.575921,"resolution":8,"neighbourhood":"NW Toronto"}},{"type":"Feature","geometry":{"type":"Polygon","coordinates":[[[-79.55573051302619,43.67140383184407],[-79.56237673396393,43.669994312924246],[-79.5639018424976,43.665295281152225],[-79.55878188899806,43.662006003778295],[-79.55213670819377,43.66341518310092],[-79.55061044085693,43.668113979348654],[-79.55573051302619,43.67140383184407]]]},"properties":{"cell_id":"882b9bce67fffff","hex_id":"882b9bce67fffff","lat":43.666705,"lng":-79.557256,"resolution":8,"neighbourhood":"Etobicoke South"}},{"type":"Feature","geometry":{"type":"Polygon","coordinates":[[[-79.3707481021211,43.81986148551966],[-79.37742235608216,43.81846020097866],[-79.37897169809945,43.81375605140385],[-79.37384794921986,43.810453426180956],[-79.36717474709661,43.811854373885936],[-79.36562424211881,43.81655828360395],[-79.3707481021211,43.81986148551966]]]},"properties":{"cell_id":"882b9bd097fffff","hex_id":"882b9bd097fffff","lat":43.815157,"lng":-79.372298,"resolution":8,"neighbourhood":"North Toronto"}},{"type":"Feature","geometry":{"type":"Polygon","coordinates":[[[-79.28776350166943,43.65791568256358],[-79.29441688940449,43.65652182375746],[-79.29596934207221,43.651826740162925],[-79.29086956029322,43.64852575644534],[-79.28421721911731,43.6499192807298],[-79.28266361326436,43.654614123208056],[-79.28776350166943,43.65791568256358]]]},"properties":{"cell_id":"882b9bc611fffff","hex_id":"882b9bc611fffff","lat":43.653221,"lng":-79.289317,"resolution":8,"neighbourhood":"Central Toronto"}},{"type":"Feature","geometry":{"type":"Polygon","coordinates":[[[-79.33892414262571,43.822158387033646],[-79.3455998155925,43.82075890649458],[-79.3471525472656,43.81605503710867],[-79.34203076855995,43.81275088874962],[-79.33535614837604,43.81415003304005],[-79.33380225421884,43.81885366189236],[-79.33892414262571,43.822158387033646]]]},"properties":{"cell_id":"882b9bd727fffff","hex_id":"882b9bd727fffff","lat":43.817455,"lng":-79.340478,"resolution":8,"neighbourhood":"North Toronto"}},{"type":"Feature","geometry":{"type":"Polygon","coordinates":[[[-79.5665194439574,43.69537304018337],[-79.57316878691073,43.693962501842336],[-79.57469357591901,43.68926214524462],[-79.56957018229362,43.68597256230833],[-79.56292188028144,43.68738276073729],[-79.56139593105492,43.69208288196853],[-79.5665194439574,43.69537304018337]]]},"properties":{"cell_id":"882b9bc1b1fffff","hex_id":"882b9bc1b1fffff","lat":43.690673,"lng":-79.568045,"resolution":8,"neighbourhood":"Etobicoke"}},{"type":"Feature","geometry":{"type":"Polygon","coordinates":[[[-79.58258223971431,43.77954529906012],[-79.58924331886955,43.77813243817352],[-79.59076925300477,43.77342770323574],[-79.58563527289118,43.770136064409556],[-79.57897523810088,43.77154858468478],[-79.5774481391611,43.776253084351346],[-79.58258223971431,43.77954529906012]]]},"properties":{"cell_id":"882b9bc10dfffff","hex_id":"882b9bc10dfffff","lat":43.774841,"lng":-79.584109,"resolution":8,"neighbourhood":"NW Toronto"}},{"type":"Feature","geometry":{"type":"Polygon","coordinates":[[[-79.53801132466285,43.802130156115055],[-79.54467724811039,43.80071949446367],[-79.54620857998205,43.79601417760164],[-79.54107515365348,43.79271975862271],[-79.53441027679462,43.79413008038774],[-79.53287777977799,43.798835160971876],[-79.53801132466285,43.802130156115055]]]},"properties":{"cell_id":"882b9bc33dfffff","hex_id":"882b9bc33dfffff","lat":43.797425,"lng":-79.539543,"resolution":8,"neighbourhood":"Etobicoke North"}},{"type":"Feature","geometry":{"type":"Polygon","coordinates":[[[-79.25409332179484,43.85303609198202],[-79.26077639724751,43.85164102556462],[-79.26233901217202,43.846936688908734],[-79.25721971421726,43.84362766103525],[-79.25053769520835,43.84502239265806],[-79.24897391781516,43.84972648690326],[-79.25409332179484,43.85303609198202]]]},"properties":{"cell_id":"882b986db1fffff","hex_id":"882b986db1fffff","lat":43.848332,"lng":-79.255657,"resolution":8,"neighbourhood":"North Toronto"}},{"type":"Feature","geometry":{"type":"Polygon","coordinates":[[[-79.46878066333143,43.67230513616698],[-79.47543000133541,43.67090060890767],[-79.4769641663112,43.66620258393624],[-79.4718501506456,43.66290932353581],[-79.46520185511376,43.66431351281581],[-79.46366653287735,43.66901130042971],[-79.46878066333143,43.67230513616698]]]},"properties":{"cell_id":"882b9bc56dfffff","hex_id":"882b9bc56dfffff","lat":43.667607,"lng":-79.470316,"resolution":8,"neighbourhood":"Junction"}},{"type":"Feature","geometry":{"type":"Polygon","coordinates":[[[-79.5639018424976,43.665295281152225],[-79.57054689178028,43.66388539350888],[-79.57207094782368,43.65918656825798],[-79.56695111332704,43.65589786593881],[-79.56030710368283,43.657307413861794],[-79.55878188899806,43.662006003778295],[-79.5639018424976,43.665295281152225]]]},"properties":{"cell_id":"882b9bce2dfffff","hex_id":"882b9bce2dfffff","lat":43.660596,"lng":-79.565427,"resolution":8,"neighbourhood":"Etobicoke South"}},{"type":"Feature","geometry":{"type":"Polygon","coordinates":[[[-79.30085343127463,43.71199907196526],[-79.30751427180365,43.71060357902014],[-79.30906720720681,43.705905641434626],[-79.30396045835211,43.70260343775284],[-79.29730066652489,43.70399859567845],[-79.29574657495398,43.70869629225977],[-79.30085343127463,43.71199907196526]]]},"properties":{"cell_id":"882b9bd59bfffff","hex_id":"882b9bd59bfffff","lat":43.707301,"lng":-79.302407,"resolution":8,"neighbourhood":"East York"}},{"type":"Feature","geometry":{"type":"Polygon","coordinates":[[[-79.26555274525255,43.70627154221426],[-79.27221393975383,43.70487818036947],[-79.27377034271078,43.70018096652017],[-79.26866670648789,43.69687735619782],[-79.26200656134716,43.69827038371325],[-79.2604490031724,43.702967355834915],[-79.26555274525255,43.70627154221426]]]},"properties":{"cell_id":"882b9bd4bdfffff","hex_id":"882b9bd4bdfffff","lat":43.701574,"lng":-79.26711,"resolution":8,"neighbourhood":"Central Toronto"}},{"type":"Feature","geometry":{"type":"Polygon","coordinates":[[[-79.21389820181557,43.7870246977376],[-79.22057294871894,43.78563301963707],[-79.2221374777768,43.780932447849636],[-79.21702841838226,43.777623797172716],[-79.2103547259152,43.779015141542324],[-79.20878903851091,43.78371547027428],[-79.21389820181557,43.7870246977376]]]},"properties":{"cell_id":"882b9bd6edfffff","hex_id":"882b9bd6edfffff","lat":43.782324,"lng":-79.215463,"resolution":8,"neighbourhood":"East Scarborough"}},{"type":"Feature","geometry":{"type":"Polygon","coordinates":[[[-79.59920261505133,43.67092848607498],[-79.60584726617053,43.66951647332757],[-79.60736784443557,43.6648169435288],[-79.60224493125067,43.66152966103801],[-79.59560131909036,43.66294133338109],[-79.59407958125708,43.6676406285732],[-79.59920261505133,43.67092848607498]]]},"properties":{"cell_id":"882b9bcf0bfffff","hex_id":"882b9bcf0bfffff","lat":43.666229,"lng":-79.600724,"resolution":8,"neighbourhood":"Etobicoke"}},{"type":"Feature","geometry":{"type":"Polygon","coordinates":[[[-79.12311853091077,43.85402733621785],[-79.129806148859,43.852639847900946],[-79.13138242317518,43.84793711562159],[-79.12627223968398,43.844622116777984],[-79.11958568165046,43.84600927277081],[-79.11800824729909,43.8507117598859],[-79.12311853091077,43.85402733621785]]]},"properties":{"cell_id":"882b986cd3fffff","hex_id":"882b986cd3fffff","lat":43.849325,"lng":-79.124696,"resolution":8,"neighbourhood":"East Scarborough"}},{"type":"Feature","geometry":{"type":"Polygon","coordinates":[[[-79.13848942126275,43.78959595146097],[-79.1451670704664,43.78820859812203],[-79.14673952098605,43.78350885073441],[-79.14163547945662,43.78019670128508],[-79.13495888677329,43.78158372230513],[-79.13338527920416,43.78628322504804],[-79.13848942126275,43.78959595146097]]]},"properties":{"cell_id":"882b9b9939fffff","hex_id":"882b9b9939fffff","lat":43.784896,"lng":-79.140063,"resolution":8,"neighbourhood":"East Scarborough"}},{"type":"Feature","geometry":{"type":"Polygon","coordinates":[[[-79.43602439984451,43.696713675882314],[-79.44267841762407,43.69531063430594],[-79.44421680459715,43.69061179251339],[-79.43910233179066,43.68731623036986],[-79.43244935846326,43.68871893446421],[-79.43090981359254,43.69341753813831],[-79.43602439984451,43.696713675882314]]]},"properties":{"cell_id":"882b9bc0d3fffff","hex_id":"882b9bc0d3fffff","lat":43.692015,"lng":-79.437564,"resolution":8,"neighbourhood":"Central Toronto"}},{"type":"Feature","geometry":{"type":"Polygon","coordinates":[[[-79.28198571345835,43.69409021545109],[-79.2886445750107,43.69269610237597],[-79.2901988580626,43.687999289598025],[-79.2850954345735,43.68469683119597],[-79.27843762139243,43.6860906096895],[-79.27688218343262,43.69078718112117],[-79.28198571345835,43.69409021545109]]]},"properties":{"cell_id":"882b9bc64bfffff","hex_id":"882b9bc64bfffff","lat":43.689393,"lng":-79.283541,"resolution":8,"neighbourhood":"Upper Beaches"}},{"type":"Feature","geometry":{"type":"Polygon","coordinates":[[[-79.56095910322773,43.73157311986579],[-79.56761392024889,43.730162301069186],[-79.56914049798453,43.72546020935166],[-79.56401342076151,43.72216917197336],[-79.55735964648355,43.72357965078966],[-79.55583190678709,43.72828150691848],[-79.56095910322773,43.73157311986579]]]},"properties":{"cell_id":"882b9bc1ebfffff","hex_id":"882b9bc1ebfffff","lat":43.726871,"lng":-79.562486,"resolution":8,"neighbourhood":"Rexdale"}},{"type":"Feature","geometry":{"type":"Polygon","coordinates":[[[-79.51801093658574,43.806359970443054],[-79.52467816876285,43.80495039418421],[-79.52621172532076,43.8002451101485],[-79.52107921479849,43.79694963903795],[-79.5144130299365,43.79835887576428],[-79.51287830838423,43.80306392308755],[-79.51801093658574,43.806359970443054]]]},"properties":{"cell_id":"882b9bc303fffff","hex_id":"882b9bc303fffff","lat":43.801655,"lng":-79.519545,"resolution":8,"neighbourhood":"NW Toronto"}},{"type":"Feature","geometry":{"type":"Polygon","coordinates":[[[-79.40429065267703,43.69902470177466],[-79.4109460899253,43.69762345201392],[-79.41248784933354,43.69292488353031],[-79.40737532902583,43.68962780355431],[-79.40072093717077,43.69102871641609],[-79.39917802033283,43.69572704610707],[-79.40429065267703,43.69902470177466]]]},"properties":{"cell_id":"882b9bc763fffff","hex_id":"882b9bc763fffff","lat":43.694326,"lng":-79.405833,"resolution":8,"neighbourhood":"Midtown"}},{"type":"Feature","geometry":{"type":"Polygon","coordinates":[[[-79.24556659536498,43.71044945466742],[-79.25222907291918,43.70905717944128],[-79.25378769188156,43.70436000736965],[-79.24868498844867,43.701055352638086],[-79.24202356096869,43.702447293891446],[-79.24046378695117,43.70714422380369],[-79.24556659536498,43.71044945466742]]]},"properties":{"cell_id":"882b9bd483fffff","hex_id":"882b9bd483fffff","lat":43.705752,"lng":-79.247126,"resolution":8,"neighbourhood":"East Scarborough"}},{"type":"Feature","geometry":{"type":"Polygon","coordinates":[[[-79.2008894445149,43.732887987826786],[-79.20755670252842,43.73149793240385],[-79.20912072484946,43.72680020609217],[-79.20401864461377,43.723492778322004],[-79.19735243887304,43.72488250050965],[-79.1957872611995,43.729579983657345],[-79.2008894445149,43.732887987826786]]]},"properties":{"cell_id":"882b9bd6b3fffff","hex_id":"882b9bd6b3fffff","lat":43.72819,"lng":-79.202454,"resolution":8,"neighbourhood":"East Scarborough"}},{"type":"Feature","geometry":{"type":"Polygon","coordinates":[[[-79.619678164053,43.83741456961724],[-79.62634642601076,43.83599860819583],[-79.62787043262338,43.831290560517196],[-79.62272734582587,43.82799870886744],[-79.6160601298983,43.82941432871047],[-79.61453495484007,43.83412214173524],[-79.619678164053,43.83741456961724]]]},"properties":{"cell_id":"882b9bd8e3fffff","hex_id":"882b9bd8e3fffff","lat":43.832707,"lng":-79.621203,"resolution":8,"neighbourhood":"NW Toronto"}},{"type":"Feature","geometry":{"type":"Polygon","coordinates":[[[-79.31151917507279,43.736003789609946],[-79.3181831633582,43.73460729098183],[-79.31973580881915,43.72990802876609],[-79.31462562368327,43.72660550598512],[-79.30796268492523,43.728001669281454],[-79.30640888187921,43.73270069064493],[-79.31151917507279,43.736003789609946]]]},"properties":{"cell_id":"882b9bd5d5fffff","hex_id":"882b9bd5d5fffff","lat":43.731305,"lng":-79.313073,"resolution":8,"neighbourhood":"Don Mills"}},{"type":"Feature","geometry":{"type":"Polygon","coordinates":[[[-79.13138242317518,43.84793711562159],[-79.13806887047087,43.846549244767104],[-79.13964407475397,43.84184670756698],[-79.13453399172931,43.8385322861482],[-79.12784860384949,43.83991982455014],[-79.12627223968398,43.844622116777984],[-79.13138242317518,43.84793711562159]]]},"properties":{"cell_id":"882b986c99fffff","hex_id":"882b986c99fffff","lat":43.843235,"lng":-79.132958,"resolution":8,"neighbourhood":"Rouge"}},{"type":"Feature","geometry":{"type":"Polygon","coordinates":[[[-79.61001403280733,43.69489320037296],[-79.61666180241312,43.693480165781914],[-79.6181820560293,43.68877931142062],[-79.61305570112432,43.68549172605197],[-79.60640897128242,43.68690441992332],[-79.60488755668271,43.69160503983686],[-79.61001403280733,43.69489320037296]]]},"properties":{"cell_id":"882b9bcf45fffff","hex_id":"882b9bcf45fffff","lat":43.690192,"lng":-79.611535,"resolution":8,"neighbourhood":"Etobicoke"}},{"type":"Feature","geometry":{"type":"Polygon","coordinates":[[[-79.44421680459715,43.69061179251339],[-79.45086965225505,43.68920837902471],[-79.45240698304728,43.68450974104483],[-79.44729262402248,43.68121475443594],[-79.44064082032149,43.68261783031811],[-79.43910233179066,43.68731623036986],[-79.44421680459715,43.69061179251339]]]},"properties":{"cell_id":"882b9bc099fffff","hex_id":"882b9bc099fffff","lat":43.685913,"lng":-79.445755,"resolution":8,"neighbourhood":"York"}},{"type":"Feature","geometry":{"type":"Polygon","coordinates":[[[-79.39290133176208,43.77142831818014],[-79.39956773812746,43.77002654170127],[-79.40111313140525,43.765324516850825],[-79.39599327932223,43.76202450768014],[-79.38932792197667,43.76342594713386],[-79.38778136779747,43.76812773273758],[-79.39290133176208,43.77142831818014]]]},"properties":{"cell_id":"882b9bc2c9fffff","hex_id":"882b9bc2c9fffff","lat":43.766726,"lng":-79.394447,"resolution":8,"neighbourhood":"North York Centre"}},{"type":"Feature","geometry":{"type":"Polygon","coordinates":[[[-79.41248784933354,43.69292488353031],[-79.41914211709721,43.6915232611231],[-79.4206828195526,43.68682489580941],[-79.41557041161822,43.68352839145939],[-79.40891718875262,43.684929676842835],[-79.40737532902583,43.68962780355431],[-79.41248784933354,43.69292488353031]]]},"properties":{"cell_id":"882b9bc729fffff","hex_id":"882b9bc729fffff","lat":43.688227,"lng":-79.414029,"resolution":8,"neighbourhood":"Forest Hill"}},{"type":"Feature","geometry":{"type":"Polygon","coordinates":[[[-79.48261368358503,43.80069485444945],[-79.48928130402706,43.79928741608192],[-79.49081835462778,43.79458284291398],[-79.48568894894271,43.791285945510275],[-79.47902237649527,43.792693045034234],[-79.47748416184102,43.79739738075943],[-79.48261368358503,43.80069485444945]]]},"properties":{"cell_id":"882b9bc225fffff","hex_id":"882b9bc225fffff","lat":43.79599,"lng":-79.484151,"resolution":8,"neighbourhood":"North Toronto"}},{"type":"Feature","geometry":{"type":"Polygon","coordinates":[[[-79.25280717210973,43.80078180824369],[-79.25948262564346,43.79938765690122],[-79.26104358297059,43.79468591680725],[-79.25593024664788,43.79137857029031],[-79.24925584716979,43.79277238710462],[-79.24769373006315,43.79747388491842],[-79.25280717210973,43.80078180824369]]]},"properties":{"cell_id":"882b9bd449fffff","hex_id":"882b9bd449fffff","lat":43.79608,"lng":-79.254369,"resolution":8,"neighbourhood":"Scarborough Town"}},{"type":"Feature","geometry":{"type":"Polygon","coordinates":[[[-79.62787043262338,43.831290560517196],[-79.63453751284385,43.82987422757522],[-79.63606046063539,43.82516638473187],[-79.63091749658882,43.821875109247074],[-79.62425146189783,43.82329110048704],[-79.62272734582587,43.82799870886744],[-79.62787043262338,43.831290560517196]]]},"properties":{"cell_id":"882b9bd8a9fffff","hex_id":"882b9bd8a9fffff","lat":43.826583,"lng":-79.629394,"resolution":8,"neighbourhood":"NW Toronto"}},{"type":"Feature","geometry":{"type":"Polygon","coordinates":[[[-79.53999943227197,43.75790721069855],[-79.54665881915494,43.75649716451745],[-79.5481884591765,43.75179401701779],[-79.54305987533854,43.74850115176051],[-79.53640153296156,43.749910858227516],[-79.53487073001857,43.754613769619816],[-79.53999943227197,43.75790721069855]]]},"properties":{"cell_id":"882b9bc025fffff","hex_id":"882b9bc025fffff","lat":43.753204,"lng":-79.54153,"resolution":8,"neighbourhood":"Etobicoke North"}},{"type":"Feature","geometry":{"type":"Polygon","coordinates":[[[-79.41900367763309,43.8053406404347],[-79.42567415778844,43.80393680192337],[-79.42721798543137,43.79923277654578],[-79.42209249613767,43.79593282843098],[-79.41542306587552,43.797336329268575],[-79.41387807511707,43.80204011584878],[-79.41900367763309,43.8053406404347]]]},"properties":{"cell_id":"882b9bc255fffff","hex_id":"882b9bc255fffff","lat":43.800637,"lng":-79.420548,"resolution":8,"neighbourhood":"Willowdale"}},{"type":"Feature","geometry":{"type":"Polygon","coordinates":[[[-79.22432693985716,43.662444747269696],[-79.23098312110682,43.6610544743238],[-79.23254230216068,43.656359955603996],[-79.22744645429698,43.6530559522439],[-79.22079132146575,43.65444589183935],[-79.21923098818341,43.6591401681],[-79.22432693985716,43.662444747269696]]]},"properties":{"cell_id":"882b9b8901fffff","hex_id":"882b9b8901fffff","lat":43.65775,"lng":-79.225887,"resolution":8,"neighbourhood":"East Scarborough"}},{"type":"Feature","geometry":{"type":"Polygon","coordinates":[[[-79.21257469243426,43.66052973194417],[-79.21923098818341,43.6591401681],[-79.22079132146575,43.65444589183935],[-79.215696511014,43.65114142207694],[-79.20904126390052,43.65253065280066],[-79.20747977870681,43.6572246863619],[-79.21257469243426,43.66052973194417]]]},"properties":{"cell_id":"882b9b890bfffff","hex_id":"882b9b890bfffff","lat":43.655835,"lng":-79.214136,"resolution":8,"neighbourhood":"East Scarborough"}},{"type":"Feature","geometry":{"type":"Polygon","coordinates":[[[-79.5077880255279,43.85672265469855],[-79.51446298957946,43.85531284148486],[-79.51599930811327,43.85060519089386],[-79.51086183008475,43.847307590545476],[-79.50418791594012,43.84871706418009],[-79.50265043002004,43.853424477695974],[-79.5077880255279,43.85672265469855]]]},"properties":{"cell_id":"882b9bd1a5fffff","hex_id":"882b9bd1a5fffff","lat":43.852015,"lng":-79.509325,"resolution":8,"neighbourhood":"NW Toronto"}},{"type":"Feature","geometry":{"type":"Polygon","coordinates":[[[-79.22808451829415,43.81906839701156],[-79.23476348572615,43.81767538294798],[-79.23632764034173,43.812973048940194],[-79.23121398787522,43.80966397180507],[-79.22453607599304,43.81105665172192],[-79.22297076113223,43.81575874287504],[-79.22808451829415,43.81906839701156]]]},"properties":{"cell_id":"882b9bd605fffff","hex_id":"882b9bd605fffff","lat":43.814366,"lng":-79.229649,"resolution":8,"neighbourhood":"Malvern"}},{"type":"Feature","geometry":{"type":"Polygon","coordinates":[[[-79.40826559738478,43.781329335904374],[-79.41493292868338,43.77992651010014],[-79.4164770599055,43.77522380567853],[-79.41135502162314,43.77192416596786],[-79.40468873939501,43.77332665441238],[-79.40314344648189,43.77802911988142],[-79.40826559738478,43.781329335904374]]]},"properties":{"cell_id":"882b9bc21bfffff","hex_id":"882b9bc21bfffff","lat":43.776627,"lng":-79.40981,"resolution":8,"neighbourhood":"North York Centre"}},{"type":"Feature","geometry":{"type":"Polygon","coordinates":[[[-79.33943100845137,43.65145009708513],[-79.34608170828193,43.65005336502368],[-79.3476285859403,43.645357964274],[-79.34252591768956,43.64205953555351],[-79.33587626277271,43.643455932154176],[-79.33432823129564,43.64815109289056],[-79.33943100845137,43.65145009708513]]]},"properties":{"cell_id":"882b9bc44bfffff","hex_id":"882b9bc44bfffff","lat":43.646755,"lng":-79.340979,"resolution":8,"neighbourhood":"South Toronto"}},{"type":"Feature","geometry":{"type":"Polygon","coordinates":[[[-79.5927048925029,43.72921777166605],[-79.59935826857897,43.72780516247904],[-79.60088146662706,43.723102806267114],[-79.59575245111918,43.719813294108114],[-79.58910011683454,43.72122556273428],[-79.58757575636783,43.72592768403414],[-79.5927048925029,43.72921777166605]]]},"properties":{"cell_id":"882b9bcadbfffff","hex_id":"882b9bcadbfffff","lat":43.724515,"lng":-79.594229,"resolution":8,"neighbourhood":"Rexdale"}},{"type":"Feature","geometry":{"type":"Polygon","coordinates":[[[-79.61192769224138,43.65071965239556],[-79.61856896020888,43.64930724506032],[-79.62008754427286,43.644608572133414],[-79.61496601924172,43.64132254077569],[-79.60832578897538,43.64273460756625],[-79.60680604613985,43.64743304621313],[-79.61192769224138,43.65071965239556]]]},"properties":{"cell_id":"882b9bcf3bfffff","hex_id":"882b9bcf3bfffff","lat":43.646021,"lng":-79.613447,"resolution":8,"neighbourhood":"Etobicoke"}},{"type":"Feature","geometry":{"type":"Polygon","coordinates":[[[-79.30685709058133,43.75010281924481],[-79.31352329844171,43.74870636118638],[-79.315076908267,43.74400645725109],[-79.30996546854993,43.740703252321026],[-79.30330031098863,43.742099375069586],[-79.30174554294896,43.74679903801246],[-79.30685709058133,43.75010281924481]]]},"properties":{"cell_id":"882b9bd5cbfffff","hex_id":"882b9bd5cbfffff","lat":43.745403,"lng":-79.308411,"resolution":8,"neighbourhood":"Wexford"}},{"type":"Feature","geometry":{"type":"Polygon","coordinates":[[[-79.57274214682917,43.73345343926223],[-79.5793968314914,43.732041910137085],[-79.58092224695561,43.72733958307397],[-79.57579414013068,43.72404902043545],[-79.56914049798453,43.72546020935166],[-79.56761392024889,43.730162301069186],[-79.57274214682917,43.73345343926223]]]},"properties":{"cell_id":"882b9bc1e1fffff","hex_id":"882b9bc1e1fffff","lat":43.728751,"lng":-79.574268,"resolution":8,"neighbourhood":"Rexdale"}},{"type":"Feature","geometry":{"type":"Polygon","coordinates":[[[-79.29374914232832,43.69599866810607],[-79.30040788572882,43.69460384509595],[-79.30196101355655,43.68990679121276],[-79.29685655331131,43.6866048013994],[-79.2901988580626,43.687999289598025],[-79.2886445750107,43.69269610237597],[-79.29374914232832,43.69599866810607]]]},"properties":{"cell_id":"882b9bc641fffff","hex_id":"882b9bc641fffff","lat":43.691302,"lng":-79.295303,"resolution":8,"neighbourhood":"East York"}},{"type":"Feature","geometry":{"type":"Polygon","coordinates":[[[-79.61097132614773,43.67280385700639],[-79.61761584334592,43.67139113584427],[-79.61913526173419,43.66669137168163],[-79.61401132290199,43.66340456299887],[-79.60736784443557,43.6648169435288],[-79.60584726617053,43.66951647332757],[-79.61097132614773,43.67280385700639]]]},"properties":{"cell_id":"882b9bcf01fffff","hex_id":"882b9bcf01fffff","lat":43.668104,"lng":-79.612491,"resolution":8,"neighbourhood":"Etobicoke"}},{"type":"Feature","geometry":{"type":"Polygon","coordinates":[[[-79.19508964237811,43.84344796023911],[-79.20177329659484,43.84205646716111],[-79.20334172065596,43.83735334498119],[-79.19822765146957,43.834041959455234],[-79.19154505479709,43.83543311889672],[-79.18997546987183,43.840135997455135],[-79.19508964237811,43.84344796023911]]]},"properties":{"cell_id":"882b9bd649fffff","hex_id":"882b9bd649fffff","lat":43.838745,"lng":-79.196659,"resolution":8,"neighbourhood":"East Scarborough"}},{"type":"Feature","geometry":{"type":"Polygon","coordinates":[[[-79.24684190131552,43.76265461508036],[-79.25351197120985,43.76126142329956],[-79.25507224294188,43.75656164510022],[-79.2499636026116,43.75325530092648],[-79.24329458516614,43.75464815846831],[-79.24173315570621,43.75934769437731],[-79.24684190131552,43.76265461508036]]]},"properties":{"cell_id":"882b9bd419fffff","hex_id":"882b9bd419fffff","lat":43.757955,"lng":-79.248403,"resolution":8,"neighbourhood":"Scarborough"}},{"type":"Feature","geometry":{"type":"Polygon","coordinates":[[[-79.22318238287383,43.68453028053567],[-79.22984182618623,43.68313971670852],[-79.23140188061073,43.678444113070476],[-79.22630364514991,43.67513931576428],[-79.21964525130139,43.676529546160104],[-79.21808404355357,43.68122490724807],[-79.22318238287383,43.68453028053567]]]},"properties":{"cell_id":"882b9b8945fffff","hex_id":"882b9b8945fffff","lat":43.679835,"lng":-79.224743,"resolution":8,"neighbourhood":"East Scarborough"}},{"type":"Feature","geometry":{"type":"Polygon","coordinates":[[[-79.31262216563626,43.713905889295575],[-79.31928288697296,43.71250968592755],[-79.32083466589218,43.70781150757918],[-79.31572688006197,43.70450977331607],[-79.30906720720681,43.705905641434626],[-79.30751427180365,43.71060357902014],[-79.31262216563626,43.713905889295575]]]},"properties":{"cell_id":"882b9bd591fffff","hex_id":"882b9bd591fffff","lat":43.709208,"lng":-79.314175,"resolution":8,"neighbourhood":"East York"}},{"type":"Feature","geometry":{"type":"Polygon","coordinates":[[[-79.5936713043565,43.7071204928882],[-79.60032142261079,43.705708195582815],[-79.6018437824426,43.70100692772509],[-79.59671718543127,43.69771819195448],[-79.59006810793333,43.699130148786175],[-79.58854458679168,43.70383118181604],[-79.5936713043565,43.7071204928882]]]},"properties":{"cell_id":"882b9bc1a7fffff","hex_id":"882b9bc1a7fffff","lat":43.702419,"lng":-79.595194,"resolution":8,"neighbourhood":"Etobicoke"}},{"type":"Feature","geometry":{"type":"Polygon","coordinates":[[[-79.31482494068861,43.66972546924183],[-79.32147913771215,43.6683298576384],[-79.32302918639317,43.66363385015861],[-79.31792619244007,43.66033369482092],[-79.31127304181109,43.66172897133966],[-79.3097218388437,43.66642473823524],[-79.31482494068861,43.66972546924183]]]},"properties":{"cell_id":"882b9bc607fffff","hex_id":"882b9bc607fffff","lat":43.665029,"lng":-79.316376,"resolution":8,"neighbourhood":"Leslieville"}},{"type":"Feature","geometry":{"type":"Polygon","coordinates":[[[-79.49892918921485,43.61782919867828],[-79.50556956098248,43.61642383716489],[-79.50709877076156,43.61172816661497],[-79.5019887639258,43.60843809409626],[-79.49534943135062,43.60984311732521],[-79.49381906652013,43.614538551311504],[-79.49892918921485,43.61782919867828]]]},"properties":{"cell_id":"882b9bcec7fffff","hex_id":"882b9bcec7fffff","lat":43.613134,"lng":-79.500459,"resolution":8,"neighbourhood":"Mimico"}},{"type":"Feature","geometry":{"type":"Polygon","coordinates":[[[-79.38682318690601,43.73332141295585],[-79.39348422789179,43.73192060974143],[-79.39502896149953,43.72722055057956],[-79.38991381307346,43.72392153384791],[-79.38325381951464,43.72532200032977],[-79.38170792705789,43.73002182023004],[-79.38682318690601,43.73332141295585]]]},"properties":{"cell_id":"882b9bc299fffff","hex_id":"882b9bc299fffff","lat":43.728621,"lng":-79.388369,"resolution":8,"neighbourhood":"Lawrence Park"}},{"type":"Feature","geometry":{"type":"Polygon","coordinates":[[[-79.50722098745493,43.78235830847483],[-79.5138850785034,43.78094975049831],[-79.51541895039614,43.776245786755425],[-79.51028989491205,43.77295061781306],[-79.50362685036207,43.77435883657221],[-79.50209181490014,43.779062563445024],[-79.50722098745493,43.78235830847483]]]},"properties":{"cell_id":"882b9bc069fffff","hex_id":"882b9bc069fffff","lat":43.777654,"lng":-79.508756,"resolution":8,"neighbourhood":"Etobicoke North"}},{"type":"Feature","geometry":{"type":"Polygon","coordinates":[[[-79.33288424180454,43.7840279928549],[-79.33955453303888,43.78262948004761],[-79.3411065939002,43.77792757190431],[-79.3359895240575,43.7746244170694],[-79.32932028400364,43.77602259391944],[-79.3277670627157,43.78072426151589],[-79.33288424180454,43.7840279928549]]]},"properties":{"cell_id":"882b9bd557fffff","hex_id":"882b9bd557fffff","lat":43.779326,"lng":-79.334437,"resolution":8,"neighbourhood":"North York"}},{"type":"Feature","geometry":{"type":"Polygon","coordinates":[[[-79.60160062896153,43.797418740412596],[-79.60826366347487,43.796004485828014],[-79.60978821556957,43.79129863589152],[-79.60465089931859,43.78800727541434],[-79.59798890948251,43.78942118894792],[-79.59646319132203,43.7941268039634],[-79.60160062896153,43.797418740412596]]]},"properties":{"cell_id":"882b9bc16dfffff","hex_id":"882b9bc16dfffff","lat":43.792713,"lng":-79.603126,"resolution":8,"neighbourhood":"NW Toronto"}},{"type":"Feature","geometry":{"type":"Polygon","coordinates":[[[-79.5576957685425,43.6272414929369],[-79.56433549132788,43.625832595641825],[-79.56585892120883,43.621135745899906],[-79.56074378500311,43.61784802876175],[-79.55410510028763,43.6192565866329],[-79.552580513809,43.62395320102019],[-79.5576957685425,43.6272414929369]]]},"properties":{"cell_id":"882b9bcc5dfffff","hex_id":"882b9bcc5dfffff","lat":43.622545,"lng":-79.55922,"resolution":8,"neighbourhood":"Etobicoke"}},{"type":"Feature","geometry":{"type":"Polygon","coordinates":[[[-79.61340213293191,43.799295945000566],[-79.62006503265678,43.79788097823338],[-79.6215884183747,43.79317489361994],[-79.61645007084631,43.78988401040432],[-79.60978821556957,43.79129863589152],[-79.60826366347487,43.796004485828014],[-79.61340213293191,43.799295945000566]]]},"properties":{"cell_id":"882b9bd8b3fffff","hex_id":"882b9bd8b3fffff","lat":43.79459,"lng":-79.614926,"resolution":8,"neighbourhood":"NW Toronto"}},{"type":"Feature","geometry":{"type":"Polygon","coordinates":[[[-79.18795651472976,43.753070597995574],[-79.19462715928411,43.75168096611742],[-79.19619321646628,43.74698240178292],[-79.19108978533069,43.743673712777635],[-79.18442019431828,43.745063011571105],[-79.182852981004,43.74976133240914],[-79.18795651472976,43.753070597995574]]]},"properties":{"cell_id":"882b9bd683fffff","hex_id":"882b9bd683fffff","lat":43.748372,"lng":-79.189523,"resolution":8,"neighbourhood":"Scarborough"}},{"type":"Feature","geometry":{"type":"Polygon","coordinates":[[[-79.23860932695828,43.768747405927485],[-79.24528056593505,43.76735459207345],[-79.24684190131552,43.76265461508036],[-79.24173315570621,43.75934769437731],[-79.23506296967494,43.76074017411919],[-79.23350047641172,43.765439908630746],[-79.23860932695828,43.768747405927485]]]},"properties":{"cell_id":"882b9bd453fffff","hex_id":"882b9bd453fffff","lat":43.764047,"lng":-79.240171,"resolution":8,"neighbourhood":"Scarborough"}},{"type":"Feature","geometry":{"type":"Polygon","coordinates":[[[-79.39792634074952,43.83167037169017],[-79.40460139920107,43.83026732277892],[-79.40614831369422,43.82556225436693],[-79.40102133390917,43.82226047413957],[-79.39434732712316,43.82366318564917],[-79.3927992485602,43.828368014741834],[-79.39792634074952,43.83167037169017]]]},"properties":{"cell_id":"882b9bd0bdfffff","hex_id":"882b9bd0bdfffff","lat":43.826965,"lng":-79.399474,"resolution":8,"neighbourhood":"North Toronto"}},{"type":"Feature","geometry":{"type":"Polygon","coordinates":[[[-79.3411065939002,43.77792757190431],[-79.34777571299237,43.776528682789895],[-79.34932671145539,43.771826974969564],[-79.34420975119905,43.76852439657365],[-79.33754168278976,43.76992294960481],[-79.3359895240575,43.7746244170694],[-79.3411065939002,43.77792757190431]]]},"properties":{"cell_id":"882b9bd51dfffff","hex_id":"882b9bd51dfffff","lat":43.773226,"lng":-79.342658,"resolution":8,"neighbourhood":"North York"}},{"type":"Feature","geometry":{"type":"Polygon","coordinates":[[[-79.28950667825889,43.85877472845654],[-79.29618939917817,43.85737751768865],[-79.29774852477637,43.85267245525577],[-79.29262609298837,43.84936484522808],[-79.28594442784858,43.85076172050713],[-79.28438413882179,43.85546654125695],[-79.28950667825889,43.85877472845654]]]},"properties":{"cell_id":"882b9bd74dfffff","hex_id":"882b9bd74dfffff","lat":43.85407,"lng":-79.291067,"resolution":8,"neighbourhood":"North Toronto"}},{"type":"Feature","geometry":{"type":"Polygon","coordinates":[[[-79.39821267681221,43.66094733910177],[-79.40486276661787,43.65954706416327],[-79.40640387047652,43.65485046696358],[-79.40129604001855,43.651554383464195],[-79.39464699402168,43.652954321796365],[-79.39310473477637,43.65765068018855],[-79.39821267681221,43.66094733910177]]]},"properties":{"cell_id":"882b9bc733fffff","hex_id":"882b9bc733fffff","lat":43.656251,"lng":-79.399755,"resolution":8,"neighbourhood":"Downtown Core"}},{"type":"Feature","geometry":{"type":"Polygon","coordinates":[[[-79.4427180621607,43.63845097188148],[-79.44936335780706,43.637048503782],[-79.45089908804974,43.63235248521951],[-79.44579067781451,43.62905917251666],[-79.43914642377989,43.63046130328345],[-79.43760953847067,43.63515708404004],[-79.4427180621607,43.63845097188148]]]},"properties":{"cell_id":"882b9bc503fffff","hex_id":"882b9bc503fffff","lat":43.633755,"lng":-79.444255,"resolution":8,"neighbourhood":"Parkdale"}},{"type":"Feature","geometry":{"type":"Polygon","coordinates":[[[-79.37861518200181,43.739422103098775],[-79.38527739393302,43.73802167409349],[-79.38682318690601,43.73332141295585],[-79.38170792705789,43.73002182023004],[-79.37504676305,43.73142191262806],[-79.37349981106996,43.736121934313395],[-79.37861518200181,43.739422103098775]]]},"properties":{"cell_id":"882b9bc2d3fffff","hex_id":"882b9bc2d3fffff","lat":43.734722,"lng":-79.380162,"resolution":8,"neighbourhood":"Lawrence Park"}},{"type":"Feature","geometry":{"type":"Polygon","coordinates":[[[-79.49948067929029,43.69206557419383],[-79.50613184675667,43.69065895210284],[-79.50766348838569,43.68595956966688],[-79.50254512147681,43.682667046045275],[-79.49589499657563,43.68407332949027],[-79.49436219612001,43.68877247515691],[-79.49948067929029,43.69206557419383]]]},"properties":{"cell_id":"882b9bc0a3fffff","hex_id":"882b9bc0a3fffff","lat":43.687366,"lng":-79.501013,"resolution":8,"neighbourhood":"Etobicoke"}},{"type":"Feature","geometry":{"type":"Polygon","coordinates":[[[-79.58813118622712,43.74332610464219],[-79.59478678048632,43.74191352462212],[-79.59631092560456,43.7372105217152],[-79.59118063962048,43.73392033383151],[-79.58452608791961,43.73533257330888],[-79.5830007797461,43.74003534116643],[-79.58813118622712,43.74332610464219]]]},"properties":{"cell_id":"882b9bc133fffff","hex_id":"882b9bc133fffff","lat":43.738623,"lng":-79.589656,"resolution":8,"neighbourhood":"Rexdale"}},{"type":"Feature","geometry":{"type":"Polygon","coordinates":[[[-79.12551235235011,43.809783922834896],[-79.1321933951194,43.80839699947425],[-79.13376789062178,43.80369641916239],[-79.12866250128889,43.800383007144376],[-79.12198251631436,43.801769598338765],[-79.12040686298332,43.806469933672105],[-79.12551235235011,43.809783922834896]]]},"properties":{"cell_id":"882b9b9909fffff","hex_id":"882b9b9909fffff","lat":43.805083,"lng":-79.127088,"resolution":8,"neighbourhood":"East Scarborough"}},{"type":"Feature","geometry":{"type":"Polygon","coordinates":[[[-79.18683532361784,43.84954239080524],[-79.19352014981295,43.84815127879806],[-79.19508964237811,43.84344796023911],[-79.18997546987183,43.840135997455135],[-79.18329170171998,43.84152677595364],[-79.18172104813632,43.84622985069925],[-79.18683532361784,43.84954239080524]]]},"properties":{"cell_id":"882b986ca3fffff","hex_id":"882b986ca3fffff","lat":43.844839,"lng":-79.188406,"resolution":8,"neighbourhood":"Rouge"}},{"type":"Feature","geometry":{"type":"Polygon","coordinates":[[[-79.53701582110375,43.82424929566899],[-79.54368501764144,43.822838326890675],[-79.54521719682029,43.81813192691971],[-79.54008134582304,43.814836732044064],[-79.53341319691768,43.81624736084997],[-79.53187985147976,43.82095352445772],[-79.53701582110375,43.82424929566899]]]},"properties":{"cell_id":"882b9bc363fffff","hex_id":"882b9bc363fffff","lat":43.819543,"lng":-79.538549,"resolution":8,"neighbourhood":"NW Toronto"}},{"type":"Feature","geometry":{"type":"Polygon","coordinates":[[[-79.6269180275042,43.85341666153803],[-79.63358838233475,43.85200001664311],[-79.63511216948307,43.8472910907439],[-79.62996677130221,43.84399904423982],[-79.62329746304347,43.845415347345174],[-79.62177250649583,43.85012403869775],[-79.6269180275042,43.85341666153803]]]},"properties":{"cell_id":"882b9bd8edfffff","hex_id":"882b9bd8edfffff","lat":43.848708,"lng":-79.628443,"resolution":8,"neighbourhood":"NW Toronto"}},{"type":"Feature","geometry":{"type":"Polygon","coordinates":[[[-79.20796716750986,43.74890061187862],[-79.21463653090173,43.747509889673914],[-79.21620036782083,43.74281128037742],[-79.21109599775036,43.73950363630444],[-79.20442768718648,43.74089402506638],[-79.20286269396941,43.745592391298636],[-79.20796716750986,43.74890061187862]]]},"properties":{"cell_id":"882b9bd6bdfffff","hex_id":"882b9bd6bdfffff","lat":43.744202,"lng":-79.209532,"resolution":8,"neighbourhood":"Scarborough"}},{"type":"Feature","geometry":{"type":"Polygon","coordinates":[[[-79.2526563793022,43.72645542487586],[-79.25932095783361,43.72506248139262],[-79.26087938805094,43.72036442585261],[-79.25577439584013,43.717059555809385],[-79.24911086793547,43.71845216511215],[-79.24755128171871,43.723149978593106],[-79.2526563793022,43.72645542487586]]]},"properties":{"cell_id":"882b9bd48dfffff","hex_id":"882b9bd48dfffff","lat":43.721757,"lng":-79.254216,"resolution":8,"neighbourhood":"Cliffside"}},{"type":"Feature","geometry":{"type":"Polygon","coordinates":[[[-79.49332450081097,43.65399698283581],[-79.49997033023129,43.652591344753596],[-79.50150133347705,43.64789393514331],[-79.4963876641855,43.64460240035683],[-79.48974287575405,43.64600770008799],[-79.48821071572691,43.650704872910836],[-79.49332450081097,43.65399698283581]]]},"properties":{"cell_id":"882b9bce53fffff","hex_id":"882b9bce53fffff","lat":43.6493,"lng":-79.494856,"resolution":8,"neighbourhood":"Etobicoke South"}},{"type":"Feature","geometry":{"type":"Polygon","coordinates":[[[-79.37789856509247,43.835877337813116],[-79.38457492355616,43.83447537928628],[-79.38612406599427,43.82977034992492],[-79.38099801398458,43.82646751879827],[-79.37432270791005,43.82786914027988],[-79.37277240155976,43.832573929887474],[-79.37789856509247,43.835877337813116]]]},"properties":{"cell_id":"882b9bd083fffff","hex_id":"882b9bd083fffff","lat":43.831172,"lng":-79.379448,"resolution":8,"neighbourhood":"North Toronto"}},{"type":"Feature","geometry":{"type":"Polygon","coordinates":[[[-79.33316636119754,43.85839753171057],[-79.33984754602278,43.856997797828186],[-79.34140211309274,43.852292210556755],[-79.3362766596701,43.848986597884775],[-79.32959652945691,43.8503859954579],[-79.32804079815851,43.85509134196641],[-79.33316636119754,43.85839753171057]]]},"properties":{"cell_id":"882b9bd2b3fffff","hex_id":"882b9bd2b3fffff","lat":43.853692,"lng":-79.334722,"resolution":8,"neighbourhood":"North Toronto"}},{"type":"Feature","geometry":{"type":"Polygon","coordinates":[[[-79.41143382204443,43.71501831149156],[-79.41809135089756,43.71361638761964],[-79.41963290914083,43.708916935961575],[-79.41451809700764,43.705619646819386],[-79.40786161409336,43.70702123358348],[-79.40631889747611,43.71172044655179],[-79.41143382204443,43.71501831149156]]]},"properties":{"cell_id":"882b9bc76dfffff","hex_id":"882b9bc76dfffff","lat":43.710319,"lng":-79.412976,"resolution":8,"neighbourhood":"Eglinton"}},{"type":"Feature","geometry":{"type":"Polygon","coordinates":[[[-79.46265265579706,43.63424248945023],[-79.46929665786716,43.63283894337518],[-79.47083017954415,43.6281428923922],[-79.46572085447181,43.62485062481302],[-79.4590778932972,43.62625383320289],[-79.45754321640118,43.63094964681136],[-79.46265265579706,43.63424248945023]]]},"properties":{"cell_id":"882b9bc53dfffff","hex_id":"882b9bc53dfffff","lat":43.629546,"lng":-79.464187,"resolution":8,"neighbourhood":"South Toronto"}},{"type":"Feature","geometry":{"type":"Polygon","coordinates":[[[-79.52521052385526,43.82236378009697],[-79.53187985147976,43.82095352445772],[-79.53341319691768,43.81624736084997],[-79.5282783807795,43.812951689442336],[-79.5216101010149,43.8143616053388],[-79.52007558963119,43.81906753233953],[-79.52521052385526,43.82236378009697]]]},"properties":{"cell_id":"882b9bc30dfffff","hex_id":"882b9bc30dfffff","lat":43.817658,"lng":-79.526745,"resolution":8,"neighbourhood":"NW Toronto"}},{"type":"Feature","geometry":{"type":"Polygon","coordinates":[[[-79.4431782255783,43.712704795781086],[-79.44983433307848,43.71130107892704],[-79.45137251640632,43.706601354022936],[-79.44625575117828,43.70330558394211],[-79.43960068867447,43.704708963105034],[-79.43806134650474,43.709408449994044],[-79.4431782255783,43.712704795781086]]]},"properties":{"cell_id":"882b9bc0ddfffff","hex_id":"882b9bc0ddfffff","lat":43.708005,"lng":-79.444717,"resolution":8,"neighbourhood":"York"}},{"type":"Feature","geometry":{"type":"Polygon","coordinates":[[[-79.26442709510721,43.72836745875132],[-79.27109155679246,43.72697380429578],[-79.27264883069275,43.7222755069379],[-79.26754279932862,43.7189711058079],[-79.26087938805094,43.72036442585261],[-79.25932095783361,43.72506248139262],[-79.26442709510721,43.72836745875132]]]},"properties":{"cell_id":"882b9bd4e3fffff","hex_id":"882b9bd4e3fffff","lat":43.723669,"lng":-79.265985,"resolution":8,"neighbourhood":"Cliffside"}},{"type":"Feature","geometry":{"type":"Polygon","coordinates":[[[-79.2763879749968,43.80460722597259],[-79.28306319345339,43.803211648214614],[-79.28462183026427,43.79850942428614],[-79.27950640914037,43.79520301986627],[-79.27283224429847,43.796598262634134],[-79.27127244707002,43.801300244766345],[-79.2763879749968,43.80460722597259]]]},"properties":{"cell_id":"882b9bd713fffff","hex_id":"882b9bd713fffff","lat":43.799905,"lng":-79.277947,"resolution":8,"neighbourhood":"Agincourt"}},{"type":"Feature","geometry":{"type":"Polygon","coordinates":[[[-79.54521719682029,43.81813192691971],[-79.55188521426079,43.81672058518004],[-79.55341633346919,43.812014388707695],[-79.54828060143564,43.808719770101014],[-79.54161363112759,43.81013077174393],[-79.54008134582304,43.814836732044064],[-79.54521719682029,43.81813192691971]]]},"properties":{"cell_id":"882b9bc329fffff","hex_id":"882b9bc329fffff","lat":43.813426,"lng":-79.546749,"resolution":8,"neighbourhood":"NW Toronto"}},{"type":"Feature","geometry":{"type":"Polygon","coordinates":[[[-79.40640387047652,43.65485046696358],[-79.41305279289345,43.65344982020511],[-79.41459284143524,43.64875342672389],[-79.40948512289133,43.64545791857284],[-79.40283724378928,43.64685822860035],[-79.40129604001855,43.651554383464195],[-79.40640387047652,43.65485046696358]]]},"properties":{"cell_id":"882b9bc559fffff","hex_id":"882b9bc559fffff","lat":43.650154,"lng":-79.407945,"resolution":8,"neighbourhood":"Central Toronto"}},{"type":"Feature","geometry":{"type":"Polygon","coordinates":[[[-79.50150133347705,43.64789393514331],[-79.50814599360815,43.64648792744142],[-79.50967594385139,43.641790723473655],[-79.50456239068646,43.63849976375946],[-79.49791877105012,43.63990543298661],[-79.4963876641855,43.64460240035683],[-79.50150133347705,43.64789393514331]]]},"properties":{"cell_id":"882b9bce19fffff","hex_id":"882b9bce19fffff","lat":43.643197,"lng":-79.503032,"resolution":8,"neighbourhood":"Etobicoke South"}},{"type":"Feature","geometry":{"type":"Polygon","coordinates":[[[-79.2444311413466,43.73254624655027],[-79.25109688724514,43.73115367995668],[-79.2526563793022,43.72645542487586],[-79.24755128171871,43.723149978593106],[-79.24088658694238,43.724542211132764],[-79.23932593873128,43.72924022396361],[-79.2444311413466,43.73254624655027]]]},"properties":{"cell_id":"882b9bd4c7fffff","hex_id":"882b9bd4c7fffff","lat":43.727848,"lng":-79.245991,"resolution":8,"neighbourhood":"Cliffside"}},{"type":"Feature","geometry":{"type":"Polygon","coordinates":[[[-79.31312021303148,43.86259454670328],[-79.31980269456209,43.86119590622694],[-79.32135949234475,43.8564903611562],[-79.31623497276857,43.8531836977135],[-79.30955354657297,43.854582002238395],[-79.3079955847229,43.859287306111625],[-79.31312021303148,43.86259454670328]]]},"properties":{"cell_id":"882b9bd297fffff","hex_id":"882b9bd297fffff","lat":43.857889,"lng":-79.314678,"resolution":8,"neighbourhood":"North Toronto"}},{"type":"Feature","geometry":{"type":"Polygon","coordinates":[[[-79.27264883069275,43.7222755069379],[-79.2793121247424,43.720881476122706],[-79.28086833741216,43.71618337876021],[-79.27576241229788,43.712879553794416],[-79.26910016816032,43.71427325007243],[-79.26754279932862,43.7189711058079],[-79.27264883069275,43.7222755069379]]]},"properties":{"cell_id":"882b9bd4a9fffff","hex_id":"882b9bd4a9fffff","lat":43.717577,"lng":-79.274206,"resolution":8,"neighbourhood":"Central Toronto"}},{"type":"Feature","geometry":{"type":"Polygon","coordinates":[[[-79.54953039545317,43.63334707913436],[-79.55617128779457,43.63193854974314],[-79.5576957685425,43.6272414929369],[-79.552580513809,43.62395320102019],[-79.54594066003119,43.625361391110495],[-79.54441502252442,43.63005821237248],[-79.54953039545317,43.63334707913436]]]},"properties":{"cell_id":"882b9bce37fffff","hex_id":"882b9bce37fffff","lat":43.62865,"lng":-79.551056,"resolution":8,"neighbourhood":"Etobicoke South"}},{"type":"Feature","geometry":{"type":"Polygon","coordinates":[[[-79.15145491997272,43.76941088355785],[-79.15812917832152,43.76802310196517],[-79.1596995867174,43.76332418898208],[-79.15459689314,43.76001330185765],[-79.14792369003887,43.76140075097931],[-79.14635212537233,43.76609941965109],[-79.15145491997272,43.76941088355785]]]},"properties":{"cell_id":"882b9bd6d9fffff","hex_id":"882b9bd6d9fffff","lat":43.764712,"lng":-79.153026,"resolution":8,"neighbourhood":"East Scarborough"}},{"type":"Feature","geometry":{"type":"Polygon","coordinates":[[[-79.17737911936236,43.8033792237093],[-79.18405748865318,43.801989397774896],[-79.18562637429781,43.79728847720643],[-79.18051804924438,43.7939776263983],[-79.1738407361005,43.79536711921553],[-79.17227069196804,43.80006779591262],[-79.17737911936236,43.8033792237093]]]},"properties":{"cell_id":"882b9b9925fffff","hex_id":"882b9b9925fffff","lat":43.798678,"lng":-79.178949,"resolution":8,"neighbourhood":"East Scarborough"}},{"type":"Feature","geometry":{"type":"Polygon","coordinates":[[[-79.51700561135972,43.82848002889217],[-79.523676117825,43.82707014674928],[-79.52521052385526,43.82236378009697],[-79.52007558963119,43.81906753233953],[-79.51340613152574,43.8204770748642],[-79.51187055938723,43.82518320471838],[-79.51700561135972,43.82848002889217]]]},"properties":{"cell_id":"882b9bc347fffff","hex_id":"882b9bc347fffff","lat":43.823774,"lng":-79.518541,"resolution":8,"neighbourhood":"NW Toronto"}},{"type":"Feature","geometry":{"type":"Polygon","coordinates":[[[-79.56816178505845,43.747561682966285],[-79.57481868837642,43.74615018389373],[-79.5763450522979,43.74144721060566],[-79.57121567591085,43.738155971827084],[-79.56455981587636,43.739567130709105],[-79.56303228904721,43.744269868514074],[-79.56816178505845,43.747561682966285]]]},"properties":{"cell_id":"882b9bc117fffff","hex_id":"882b9bc117fffff","lat":43.742859,"lng":-79.569689,"resolution":8,"neighbourhood":"Etobicoke North"}},{"type":"Feature","geometry":{"type":"Polygon","coordinates":[[[-79.17031996237098,43.86173069547866],[-79.17700713286015,43.86034034660304],[-79.17857876380539,43.85563663608377],[-79.17346438569359,43.85232351859183],[-79.16677827424616,43.85371353421482],[-79.16520548197416,43.85841700053688],[-79.17031996237098,43.86173069547866]]]},"properties":{"cell_id":"882b986c85fffff","hex_id":"882b986c85fffff","lat":43.857027,"lng":-79.171892,"resolution":8,"neighbourhood":"East Scarborough"}},{"type":"Feature","geometry":{"type":"Polygon","coordinates":[[[-79.48310838073984,43.704277084854226],[-79.48976189134288,43.70287120463136],[-79.49129564359991,43.69817141278611],[-79.48617704450332,43.694877738267635],[-79.47952457745673,43.69628328009261],[-79.47798966605235,43.70098283478803],[-79.48310838073984,43.704277084854226]]]},"properties":{"cell_id":"882b9bc085fffff","hex_id":"882b9bc085fffff","lat":43.699577,"lng":-79.484643,"resolution":8,"neighbourhood":"York"}},{"type":"Feature","geometry":{"type":"Polygon","coordinates":[[[-79.43855954792252,43.726805225204735],[-79.44521787241905,43.725401543169085],[-79.44675701118152,43.72070117355894],[-79.44163898502384,43.71740472409245],[-79.43498170629213,43.71880806845701],[-79.43344140805584,43.723508199913304],[-79.43855954792252,43.726805225204735]]]},"properties":{"cell_id":"882b9bc2b5fffff","hex_id":"882b9bc2b5fffff","lat":43.722105,"lng":-79.440099,"resolution":8,"neighbourhood":"North York"}},{"type":"Feature","geometry":{"type":"Polygon","coordinates":[[[-79.38182361908649,43.67314057671711],[-79.38847604402011,43.671741046400655],[-79.39001925987222,43.66704404254938],[-79.38491120659498,43.66374680815688],[-79.3782598264584,43.66514600211663],[-79.3767154549046,43.66984276677991],[-79.38182361908649,43.67314057671711]]]},"properties":{"cell_id":"882b9bc715fffff","hex_id":"882b9bc715fffff","lat":43.668444,"lng":-79.383368,"resolution":8,"neighbourhood":"Central Toronto"}},{"type":"Feature","geometry":{"type":"Polygon","coordinates":[[[-79.31176611213583,43.81033646666389],[-79.31844097344306,43.80893874907013],[-79.31999612709008,43.804235801205955],[-79.31487758090681,43.80093081195946],[-79.30820377255043,43.802328193870494],[-79.30664745753049,43.807030900665026],[-79.31176611213583,43.81033646666389]]]},"properties":{"cell_id":"882b9bd731fffff","hex_id":"882b9bd731fffff","lat":43.805634,"lng":-79.313322,"resolution":8,"neighbourhood":"North Toronto"}},{"type":"Feature","geometry":{"type":"Polygon","coordinates":[[[-79.35646218032632,43.7878363012747],[-79.36313222858925,43.78643636345056],[-79.36468196764666,43.78173397494036],[-79.359562819605,43.77843176427078],[-79.35289382207803,43.77983136567692],[-79.35134292196031,43.784533514124846],[-79.35646218032632,43.7878363012747]]]},"properties":{"cell_id":"882b9bd501fffff","hex_id":"882b9bd501fffff","lat":43.783134,"lng":-79.358013,"resolution":8,"neighbourhood":"North Toronto"}},{"type":"Feature","geometry":{"type":"Polygon","coordinates":[[[-79.24315943315635,43.680357503177014],[-79.2498175965363,43.67896585362836],[-79.25137543742889,43.67427020784869],[-79.24627626853189,43.670966453691115],[-79.239619153904,43.67235776945194],[-79.23806015952466,43.677053173112746],[-79.24315943315635,43.680357503177014]]]},"properties":{"cell_id":"882b9b8961fffff","hex_id":"882b9b8961fffff","lat":43.675662,"lng":-79.244718,"resolution":8,"neighbourhood":"East Scarborough"}},{"type":"Feature","geometry":{"type":"Polygon","coordinates":[[[-79.41331200244522,43.84157669796292],[-79.41998798789265,43.84017259756011],[-79.42153363669317,43.835466850396166],[-79.41640446501223,43.83216544261338],[-79.40972953128093,43.83356920527928],[-79.40818271761795,43.838274713418905],[-79.41331200244522,43.84157669796292]]]},"properties":{"cell_id":"882b9bd0a1fffff","hex_id":"882b9bd0a1fffff","lat":43.836871,"lng":-79.414858,"resolution":8,"neighbourhood":"North Toronto"}},{"type":"Feature","geometry":{"type":"Polygon","coordinates":[[[-79.57304587271236,43.63710563046928],[-79.57968650201968,43.63569568618901],[-79.58120866832347,43.63099815902059],[-79.5760913627973,43.62771081114644],[-79.56945177160253,43.62912041567018],[-79.56792844792237,43.63381770777859],[-79.57304587271236,43.63710563046928]]]},"properties":{"cell_id":"882b9bcc41fffff","hex_id":"882b9bcc41fffff","lat":43.632408,"lng":-79.574569,"resolution":8,"neighbourhood":"Etobicoke"}},{"type":"Feature","geometry":{"type":"Polygon","coordinates":[[[-79.29863504119271,43.75619900506341],[-79.3053024189404,43.75480292333918],[-79.30685709058133,43.75010281924481],[-79.30174554294896,43.74679903801246],[-79.29507921599686,43.74819478455301],[-79.2935233859853,43.75289464746397],[-79.29863504119271,43.75619900506341]]]},"properties":{"cell_id":"882b9bd435fffff","hex_id":"882b9bd435fffff","lat":43.751499,"lng":-79.30019,"resolution":8,"neighbourhood":"Wexford"}},{"type":"Feature","geometry":{"type":"Polygon","coordinates":[[[-79.24698331439684,43.83700923833938],[-79.25366427724057,43.835614841406986],[-79.25522708207663,43.83091138452044],[-79.25011008569012,43.82760256703247],[-79.24343017873309,43.8289966293786],[-79.24186621238054,43.83369984375334],[-79.24698331439684,43.83700923833938]]]},"properties":{"cell_id":"882b9bd665fffff","hex_id":"882b9bd665fffff","lat":43.832306,"lng":-79.248547,"resolution":8,"neighbourhood":"East Scarborough"}},{"type":"Feature","geometry":{"type":"Polygon","coordinates":[[[-79.59702284932612,43.81153754945594],[-79.60368810864708,43.81012332507061],[-79.60521361010996,43.805416830476474],[-79.60007501905942,43.802124795279845],[-79.59341080518593,43.80353867863242],[-79.59188413701753,43.80824493816809],[-79.59702284932612,43.81153754945594]]]},"properties":{"cell_id":"882b9bd895fffff","hex_id":"882b9bd895fffff","lat":43.806831,"lng":-79.598549,"resolution":8,"neighbourhood":"NW Toronto"}},{"type":"Feature","geometry":{"type":"Polygon","coordinates":[[[-79.4718435266165,43.77669105128193],[-79.47850800389341,43.775284629130375],[-79.48004536555412,43.77058137672732],[-79.47491941266966,43.767284784029286],[-79.46825598256879,43.768690867651955],[-79.46671745827899,43.77339388245553],[-79.4718435266165,43.77669105128193]]]},"properties":{"cell_id":"882b9bc04bfffff","hex_id":"882b9bc04bfffff","lat":43.771988,"lng":-79.473382,"resolution":8,"neighbourhood":"North York"}},{"type":"Feature","geometry":{"type":"Polygon","coordinates":[[[-79.54719900030031,43.77390153935653],[-79.55386047700841,43.77249081343198],[-79.5553899046231,43.767786785038744],[-79.55025901950165,43.764493718525834],[-79.54359858784166,43.765904104526115],[-79.54206799635709,43.770607896917426],[-79.54719900030031,43.77390153935653]]]},"properties":{"cell_id":"882b9bc151fffff","hex_id":"882b9bc151fffff","lat":43.769198,"lng":-79.548729,"resolution":8,"neighbourhood":"Etobicoke North"}},{"type":"Feature","geometry":{"type":"Polygon","coordinates":[[[-79.23632764034173,43.812973048940194],[-79.24300543636063,43.811579655454224],[-79.24456852475686,43.80687751915275],[-79.2394549773289,43.80356901895474],[-79.2327782363616,43.8049620781667],[-79.23121398787522,43.80966397180507],[-79.23632764034173,43.812973048940194]]]},"properties":{"cell_id":"882b9bd62bfffff","hex_id":"882b9bd62bfffff","lat":43.808271,"lng":-79.237891,"resolution":8,"neighbourhood":"Malvern"}},{"type":"Feature","geometry":{"type":"Polygon","coordinates":[[[-79.30598812954612,43.84657000111376],[-79.31266850068427,43.84517203243583],[-79.31422549314203,43.840467366625695],[-79.30910327768028,43.837160910747386],[-79.3024239613221,43.83855854368272],[-79.30086580575002,43.84326296819319],[-79.30598812954612,43.84657000111376]]]},"properties":{"cell_id":"882b9bd76bfffff","hex_id":"882b9bd76bfffff","lat":43.841865,"lng":-79.307546,"resolution":8,"neighbourhood":"North Toronto"}},{"type":"Feature","geometry":{"type":"Polygon","coordinates":[[[-79.35754459504264,43.76572620264344],[-79.36421137019943,43.76432656190161],[-79.36576024523455,43.75962525551847],[-79.3606435051704,43.75632382980508],[-79.35397777970182,43.75772313421193],[-79.3524277447126,43.76242420062139],[-79.35754459504264,43.76572620264344]]]},"properties":{"cell_id":"882b9bd53bfffff","hex_id":"882b9bd53bfffff","lat":43.761025,"lng":-79.359094,"resolution":8,"neighbourhood":"Don Mills"}},{"type":"Feature","geometry":{"type":"Polygon","coordinates":[[[-79.47748043663546,43.740477284377825],[-79.48413942612954,43.73907113225854],[-79.48567498120325,43.734369608621975],[-79.48055270777154,43.731074474433235],[-79.47389476364141,43.732480288088944],[-79.4723580476814,43.73718157435102],[-79.47748043663546,43.740477284377825]]]},"properties":{"cell_id":"882b9bc011fffff","hex_id":"882b9bc011fffff","lat":43.735776,"lng":-79.479017,"resolution":8,"neighbourhood":"Downsview"}},{"type":"Feature","geometry":{"type":"Polygon","coordinates":[[[-79.33783132494274,43.844281450203496],[-79.34451027967184,43.84288167457707],[-79.34606387937713,43.83817672598791],[-79.34093968805128,43.83487179360192],[-79.33426178715743,43.8362712328971],[-79.33270702385823,43.84097594086368],[-79.33783132494274,43.844281450203496]]]},"properties":{"cell_id":"882b9bd0dbfffff","hex_id":"882b9bd0dbfffff","lat":43.839577,"lng":-79.339386,"resolution":8,"neighbourhood":"North Toronto"}},{"type":"Feature","geometry":{"type":"Polygon","coordinates":[[[-79.63700783017823,43.80304678470672],[-79.64367045851068,43.80163039350533],[-79.64519151054293,43.796923840270495],[-79.64005110134248,43.79363391237927],[-79.63338951699893,43.795049961842906],[-79.63186729796857,43.79975628088917],[-79.63700783017823,43.80304678470672]]]},"properties":{"cell_id":"882b9bca4bfffff","hex_id":"882b9bca4bfffff","lat":43.79834,"lng":-79.63853,"resolution":8,"neighbourhood":"NW Toronto"}},{"type":"Feature","geometry":{"type":"Polygon","coordinates":[[[-79.42616865931714,43.821350889968166],[-79.43284124008213,43.81994637579513],[-79.4343848644521,43.81524147040189],[-79.4292570722268,43.81194131782929],[-79.42258554190384,43.813345494119076],[-79.42104075346742,43.81805016081872],[-79.42616865931714,43.821350889968166]]]},"properties":{"cell_id":"882b9bc241fffff","hex_id":"882b9bc241fffff","lat":43.816646,"lng":-79.427713,"resolution":8,"neighbourhood":"North Toronto"}},{"type":"Feature","geometry":{"type":"Polygon","coordinates":[[[-79.54198368323937,43.71370474240143],[-79.54863654634748,43.712295313307735],[-79.5501644981947,43.70759433935105],[-79.5450407477398,43.704303030378966],[-79.53838892706118,43.70571211993105],[-79.53685981450971,43.71041285795077],[-79.54198368323937,43.71370474240143]]]},"properties":{"cell_id":"882b9bc18bfffff","hex_id":"882b9bc18bfffff","lat":43.709004,"lng":-79.543512,"resolution":8,"neighbourhood":"Etobicoke"}},{"type":"Feature","geometry":{"type":"Polygon","coordinates":[[[-79.4451445885766,43.83925857403032],[-79.45181914451075,43.83785266994335],[-79.45336139956254,43.833146646686316],[-79.4482302641176,43.82984676581647],[-79.44155675894915,43.83125233158028],[-79.44001333856319,43.835958116491064],[-79.4451445885766,43.83925857403032]]]},"properties":{"cell_id":"882b9bd191fffff","hex_id":"882b9bd191fffff","lat":43.834553,"lng":-79.446688,"resolution":8,"neighbourhood":"North Toronto"}},{"type":"Feature","geometry":{"type":"Polygon","coordinates":[[[-79.62995603277996,43.69065301939641],[-79.6366024932691,43.68923890776088],[-79.6381205333325,43.684538026524166],[-79.6329932741363,43.68125149089157],[-79.62634785268718,43.68266526145667],[-79.62482865149518,43.68736590867865],[-79.62995603277996,43.69065301939641]]]},"properties":{"cell_id":"882b9bcf61fffff","hex_id":"882b9bcf61fffff","lat":43.685952,"lng":-79.631475,"resolution":8,"neighbourhood":"Etobicoke"}},{"type":"Feature","geometry":{"type":"Polygon","coordinates":[[[-79.4472245986687,43.79501904864593],[-79.45389260193183,43.793613747943475],[-79.45543314375071,43.788909887833434],[-79.45030684552003,43.78561156655213],[-79.443639890928,43.787016529100384],[-79.44209818599849,43.791720151038184],[-79.4472245986687,43.79501904864593]]]},"properties":{"cell_id":"882b9bc207fffff","hex_id":"882b9bc207fffff","lat":43.790315,"lng":-79.448766,"resolution":8,"neighbourhood":"North Toronto"}},{"type":"Feature","geometry":{"type":"Polygon","coordinates":[[[-79.3336951729587,43.68762430702273],[-79.34035134348179,43.68622731535119],[-79.34190004275698,43.68153018324789],[-79.33679372715568,43.67823028301232],[-79.33013860335498,43.679626939161516],[-79.32858874853622,43.684323831023036],[-79.3336951729587,43.68762430702273]]]},"properties":{"cell_id":"882b9bc667fffff","hex_id":"882b9bc667fffff","lat":43.682927,"lng":-79.335245,"resolution":8,"neighbourhood":"East Danforth"}},{"type":"Feature","geometry":{"type":"Polygon","coordinates":[[[-79.63167080927498,43.742837250191],[-79.6383248231041,43.74142216907174],[-79.6398444225603,43.73671866893094],[-79.63471117210963,43.7334304839917],[-79.62805819965617,43.73484522375965],[-79.626537436379,43.73954848977191],[-79.63167080927498,43.742837250191]]]},"properties":{"cell_id":"882b9bcac7fffff","hex_id":"882b9bcac7fffff","lat":43.738134,"lng":-79.633191,"resolution":8,"neighbourhood":"NW Toronto"}},{"type":"Feature","geometry":{"type":"Polygon","coordinates":[[[-79.35258005182615,43.705523243381116],[-79.35923819546225,43.7041248702791],[-79.36078554243358,43.69942661448857],[-79.35567590267377,43.696126971653015],[-79.34901880608706,43.69752500879473],[-79.34747030231378,43.702223024686624],[-79.35258005182615,43.705523243381116]]]},"properties":{"cell_id":"882b9bd5b7fffff","hex_id":"882b9bd5b7fffff","lat":43.700825,"lng":-79.354128,"resolution":8,"neighbourhood":"Central Toronto"}},{"type":"Feature","geometry":{"type":"Polygon","coordinates":[[[-79.53418644695604,43.62348011048099],[-79.54082643112818,43.62207262757144],[-79.54235217389567,43.61737624878074],[-79.5372390885721,43.61408758869217],[-79.53060014291982,43.615494732633444],[-79.52907324417247,43.62019087558567],[-79.53418644695604,43.62348011048099]]]},"properties":{"cell_id":"882b9bcee5fffff","hex_id":"882b9bcee5fffff","lat":43.618784,"lng":-79.535713,"resolution":8,"neighbourhood":"Long Branch"}},{"type":"Feature","geometry":{"type":"Polygon","coordinates":[[[-79.54458962129455,43.743798444894054],[-79.55124678843131,43.74238836732195],[-79.55277547785718,43.737685865243336],[-79.54764816253363,43.73439367666024],[-79.54099203913445,43.735803414499436],[-79.53946218742314,43.74050568060854],[-79.54458962129455,43.743798444894054]]]},"properties":{"cell_id":"882b9bc1cdfffff","hex_id":"882b9bc1cdfffff","lat":43.739096,"lng":-79.546119,"resolution":8,"neighbourhood":"Rexdale"}},{"type":"Feature","geometry":{"type":"Polygon","coordinates":[[[-79.34190004275698,43.68153018324789],[-79.34855504606651,43.68013281771417],[-79.35010268744385,43.67543588763823],[-79.34499648100177,43.67213656310177],[-79.3383425239202,43.67353359298774],[-79.33679372715568,43.67823028301232],[-79.34190004275698,43.68153018324789]]]},"properties":{"cell_id":"882b9bc62dfffff","hex_id":"882b9bc62dfffff","lat":43.676833,"lng":-79.343448,"resolution":8,"neighbourhood":"Danforth"}},{"type":"Feature","geometry":{"type":"Polygon","coordinates":[[[-79.52601850001766,43.629583810554834],[-79.53265965299948,43.628176695956725],[-79.53418644695604,43.62348011048099],[-79.52907324417247,43.62019087558567],[-79.522433130204,43.6215976513387],[-79.52090518010701,43.62629400078626],[-79.52601850001766,43.629583810554834]]]},"properties":{"cell_id":"882b9bceedfffff","hex_id":"882b9bceedfffff","lat":43.624887,"lng":-79.527546,"resolution":8,"neighbourhood":"Etobicoke"}},{"type":"Feature","geometry":{"type":"Polygon","coordinates":[[[-79.35010268744385,43.67543588763823],[-79.35675652365532,43.67403814856993],[-79.35830310758823,43.66934142078384],[-79.35319701064314,43.66604267188138],[-79.34654422016533,43.66744007517662],[-79.34499648100177,43.67213656310177],[-79.35010268744385,43.67543588763823]]]},"properties":{"cell_id":"882b9bc625fffff","hex_id":"882b9bc625fffff","lat":43.670739,"lng":-79.35165,"resolution":8,"neighbourhood":"Central Toronto"}},{"type":"Feature","geometry":{"type":"Polygon","coordinates":[[[-79.21868832159143,43.847286771776375],[-79.2253717461206,43.845893849450434],[-79.22693784748955,43.841190240753555],[-79.22182168594091,43.837879797474464],[-79.2151393185168,43.8392723857005],[-79.2135720556412,43.84397575125993],[-79.21868832159143,43.847286771776375]]]},"properties":{"cell_id":"882b986d93fffff","hex_id":"882b986d93fffff","lat":43.842583,"lng":-79.220255,"resolution":8,"neighbourhood":"East Scarborough"}},{"type":"Feature","geometry":{"type":"Polygon","coordinates":[[[-79.55277547785718,43.737685865243336],[-79.55943146987526,43.73627541689472],[-79.56095910322773,43.73157311986579],[-79.55583190678709,43.72828150691848],[-79.5491769580093,43.72969161541041],[-79.54764816253363,43.73439367666024],[-79.55277547785718,43.737685865243336]]]},"properties":{"cell_id":"882b9bc1c5fffff","hex_id":"882b9bc1c5fffff","lat":43.732984,"lng":-79.554304,"resolution":8,"neighbourhood":"Rexdale"}},{"type":"Feature","geometry":{"type":"Polygon","coordinates":[[[-79.53120317398104,43.68972850482094],[-79.53785291061094,43.68832009403731],[-79.53938117934375,43.68362044426706],[-79.5342608708359,43.68032944132884],[-79.52761217582531,43.681737512885576],[-79.52608274780489,43.686436926561456],[-79.53120317398104,43.68972850482094]]]},"properties":{"cell_id":"882b9bc193fffff","hex_id":"882b9bc193fffff","lat":43.685029,"lng":-79.532732,"resolution":8,"neighbourhood":"Etobicoke"}},{"type":"Feature","geometry":{"type":"Polygon","coordinates":[[[-79.62615667961215,43.77905793031167],[-79.63281617678709,43.77764256400702],[-79.63433755821144,43.7729373304353],[-79.62920060813502,43.7696476974711],[-79.62254215413995,43.771062722354465],[-79.62101960714301,43.77576772157703],[-79.62615667961215,43.77905793031167]]]},"properties":{"cell_id":"882b9bca53fffff","hex_id":"882b9bca53fffff","lat":43.774353,"lng":-79.627679,"resolution":8,"neighbourhood":"NW Toronto"}},{"type":"Feature","geometry":{"type":"Polygon","coordinates":[[[-79.39686201032404,43.85379586511605],[-79.40354035021225,43.85239251779127],[-79.4050881271813,43.84768636973432],[-79.39995872954789,43.84438380836342],[-79.39328144237606,43.84578681820289],[-79.39173250022498,43.85049272685261],[-79.39686201032404,43.85379586511605]]]},"properties":{"cell_id":"882b9bd0e3fffff","hex_id":"882b9bd0e3fffff","lat":43.84909,"lng":-79.398411,"resolution":8,"neighbourhood":"North Toronto"}},{"type":"Feature","geometry":{"type":"Polygon","coordinates":[[[-79.34001589842946,43.80004042598423],[-79.34668829285218,43.79864124094942],[-79.34824015744505,43.79393845182039],[-79.34312078909483,43.79063508812507],[-79.33644944640423,43.7920339369939],[-79.33489642043546,43.79673648567828],[-79.34001589842946,43.80004042598423]]]},"properties":{"cell_id":"882b9bd543fffff","hex_id":"882b9bd543fffff","lat":43.795338,"lng":-79.341569,"resolution":8,"neighbourhood":"North Toronto"}},{"type":"Feature","geometry":{"type":"Polygon","coordinates":[[[-79.5390058612497,43.7800161261796],[-79.54566851481391,43.77860577206086],[-79.54719900030031,43.77390153935653],[-79.54206799635709,43.770607896917426],[-79.53540638833944,43.77201791123593],[-79.53387473882067,43.77672190774763],[-79.5390058612497,43.7800161261796]]]},"properties":{"cell_id":"882b9bc159fffff","hex_id":"882b9bc159fffff","lat":43.775312,"lng":-79.540537,"resolution":8,"neighbourhood":"Etobicoke North"}},{"type":"Feature","geometry":{"type":"Polygon","coordinates":[[[-79.63433755821144,43.7729373304353],[-79.64099587652149,43.77152159421565],[-79.64251620197261,43.766816566622566],[-79.63737937462305,43.763527509361474],[-79.63072209899406,43.76494290403665],[-79.62920060813502,43.7696476974711],[-79.63433755821144,43.7729373304353]]]},"properties":{"cell_id":"882b9bca19fffff","hex_id":"882b9bca19fffff","lat":43.768232,"lng":-79.635859,"resolution":8,"neighbourhood":"NW Toronto"}},{"type":"Feature","geometry":{"type":"Polygon","coordinates":[[[-79.56488085568094,43.64321294127859],[-79.57152265541123,43.64180336482112],[-79.57304587271236,43.63710563046928],[-79.56792844792237,43.63381770777859],[-79.56128768679874,43.63522694460244],[-79.55976331195954,43.6399244437046],[-79.56488085568094,43.64321294127859]]]},"properties":{"cell_id":"882b9bcc49fffff","hex_id":"882b9bcc49fffff","lat":43.638515,"lng":-79.566405,"resolution":8,"neighbourhood":"Etobicoke South"}},{"type":"Feature","geometry":{"type":"Polygon","coordinates":[[[-79.4050881271813,43.84768636973432],[-79.41176528978987,43.84628264570553],[-79.41331200244522,43.84157669796292],[-79.40818271761795,43.838274713418905],[-79.40150660722558,43.83967809983656],[-79.39995872954789,43.84438380836342],[-79.4050881271813,43.84768636973432]]]},"properties":{"cell_id":"882b9bd0a9fffff","hex_id":"882b9bd0a9fffff","lat":43.84298,"lng":-79.406636,"resolution":8,"neighbourhood":"North Toronto"}},{"type":"Feature","geometry":{"type":"Polygon","coordinates":[[[-79.34824015744505,43.79393845182039],[-79.3549113787296,43.792538890226304],[-79.35646218032632,43.7878363012747],[-79.35134292196031,43.784533514124846],[-79.34467275190973,43.785932739426904],[-79.34312078909483,43.79063508812507],[-79.34824015744505,43.79393845182039]]]},"properties":{"cell_id":"882b9bd509fffff","hex_id":"882b9bd509fffff","lat":43.789236,"lng":-79.349792,"resolution":8,"neighbourhood":"North Toronto"}},{"type":"Feature","geometry":{"type":"Polygon","coordinates":[[[-79.30353385955316,43.81643695356464],[-79.31020989396417,43.81503961372136],[-79.31176611213583,43.81033646666389],[-79.30664745753049,43.807030900665026],[-79.29997247656884,43.80842790495211],[-79.29841509686727,43.813130810748525],[-79.30353385955316,43.81643695356464]]]},"properties":{"cell_id":"882b9bd739fffff","hex_id":"882b9bd739fffff","lat":43.811734,"lng":-79.305091,"resolution":8,"neighbourhood":"North Toronto"}},{"type":"Feature","geometry":{"type":"Polygon","coordinates":[[[-79.12084910433055,43.74954030684444],[-79.12752147372973,43.748154614064504],[-79.12909437355428,43.743457072739254],[-79.12399605876685,43.74014546904013],[-79.1173247444898,43.74153083001872],[-79.115750689983,43.74622812645252],[-79.12084910433055,43.74954030684444]]]},"properties":{"cell_id":"882b9b9985fffff","hex_id":"882b9b9985fffff","lat":43.744843,"lng":-79.122423,"resolution":8,"neighbourhood":"East Scarborough"}},{"type":"Feature","geometry":{"type":"Polygon","coordinates":[[[-79.50205737883127,43.72215375282531],[-79.50871284861445,43.72074648530977],[-79.51024523304336,43.71604557396541],[-79.50512330819544,43.71275216689367],[-79.49846888228612,43.71415909557286],[-79.49693533745294,43.718859770114165],[-79.50205737883127,43.72215375282531]]]},"properties":{"cell_id":"882b9bc0e5fffff","hex_id":"882b9bc0e5fffff","lat":43.717453,"lng":-79.503591,"resolution":8,"neighbourhood":"Weston"}},{"type":"Feature","geometry":{"type":"Polygon","coordinates":[[[-79.5144130299365,43.79835887576428],[-79.52107921479849,43.79694963903795],[-79.52261287664722,43.79224479497532],[-79.51748151825551,43.788949424357924],[-79.5108163804364,43.79035832165682],[-79.50928155406862,43.79506292895444],[-79.5144130299365,43.79835887576428]]]},"properties":{"cell_id":"882b9bc315fffff","hex_id":"882b9bc315fffff","lat":43.793654,"lng":-79.515947,"resolution":8,"neighbourhood":"Etobicoke North"}},{"type":"Feature","geometry":{"type":"Polygon","coordinates":[[[-79.44525437730313,43.66852392168518],[-79.45190396830553,43.667120811969205],[-79.4534404474908,43.662423261954736],[-79.44832849241267,43.65912905945168],[-79.44167994432928,43.660531831645805],[-79.44014230850712,43.66522914381904],[-79.44525437730313,43.66852392168518]]]},"properties":{"cell_id":"882b9bc545fffff","hex_id":"882b9bc545fffff","lat":43.663826,"lng":-79.446792,"resolution":8,"neighbourhood":"Central Toronto"}},{"type":"Feature","geometry":{"type":"Polygon","coordinates":[[[-79.54037247031366,43.6615339039947],[-79.54701778203993,43.660125432968805],[-79.54854415505667,43.6554270786291],[-79.54342637447084,43.65213743108844],[-79.53678210283445,43.6535455628502],[-79.5352545717954,43.65824368137079],[-79.54037247031366,43.6615339039947]]]},"properties":{"cell_id":"882b9bce05fffff","hex_id":"882b9bce05fffff","lat":43.656836,"lng":-79.5419,"resolution":8,"neighbourhood":"Etobicoke South"}},{"type":"Feature","geometry":{"type":"Polygon","coordinates":[[[-79.24202356096869,43.702447293891446],[-79.24868498844867,43.701055352638086],[-79.25024370152417,43.69635862248503],[-79.24514214180688,43.69305407574938],[-79.23848176412497,43.69444568313377],[-79.23692189646606,43.69914217107734],[-79.24202356096869,43.702447293891446]]]},"properties":{"cell_id":"882b9bd495fffff","hex_id":"882b9bd495fffff","lat":43.697751,"lng":-79.243583,"resolution":8,"neighbourhood":"East Scarborough"}},{"type":"Feature","geometry":{"type":"Polygon","coordinates":[[[-79.19033108216364,43.78318699094379],[-79.19700605766585,43.78179673850594],[-79.19857290309656,43.77709665307088],[-79.19346593083598,43.773787063566495],[-79.18679201020728,43.77517698273581],[-79.18522400707035,43.77987682463261],[-79.19033108216364,43.78318699094379]]]},"properties":{"cell_id":"882b9bd6c5fffff","hex_id":"882b9bd6c5fffff","lat":43.778487,"lng":-79.191899,"resolution":8,"neighbourhood":"East Scarborough"}},{"type":"Feature","geometry":{"type":"Polygon","coordinates":[[[-79.17857876380539,43.85563663608377],[-79.18526476209136,43.85424590547736],[-79.18683532361784,43.84954239080524],[-79.18172104813632,43.84622985069925],[-79.1750361083928,43.84762024792496],[-79.17346438569359,43.85232351859183],[-79.17857876380539,43.85563663608377]]]},"properties":{"cell_id":"882b986cabfffff","hex_id":"882b986cabfffff","lat":43.850933,"lng":-79.18015,"resolution":8,"neighbourhood":"East Scarborough"}},{"type":"Feature","geometry":{"type":"Polygon","coordinates":[[[-79.49129564359991,43.69817141278611],[-79.49794798257476,43.69676516146522],[-79.49948067929029,43.69206557419383],[-79.49436219612001,43.68877247515691],[-79.48771090020591,43.69017838795578],[-79.48617704450332,43.694877738267635],[-79.49129564359991,43.69817141278611]]]},"properties":{"cell_id":"882b9bc0abfffff","hex_id":"882b9bc0abfffff","lat":43.693472,"lng":-79.492829,"resolution":8,"neighbourhood":"Mount Dennis"}},{"type":"Feature","geometry":{"type":"Polygon","coordinates":[[[-79.34219623058108,43.75581982963453],[-79.34886207755156,43.754421236855954],[-79.35041221083354,43.74972061139431],[-79.3452976564127,43.746418818932426],[-79.33863285907749,43.7478170757105],[-79.33708156663127,43.75251746090525],[-79.34219623058108,43.75581982963453]]]},"properties":{"cell_id":"882b9bd5e9fffff","hex_id":"882b9bd5e9fffff","lat":43.751119,"lng":-79.343747,"resolution":8,"neighbourhood":"Don Mills"}},{"type":"Feature","geometry":{"type":"Polygon","coordinates":[[[-79.3704049462146,43.745522620416914],[-79.3770683292082,43.74412256594921],[-79.37861518200181,43.739422103098775],[-79.37349981106996,43.736121934313395],[-79.36683747649619,43.73752165229927],[-79.3652894645376,43.7422218755066],[-79.3704049462146,43.745522620416914]]]},"properties":{"cell_id":"882b9bc2dbfffff","hex_id":"882b9bc2dbfffff","lat":43.740822,"lng":-79.371953,"resolution":8,"neighbourhood":"North York"}},{"type":"Feature","geometry":{"type":"Polygon","coordinates":[[[-79.45591561454555,43.863280544570756],[-79.46259332442384,43.861873624884566],[-79.4641352707334,43.85716628344351],[-79.45900067403238,43.85386609983213],[-79.45232401574339,43.855272680880276],[-79.45078090266946,43.85997978413175],[-79.45591561454555,43.863280544570756]]]},"properties":{"cell_id":"882b9bd189fffff","hex_id":"882b9bd189fffff","lat":43.858573,"lng":-79.457458,"resolution":8,"neighbourhood":"North Toronto"}},{"type":"Feature","geometry":{"type":"Polygon","coordinates":[[[-79.57109507798921,43.681272647195584],[-79.57774220735558,43.67986207979664],[-79.5792660499754,43.67516237106336],[-79.57414392291436,43.67187346491211],[-79.5674978337243,43.67328369238077],[-79.56597283152031,43.6779831658849],[-79.57109507798921,43.681272647195584]]]},"properties":{"cell_id":"882b9bcf59fffff","hex_id":"882b9bcf59fffff","lat":43.676573,"lng":-79.57262,"resolution":8,"neighbourhood":"Etobicoke"}},{"type":"Feature","geometry":{"type":"Polygon","coordinates":[[[-79.43453481505925,43.64454929260064],[-79.44118127811849,43.643147195136834],[-79.4427180621607,43.63845097188148],[-79.43760953847067,43.63515708404004],[-79.43096411751671,43.63655884429531],[-79.4294261782495,43.64125482955483],[-79.43453481505925,43.64454929260064]]]},"properties":{"cell_id":"882b9bc50bfffff","hex_id":"882b9bc50bfffff","lat":43.639853,"lng":-79.436072,"resolution":8,"neighbourhood":"Parkdale"}},{"type":"Feature","geometry":{"type":"Polygon","coordinates":[[[-79.3746972765255,43.657151975699854],[-79.3813476121377,43.65575311799258],[-79.38289102645656,43.651056998649246],[-79.37778526002589,43.647759976257625],[-79.37113596866543,43.64915849781663],[-79.36959139958641,43.653854377869884],[-79.3746972765255,43.657151975699854]]]},"properties":{"cell_id":"882b9bc469fffff","hex_id":"882b9bc469fffff","lat":43.652456,"lng":-79.376241,"resolution":8,"neighbourhood":"Downtown Core"}},{"type":"Feature","geometry":{"type":"Polygon","coordinates":[[[-79.443639890928,43.787016529100384],[-79.45030684552003,43.78561156655213],[-79.45184748977904,43.78090814672927],[-79.44672234218474,43.77760992763296],[-79.44005643599029,43.77901455213179],[-79.43851462909545,43.78371773373043],[-79.443639890928,43.787016529100384]]]},"properties":{"cell_id":"882b9bc239fffff","hex_id":"882b9bc239fffff","lat":43.782313,"lng":-79.445181,"resolution":8,"neighbourhood":"North Toronto"}},{"type":"Feature","geometry":{"type":"Polygon","coordinates":[[[-79.48824497026426,43.764471532109376],[-79.49490709748252,43.76306436397041],[-79.49644234132398,43.75836151801972],[-79.49131662035701,43.755066077379944],[-79.48465553931894,43.75647290674084],[-79.48311913317008,43.76117551547358],[-79.48824497026426,43.764471532109376]]]},"properties":{"cell_id":"882b9bc009fffff","hex_id":"882b9bc009fffff","lat":43.759769,"lng":-79.489781,"resolution":8,"neighbourhood":"Jane & Finch"}},{"type":"Feature","geometry":{"type":"Polygon","coordinates":[[[-79.39001925987222,43.66704404254938],[-79.3966705171835,43.66564413975821],[-79.39821267681221,43.66094733910177],[-79.39310473477637,43.65765068018855],[-79.38645452176794,43.659050246498154],[-79.38491120659498,43.66374680815688],[-79.39001925987222,43.66704404254938]]]},"properties":{"cell_id":"882b9bc73bfffff","hex_id":"882b9bc73bfffff","lat":43.662347,"lng":-79.391562,"resolution":8,"neighbourhood":"Central Toronto"}},{"type":"Feature","geometry":{"type":"Polygon","coordinates":[[[-79.54323153634697,43.86238273939932],[-79.54990610735963,43.86097078346776],[-79.5514389218491,43.85626242311615],[-79.54629833375742,43.8529662549925],[-79.53962481196778,43.85437787065503],[-79.53809082914952,43.85908599466399],[-79.54323153634697,43.86238273939932]]]},"properties":{"cell_id":"882b9bda83fffff","hex_id":"882b9bda83fffff","lat":43.857674,"lng":-79.544765,"resolution":8,"neighbourhood":"NW Toronto"}},{"type":"Feature","geometry":{"type":"Polygon","coordinates":[[[-79.23037451930155,43.77484001704839],[-79.2370469274741,43.77344758144994],[-79.23860932695828,43.768747405927485],[-79.23350047641172,43.765439908630746],[-79.22682912168143,43.766832010244],[-79.22526556415981,43.77153194309368],[-79.23037451930155,43.77484001704839]]]},"properties":{"cell_id":"882b9bd45bfffff","hex_id":"882b9bd45bfffff","lat":43.77014,"lng":-79.231938,"resolution":8,"neighbourhood":"Scarborough Town"}},{"type":"Feature","geometry":{"type":"Polygon","coordinates":[[[-79.24456852475686,43.80687751915275],[-79.25124514947628,43.80548374657384],[-79.25280717210973,43.80078180824369],[-79.24769373006315,43.79747388491842],[-79.24101815989727,43.79886732309618],[-79.2394549773289,43.80356901895474],[-79.24456852475686,43.80687751915275]]]},"properties":{"cell_id":"882b9bd623fffff","hex_id":"882b9bd623fffff","lat":43.802176,"lng":-79.246131,"resolution":8,"neighbourhood":"East Scarborough"}},{"type":"Feature","geometry":{"type":"Polygon","coordinates":[[[-79.17971758141066,43.759158613111225],[-79.18638939312808,43.75776936016775],[-79.18795651472976,43.753070597995574],[-79.182852981004,43.74976133240914],[-79.17618222332452,43.751150252395284],[-79.17461394543749,43.755848770879766],[-79.17971758141066,43.759158613111225]]]},"properties":{"cell_id":"882b9bd68bfffff","hex_id":"882b9bd68bfffff","lat":43.75446,"lng":-79.181285,"resolution":8,"neighbourhood":"Scarborough"}},{"type":"Feature","geometry":{"type":"Polygon","coordinates":[[[-79.60521361010996,43.805416830476474],[-79.611877689571,43.804002234735485],[-79.61340213293191,43.799295945000566],[-79.60826366347487,43.796004485828014],[-79.60160062896153,43.797418740412596],[-79.60007501905942,43.802124795279845],[-79.60521361010996,43.805416830476474]]]},"properties":{"cell_id":"882b9bd8bbfffff","hex_id":"882b9bd8bbfffff","lat":43.800711,"lng":-79.606739,"resolution":8,"neighbourhood":"NW Toronto"}},{"type":"Feature","geometry":{"type":"Polygon","coordinates":[[[-79.44571897949875,43.74280117254137],[-79.4523793963427,43.74139681484969],[-79.45391833099032,43.73669556301293],[-79.4487980093165,43.73339890687219],[-79.4421386387826,43.73480292668353],[-79.44059854371504,43.73950394047004],[-79.44571897949875,43.74280117254137]]]},"properties":{"cell_id":"882b9bc2a1fffff","hex_id":"882b9bc2a1fffff","lat":43.7381,"lng":-79.447259,"resolution":8,"neighbourhood":"Downsview"}},{"type":"Feature","geometry":{"type":"Polygon","coordinates":[[[-79.38895493491951,43.68913136906888],[-79.39560945026564,43.687731165726134],[-79.3971524669504,43.68303327785866],[-79.39204212503593,43.67973583237383],[-79.38538865503247,43.68113569915127],[-79.38384448170346,43.68583334793313],[-79.38895493491951,43.68913136906888]]]},"properties":{"cell_id":"882b9bc701fffff","hex_id":"882b9bc701fffff","lat":43.684433,"lng":-79.390499,"resolution":8,"neighbourhood":"Midtown"}},{"type":"Feature","geometry":{"type":"Polygon","coordinates":[[[-79.21496066012837,43.69061627125657],[-79.22162126795153,43.68922608388762],[-79.22318238287383,43.68453028053567],[-79.21808404355357,43.68122490724807],[-79.21142448568823,43.6826147613123],[-79.20986221728917,43.687310321923476],[-79.21496066012837,43.69061627125657]]]},"properties":{"cell_id":"882b9b894dfffff","hex_id":"882b9b894dfffff","lat":43.68592,"lng":-79.216523,"resolution":8,"neighbourhood":"East Scarborough"}},{"type":"Feature","geometry":{"type":"Polygon","coordinates":[[[-79.30575042261441,43.772209086501974],[-79.31241990278124,43.77081233409786],[-79.31397438110123,43.766111348071135],[-79.30886053867616,43.76280735548476],[-79.30219210985692,43.764203772496835],[-79.30063647221895,43.76890451744165],[-79.30575042261441,43.772209086501974]]]},"properties":{"cell_id":"882b9bd421fffff","hex_id":"882b9bd421fffff","lat":43.767508,"lng":-79.307306,"resolution":8,"neighbourhood":"Wexford"}},{"type":"Feature","geometry":{"type":"Polygon","coordinates":[[[-79.18445960535267,43.819405076563235],[-79.19114008777537,43.818014584083016],[-79.19270878930541,43.81331278249846],[-79.18759816795531,43.8100017171202],[-79.18091874223823,43.81139187627559],[-79.17934888127061,43.81609343408858],[-79.18445960535267,43.819405076563235]]]},"properties":{"cell_id":"882b9bd651fffff","hex_id":"882b9bd651fffff","lat":43.814703,"lng":-79.186029,"resolution":8,"neighbourhood":"Malvern"}},{"type":"Feature","geometry":{"type":"Polygon","coordinates":[[[-79.60425072487585,43.82753690542101],[-79.61091807590415,43.8261219986539],[-79.61244335994527,43.8214146249809],[-79.60730246071765,43.81812239298047],[-79.60063615567844,43.81953695850396],[-79.59910970397979,43.82424409722519],[-79.60425072487585,43.82753690542101]]]},"properties":{"cell_id":"882b9bd881fffff","hex_id":"882b9bd881fffff","lat":43.82283,"lng":-79.605777,"resolution":8,"neighbourhood":"NW Toronto"}},{"type":"Feature","geometry":{"type":"Polygon","coordinates":[[[-79.48004536555412,43.77058137672732],[-79.48670866774172,43.76917458141758],[-79.48824497026426,43.764471532109376],[-79.48311913317008,43.76117551547358],[-79.47645687766054,43.76258197212976],[-79.47491941266966,43.767284784029286],[-79.48004536555412,43.77058137672732]]]},"properties":{"cell_id":"882b9bc043fffff","hex_id":"882b9bc043fffff","lat":43.765878,"lng":-79.481582,"resolution":8,"neighbourhood":"Jane & Finch"}},{"type":"Feature","geometry":{"type":"Polygon","coordinates":[[[-79.55964406451388,43.85014193599106],[-79.5663162732048,43.84872923281161],[-79.56784696492417,43.844021278617646],[-79.56270661605683,43.84072626351707],[-79.55603545558675,43.84213862617861],[-79.55450359586568,43.84684634441235],[-79.55964406451388,43.85014193599106]]]},"properties":{"cell_id":"882b9bdab1fffff","hex_id":"882b9bdab1fffff","lat":43.845434,"lng":-79.561175,"resolution":8,"neighbourhood":"NW Toronto"}},{"type":"Feature","geometry":{"type":"Polygon","coordinates":[[[-79.51742786315299,43.732034958343064],[-79.52408424750713,43.73062664144998],[-79.5256153662955,43.7259250524874],[-79.52049126202078,43.72263201687988],[-79.513835921586,43.72403999460281],[-79.5123036416086,43.728741347057394],[-79.51742786315299,43.732034958343064]]]},"properties":{"cell_id":"882b9bc037fffff","hex_id":"882b9bc037fffff","lat":43.727333,"lng":-79.51896,"resolution":8,"neighbourhood":"Weston"}},{"type":"Feature","geometry":{"type":"Polygon","coordinates":[[[-79.46619762934974,43.81291836318988],[-79.47286760332265,43.81151167287509],[-79.47440677535177,43.80680669473899],[-79.46927713788666,43.80350864469645],[-79.46260821290652,43.80491499641741],[-79.46106787650166,43.809619736728706],[-79.46619762934974,43.81291836318988]]]},"properties":{"cell_id":"882b9bc267fffff","hex_id":"882b9bc267fffff","lat":43.808213,"lng":-79.467738,"resolution":8,"neighbourhood":"North Toronto"}},{"type":"Feature","geometry":{"type":"Polygon","coordinates":[[[-79.56325393583231,43.858145783573896],[-79.56992719301631,43.85673273977111],[-79.57145777741195,43.85202434645958],[-79.5663162732048,43.84872923281161],[-79.55964406451388,43.85014193599106],[-79.55811231163955,43.854850093395534],[-79.56325393583231,43.858145783573896]]]},"properties":{"cell_id":"882b9bdabdfffff","hex_id":"882b9bdabdfffff","lat":43.853437,"lng":-79.564785,"resolution":8,"neighbourhood":"NW Toronto"}},{"type":"Feature","geometry":{"type":"Polygon","coordinates":[[[-79.60786655755172,43.83553738985147],[-79.61453495484007,43.83412214173524],[-79.6160601298983,43.82941432871047],[-79.61091807590415,43.8261219986539],[-79.60425072487585,43.82753690542101],[-79.60272438168369,43.832244483547456],[-79.60786655755172,43.83553738985147]]]},"properties":{"cell_id":"882b9bd88dfffff","hex_id":"882b9bd88dfffff","lat":43.83083,"lng":-79.609392,"resolution":8,"neighbourhood":"NW Toronto"}},{"type":"Feature","geometry":{"type":"Polygon","coordinates":[[[-79.18800170933052,43.82741882422081],[-79.19468324873833,43.826027998311915],[-79.19625185795184,43.82132575640498],[-79.19114008777537,43.818014584083016],[-79.18445960535267,43.819405076563235],[-79.18288983622632,43.82410707474857],[-79.18800170933052,43.82741882422081]]]},"properties":{"cell_id":"882b9bd65dfffff","hex_id":"882b9bd65dfffff","lat":43.822717,"lng":-79.189571,"resolution":8,"neighbourhood":"Malvern"}},{"type":"Feature","geometry":{"type":"Polygon","coordinates":[[[-79.30930998009053,43.780214946727284],[-79.3159805118811,43.778817858826926],[-79.3175348932785,43.774116432019504],[-79.31241990278124,43.77081233409786],[-79.30575042261441,43.772209086501974],[-79.30419488142493,43.77691027227828],[-79.30930998009053,43.780214946727284]]]},"properties":{"cell_id":"882b9bd42dfffff","hex_id":"882b9bd42dfffff","lat":43.775514,"lng":-79.310865,"resolution":8,"neighbourhood":"North York"}},{"type":"Feature","geometry":{"type":"Polygon","coordinates":[[[-79.4851853974395,43.8308177051077],[-79.49185734170759,43.82940962381565],[-79.49339514101628,43.82470352860425],[-79.48826216180177,43.82140575211549],[-79.48159126684726,43.82281349437382],[-79.48005230189659,43.827519352108546],[-79.4851853974395,43.8308177051077]]]},"properties":{"cell_id":"882b9bd1b7fffff","hex_id":"882b9bd1b7fffff","lat":43.826112,"lng":-79.486724,"resolution":8,"neighbourhood":"North Toronto"}},{"type":"Feature","geometry":{"type":"Polygon","coordinates":[[[-79.39252245937115,43.69712758611945],[-79.39917802033283,43.69572704610707],[-79.40072093717077,43.69102871641609],[-79.39560945026564,43.687731165726134],[-79.38895493491951,43.68913136906888],[-79.38741086096564,43.693829459725485],[-79.39252245937115,43.69712758611945]]]},"properties":{"cell_id":"882b9bc70dfffff","hex_id":"882b9bc70dfffff","lat":43.692429,"lng":-79.394066,"resolution":8,"neighbourhood":"Midtown"}},{"type":"Feature","geometry":{"type":"Polygon","coordinates":[[[-79.44930057069787,43.75079996242606],[-79.45596203412455,43.74939526674935],[-79.45750086644897,43.74469357398494],[-79.4523793963427,43.74139681484969],[-79.44571897949875,43.74280117254137],[-79.44417898628095,43.74750262730739],[-79.44930057069787,43.75079996242606]]]},"properties":{"cell_id":"882b9bc2adfffff","hex_id":"882b9bc2adfffff","lat":43.746098,"lng":-79.45084,"resolution":8,"neighbourhood":"Downsview"}},{"type":"Feature","geometry":{"type":"Polygon","coordinates":[[[-79.20565669084941,43.793116766118395],[-79.21233260728746,43.79172546726035],[-79.21389820181557,43.7870246977376],[-79.20878903851091,43.78371547027428],[-79.20211417700641,43.785106435528704],[-79.20054742397762,43.789806961804565],[-79.20565669084941,43.793116766118395]]]},"properties":{"cell_id":"882b9bd617fffff","hex_id":"882b9bd617fffff","lat":43.788416,"lng":-79.207223,"resolution":8,"neighbourhood":"East Scarborough"}},{"type":"Feature","geometry":{"type":"Polygon","coordinates":[[[-79.47440677535177,43.80680669473899],[-79.4810755724992,43.80539963023308],[-79.48261368358503,43.80069485444945],[-79.47748416184102,43.79739738075943],[-79.47081641318722,43.79880410654656],[-79.46927713788666,43.80350864469645],[-79.47440677535177,43.80680669473899]]]},"properties":{"cell_id":"882b9bc22dfffff","hex_id":"882b9bc22dfffff","lat":43.802102,"lng":-79.475946,"resolution":8,"neighbourhood":"North Toronto"}},{"type":"Feature","geometry":{"type":"Polygon","coordinates":[[[-79.33587626277271,43.643455932154176],[-79.34252591768956,43.64205953555351],[-79.34407289290804,43.637364577394585],[-79.33897136666099,43.63406625585476],[-79.3323227563847,43.63546231709867],[-79.33077462781763,43.64015703519361],[-79.33587626277271,43.643455932154176]]]},"properties":{"cell_id":"882b9bc45dfffff","hex_id":"882b9bc45dfffff","lat":43.638761,"lng":-79.337424,"resolution":8,"neighbourhood":"South Toronto"}},{"type":"Feature","geometry":{"type":"Polygon","coordinates":[[[-79.6018437824426,43.70100692772509],[-79.60849272631124,43.69959426161289],[-79.61001403280733,43.69489320037296],[-79.60488755668271,43.69160503983686],[-79.59823965307412,43.69301736535231],[-79.59671718543127,43.69771819195448],[-79.6018437824426,43.70100692772509]]]},"properties":{"cell_id":"882b9bcf4dfffff","hex_id":"882b9bcf4dfffff","lat":43.696306,"lng":-79.603366,"resolution":8,"neighbourhood":"Etobicoke"}},{"type":"Feature","geometry":{"type":"Polygon","coordinates":[[[-79.5996707442741,43.841660283317445],[-79.60634032304732,43.84024540725796],[-79.60786655755172,43.83553738985147],[-79.60272438168369,43.832244483547456],[-79.59605584967127,43.833659018381674],[-79.59452844686827,43.83836680069883],[-79.5996707442741,43.841660283317445]]]},"properties":{"cell_id":"882b9bd8c7fffff","hex_id":"882b9bd8c7fffff","lat":43.836952,"lng":-79.601198,"resolution":8,"neighbourhood":"NW Toronto"}},{"type":"Feature","geometry":{"type":"Polygon","coordinates":[[[-79.18088511072474,43.737055975030394],[-79.18755364847338,43.73566700921794],[-79.18911988951068,43.730969327821505],[-79.18401874809022,43.72766085578808],[-79.17735126332737,43.729049488723184],[-79.17578386710363,43.73374692652373],[-79.18088511072474,43.737055975030394]]]},"properties":{"cell_id":"882b9bd697fffff","hex_id":"882b9bd697fffff","lat":43.732358,"lng":-79.182452,"resolution":8,"neighbourhood":"East Scarborough"}},{"type":"Feature","geometry":{"type":"Polygon","coordinates":[[[-79.3010828322398,43.78631328406988],[-79.30775453552425,43.78491657321139],[-79.30930998009053,43.780214946727284],[-79.30419488142493,43.77691027227828],[-79.29752423026171,43.778306647766875],[-79.29596762574678,43.783008033028686],[-79.3010828322398,43.78631328406988]]]},"properties":{"cell_id":"882b9bd467fffff","hex_id":"882b9bd467fffff","lat":43.781612,"lng":-79.302639,"resolution":8,"neighbourhood":"North Toronto"}},{"type":"Feature","geometry":{"type":"Polygon","coordinates":[[[-79.30330031098863,43.742099375069586],[-79.30996546854993,43.740703252321026],[-79.31151917507279,43.736003789609946],[-79.30640888187921,43.73270069064493],[-79.29974477434135,43.734096478187766],[-79.29818991007724,43.73879569985572],[-79.30330031098863,43.742099375069586]]]},"properties":{"cell_id":"882b9bd5ddfffff","hex_id":"882b9bd5ddfffff","lat":43.7374,"lng":-79.304855,"resolution":8,"neighbourhood":"Wexford"}},{"type":"Feature","geometry":{"type":"Polygon","coordinates":[[[-79.2713451523955,43.67009304774965],[-79.27800086965932,43.6686999381076],[-79.27955543863256,43.66400445195581],[-79.27445544394003,43.66070231689775],[-79.26780077422234,43.66209509226984],[-79.2662450517544,43.66679033692449],[-79.2713451523955,43.67009304774965]]]},"properties":{"cell_id":"882b9bc653fffff","hex_id":"882b9bc653fffff","lat":43.665398,"lng":-79.2729,"resolution":8,"neighbourhood":"Central Toronto"}},{"type":"Feature","geometry":{"type":"Polygon","coordinates":[[[-79.58840248834369,43.6469686582144],[-79.59504402339067,43.645557666364816],[-79.59656492468973,43.64085946224051],[-79.59144544919806,43.637572484684796],[-79.58480495230563,43.63898313644512],[-79.5832828928513,43.64368110580438],[-79.58840248834369,43.6469686582144]]]},"properties":{"cell_id":"882b9bcf13fffff","hex_id":"882b9bcf13fffff","lat":43.64227,"lng":-79.589924,"resolution":8,"neighbourhood":"Etobicoke"}},{"type":"Feature","geometry":{"type":"Polygon","coordinates":[[[-79.38432175478245,43.703226285362746],[-79.39097848496779,43.70182611852764],[-79.39252245937115,43.69712758611945],[-79.38741086096564,43.693829459725485],[-79.38075517689104,43.69522929001596],[-79.37921004521395,43.69992758319931],[-79.38432175478245,43.703226285362746]]]},"properties":{"cell_id":"882b9bc747fffff","hex_id":"882b9bc747fffff","lat":43.698528,"lng":-79.385866,"resolution":8,"neighbourhood":"Midtown"}},{"type":"Feature","geometry":{"type":"Polygon","coordinates":[[[-79.44109804274314,43.7569061804076],[-79.44776067950694,43.755501858047744],[-79.44930057069787,43.75079996242606],[-79.44417898628095,43.74750262730739],[-79.43751739659712,43.748906611807044],[-79.43597634435298,43.75360826923962],[-79.44109804274314,43.7569061804076]]]},"properties":{"cell_id":"882b9bc2e7fffff","hex_id":"882b9bc2e7fffff","lat":43.752204,"lng":-79.442639,"resolution":8,"neighbourhood":"Downsview"}},{"type":"Feature","geometry":{"type":"Polygon","coordinates":[[[-79.49231056375255,43.676081629649715],[-79.49895964635915,43.67467568474598],[-79.50049149587936,43.66997718578551],[-79.49537542077823,43.666684868556366],[-79.48872738019568,43.668090475023554],[-79.48719437279205,43.672788737110544],[-79.49231056375255,43.676081629649715]]]},"properties":{"cell_id":"882b9bc0b7fffff","hex_id":"882b9bc0b7fffff","lat":43.671383,"lng":-79.493843,"resolution":8,"neighbourhood":"Etobicoke"}},{"type":"Feature","geometry":{"type":"Polygon","coordinates":[[[-79.35970627457006,43.72152135442736],[-79.36636651312679,43.72012230909205],[-79.36791366295301,43.715423170107414],[-79.36280173207193,43.71212331620903],[-79.35614254111252,43.71352202537555],[-79.35459423353993,43.718220924563575],[-79.35970627457006,43.72152135442736]]]},"properties":{"cell_id":"882b9bd5a3fffff","hex_id":"882b9bd5a3fffff","lat":43.716822,"lng":-79.361254,"resolution":8,"neighbourhood":"Central Toronto"}},{"type":"Feature","geometry":{"type":"Polygon","coordinates":[[[-79.11845391685745,43.79375582321894],[-79.12513284431759,43.79236956408723],[-79.12670751918762,43.78766986528842],[-79.12160442358255,43.78435667065327],[-79.11492655335641,43.78574259782582],[-79.11335072160661,43.79044205154735],[-79.11845391685745,43.79375582321894]]]},"properties":{"cell_id":"882b9b991dfffff","hex_id":"882b9b991dfffff","lat":43.789056,"lng":-79.120029,"resolution":8,"neighbourhood":"East Scarborough"}},{"type":"Feature","geometry":{"type":"Polygon","coordinates":[[[-79.17974932182977,43.83351170774841],[-79.18643203221824,43.83212126265466],[-79.18800170933052,43.82741882422081],[-79.18288983622632,43.82410707474857],[-79.1762081833214,43.82549718654145],[-79.17463734614228,43.830199381061945],[-79.17974932182977,43.83351170774841]]]},"properties":{"cell_id":"882b986cb7fffff","hex_id":"882b986cb7fffff","lat":43.828809,"lng":-79.18132,"resolution":8,"neighbourhood":"Malvern"}},{"type":"Feature","geometry":{"type":"Polygon","coordinates":[[[-79.2458453897818,43.85913531233454],[-79.25252963914288,43.85774062597606],[-79.25409332179484,43.85303609198202],[-79.24897391781516,43.84972648690326],[-79.2422907253975,43.851120838594476],[-79.24072588012092,43.85582512998603],[-79.2458453897818,43.85913531233454]]]},"properties":{"cell_id":"882b986db9fffff","hex_id":"882b986db9fffff","lat":43.854431,"lng":-79.24741,"resolution":8,"neighbourhood":"East Scarborough"}},{"type":"Feature","geometry":{"type":"Polygon","coordinates":[[[-79.55834308490836,43.70148377174854],[-79.56499360112507,43.70007360282863],[-79.5665194439574,43.69537304018337],[-79.56139593105492,43.69208288196853],[-79.5547464562753,43.69349271109976],[-79.55321945306261,43.69819303818844],[-79.55834308490836,43.70148377174854]]]},"properties":{"cell_id":"882b9bc1b9fffff","hex_id":"882b9bc1b9fffff","lat":43.696783,"lng":-79.55987,"resolution":8,"neighbourhood":"Etobicoke"}},{"type":"Feature","geometry":{"type":"Polygon","coordinates":[[[-79.1596995867174,43.76332418898208],[-79.16637267806524,43.761936027596285],[-79.16794202097947,43.757237311730044],[-79.16283942876858,43.753927001324215],[-79.1561673921722,43.755314830111345],[-79.15459689314,43.76001330185765],[-79.1596995867174,43.76332418898208]]]},"properties":{"cell_id":"882b9bd6d1fffff","hex_id":"882b9bd6d1fffff","lat":43.758625,"lng":-79.16127,"resolution":8,"neighbourhood":"East Scarborough"}},{"type":"Feature","geometry":{"type":"Polygon","coordinates":[[[-79.28086833741216,43.71618337876021],[-79.28753046394019,43.71478897191351],[-79.2890856158335,43.710091074809924],[-79.28397979730912,43.706787825943714],[-79.27731872019793,43.708181898127016],[-79.27576241229788,43.712879553794416],[-79.28086833741216,43.71618337876021]]]},"properties":{"cell_id":"882b9bd4a1fffff","hex_id":"882b9bd4a1fffff","lat":43.711485,"lng":-79.282424,"resolution":8,"neighbourhood":"Central Toronto"}},{"type":"Feature","geometry":{"type":"Polygon","coordinates":[[[-79.27955543863256,43.66400445195581],[-79.28620999107517,43.66261096756807],[-79.28776350166943,43.65791568256358],[-79.28266361326436,43.654614123208056],[-79.27601010787433,43.65600727319995],[-79.27445544394003,43.66070231689775],[-79.27955543863256,43.66400445195581]]]},"properties":{"cell_id":"882b9bc619fffff","hex_id":"882b9bc619fffff","lat":43.659309,"lng":-79.28111,"resolution":8,"neighbourhood":"Central Toronto"}},{"type":"Feature","geometry":{"type":"Polygon","coordinates":[[[-79.50967594385139,43.641790723473655],[-79.5163194348129,43.64038434647929],[-79.51784833250719,43.635687348414905],[-79.51273489580267,43.63239696370669],[-79.50609244484195,43.63380300210275],[-79.50456239068646,43.63849976375946],[-79.50967594385139,43.641790723473655]]]},"properties":{"cell_id":"882b9bce11fffff","hex_id":"882b9bce11fffff","lat":43.637094,"lng":-79.511206,"resolution":8,"neighbourhood":"Etobicoke South"}},{"type":"Feature","geometry":{"type":"Polygon","coordinates":[[[-79.36717474709661,43.811854373885936],[-79.37384794921986,43.810453426180956],[-79.37539739076172,43.805749716685966],[-79.37027479276904,43.80244719475838],[-79.36360264220804,43.80384780573189],[-79.3620520381811,43.808551275318614],[-79.36717474709661,43.811854373885936]]]},"properties":{"cell_id":"882b9bd569fffff","hex_id":"882b9bd569fffff","lat":43.807151,"lng":-79.368725,"resolution":8,"neighbourhood":"North Toronto"}},{"type":"Feature","geometry":{"type":"Polygon","coordinates":[[[-79.41459284143524,43.64875342672389],[-79.42124059658056,43.6473524084727],[-79.42277959025857,43.64265621897161],[-79.41767198396454,43.63936128610329],[-79.4110252716404,43.64076196749901],[-79.40948512289133,43.64545791857284],[-79.41459284143524,43.64875342672389]]]},"properties":{"cell_id":"882b9bc551fffff","hex_id":"882b9bc551fffff","lat":43.644057,"lng":-79.416133,"resolution":8,"neighbourhood":"South Toronto"}},{"type":"Feature","geometry":{"type":"Polygon","coordinates":[[[-79.55341633346919,43.812014388707695],[-79.56008317193468,43.81060267433634],[-79.5616132316316,43.80589668162547],[-79.5564776188984,43.80260263922105],[-79.54981182706564,43.80401401337144],[-79.54828060143564,43.808719770101014],[-79.55341633346919,43.812014388707695]]]},"properties":{"cell_id":"882b9bc321fffff","hex_id":"882b9bc321fffff","lat":43.807308,"lng":-79.554947,"resolution":8,"neighbourhood":"NW Toronto"}},{"type":"Feature","geometry":{"type":"Polygon","coordinates":[[[-79.13967775565565,43.76748648877866],[-79.14635212537233,43.76609941965109],[-79.14792369003887,43.76140075097931],[-79.14282204104326,43.75808939594193],[-79.13614872679118,43.759476132829825],[-79.13457600617502,43.764174556949456],[-79.13967775565565,43.76748648877866]]]},"properties":{"cell_id":"882b9b99e5fffff","hex_id":"882b9b99e5fffff","lat":43.762788,"lng":-79.14125,"resolution":8,"neighbourhood":"East Scarborough"}},{"type":"Feature","geometry":{"type":"Polygon","coordinates":[[[-79.12909437355428,43.743457072739254],[-79.13576557771518,43.742071000020104],[-79.13733741235704,43.73737365557629],[-79.13223919747342,43.73406262850652],[-79.12556904793928,43.73544836929649],[-79.12399605876685,43.74014546904013],[-79.12909437355428,43.743457072739254]]]},"properties":{"cell_id":"882b9b99abfffff","hex_id":"882b9b99abfffff","lat":43.73876,"lng":-79.130667,"resolution":8,"neighbourhood":"East Scarborough"}},{"type":"Feature","geometry":{"type":"Polygon","coordinates":[[[-79.57800031482172,43.79366076321947],[-79.58466361709698,43.792247932930145],[-79.58619050101198,43.7875425530796],[-79.58105524819678,43.784250238880986],[-79.57439299105606,43.7856627285774],[-79.57286494169801,43.790367873019136],[-79.57800031482172,43.79366076321947]]]},"properties":{"cell_id":"882b9bc145fffff","hex_id":"882b9bc145fffff","lat":43.788955,"lng":-79.579528,"resolution":8,"neighbourhood":"NW Toronto"}},{"type":"Feature","geometry":{"type":"Polygon","coordinates":[[[-79.28706263921188,43.828637389317926],[-79.29374102017677,43.827240805964266],[-79.29529936876938,43.8225372613141],[-79.29018049834481,43.819230541615916],[-79.2835031718268,43.82062678966678],[-79.28194366139078,43.825330092672914],[-79.28706263921188,43.828637389317926]]]},"properties":{"cell_id":"882b9bd70bfffff","hex_id":"882b9bd70bfffff","lat":43.823934,"lng":-79.288622,"resolution":8,"neighbourhood":"Agincourt"}},{"type":"Feature","geometry":{"type":"Polygon","coordinates":[[[-79.20558275937735,43.71879549368727],[-79.21224779928183,43.717405393804306],[-79.21381085158909,43.7127083079466],[-79.20871001882283,43.709401564949275],[-79.20204603041871,43.710791331573674],[-79.20048182338465,43.71548817440857],[-79.20558275937735,43.71879549368727]]]},"properties":{"cell_id":"882b9bd4dbfffff","hex_id":"882b9bd4dbfffff","lat":43.714098,"lng":-79.207147,"resolution":8,"neighbourhood":"East Scarborough"}},{"type":"Feature","geometry":{"type":"Polygon","coordinates":[[[-79.55932557017996,43.67939302450682],[-79.56597283152031,43.6779831658849],[-79.5674978337243,43.67328369238077],[-79.56237673396393,43.669994312924246],[-79.55573051302619,43.67140383184407],[-79.55420435154761,43.67610306987646],[-79.55932557017996,43.67939302450682]]]},"properties":{"cell_id":"882b9bce65fffff","hex_id":"882b9bce65fffff","lat":43.674694,"lng":-79.560851,"resolution":8,"neighbourhood":"Etobicoke"}},{"type":"Feature","geometry":{"type":"Polygon","coordinates":[[[-79.37432270791005,43.82786914027988],[-79.38099801398458,43.82646751879827],[-79.38254725630068,43.82176292926795],[-79.37742235608216,43.81846020097866],[-79.3707481021211,43.81986148551966],[-79.36919769636879,43.82456583524467],[-79.37432270791005,43.82786914027988]]]},"properties":{"cell_id":"882b9bd095fffff","hex_id":"882b9bd095fffff","lat":43.823165,"lng":-79.375873,"resolution":8,"neighbourhood":"North Toronto"}},{"type":"Feature","geometry":{"type":"Polygon","coordinates":[[[-79.5040768671402,43.67796810528537],[-79.51072582114821,43.67656145152196],[-79.51225651247394,43.671862715930175],[-79.5071394080879,43.668570870687205],[-79.50049149587936,43.66997718578551],[-79.49895964635915,43.67467568474598],[-79.5040768671402,43.67796810528537]]]},"properties":{"cell_id":"882b9bce4bfffff","hex_id":"882b9bce4bfffff","lat":43.673269,"lng":-79.505608,"resolution":8,"neighbourhood":"Etobicoke"}},{"type":"Feature","geometry":{"type":"Polygon","coordinates":[[[-79.34249338608325,43.83016728480065],[-79.34917011210928,43.828767467908484],[-79.35072274533202,43.82406315853719],[-79.3455998155925,43.82075890649458],[-79.33892414262571,43.822158387033646],[-79.33737034644315,43.8268624559226],[-79.34249338608325,43.83016728480065]]]},"properties":{"cell_id":"882b9bd725fffff","hex_id":"882b9bd725fffff","lat":43.825463,"lng":-79.344047,"resolution":8,"neighbourhood":"North Toronto"}},{"type":"Feature","geometry":{"type":"Polygon","coordinates":[[[-79.56718212167485,43.76966827852209],[-79.57384228935885,43.768256469695686],[-79.57536949554074,43.76355241030796],[-79.57023769815926,43.76026039526826],[-79.56357857479757,43.76167186381748],[-79.56205020459699,43.76637568763739],[-79.56718212167485,43.76966827852209]]]},"properties":{"cell_id":"882b9bc10bfffff","hex_id":"882b9bc10bfffff","lat":43.764964,"lng":-79.56871,"resolution":8,"neighbourhood":"Etobicoke North"}},{"type":"Feature","geometry":{"type":"Polygon","coordinates":[[[-79.4779983930283,43.81480982413279],[-79.48466823894259,43.81340242080317],[-79.4862062462815,43.808697205085636],[-79.4810755724992,43.80539963023308],[-79.47440677535177,43.80680669473899],[-79.47286760332265,43.81151167287509],[-79.4779983930283,43.81480982413279]]]},"properties":{"cell_id":"882b9bc35bfffff","hex_id":"882b9bc35bfffff","lat":43.810105,"lng":-79.479537,"resolution":8,"neighbourhood":"North Toronto"}},{"type":"Feature","geometry":{"type":"Polygon","coordinates":[[[-79.59895403150837,43.767309941695466],[-79.60561275506147,43.7658963394158],[-79.60713657580611,43.761192015030254],[-79.60200283757656,43.75790152776825],[-79.59534515739132,43.759314789189425],[-79.59382017216944,43.7640188786849],[-79.59895403150837,43.767309941695466]]]},"properties":{"cell_id":"882b9bc12bfffff","hex_id":"882b9bc12bfffff","lat":43.762606,"lng":-79.600479,"resolution":8,"neighbourhood":"NW Toronto"}},{"type":"Feature","geometry":{"type":"Polygon","coordinates":[[[-79.52261287664722,43.79224479497532],[-79.52927788428852,43.7908351854556],[-79.53081048689182,43.786130544916425],[-79.52567924631317,43.78283575042503],[-79.51901528521579,43.784245020392916],[-79.51748151825551,43.788949424357924],[-79.52261287664722,43.79224479497532]]]},"properties":{"cell_id":"882b9bc33bfffff","hex_id":"882b9bc33bfffff","lat":43.78754,"lng":-79.524146,"resolution":8,"neighbourhood":"Etobicoke North"}},{"type":"Feature","geometry":{"type":"Polygon","coordinates":[[[-79.4534404474908,43.662423261954736],[-79.46008886959807,43.66101978123043],[-79.46162429410055,43.65632243569494],[-79.45651245307567,43.65302880848907],[-79.44986507339306,43.654431951567304],[-79.44832849241267,43.65912905945168],[-79.4534404474908,43.662423261954736]]]},"properties":{"cell_id":"882b9bc56bfffff","hex_id":"882b9bc56bfffff","lat":43.657726,"lng":-79.454977,"resolution":8,"neighbourhood":"Roncesvalles"}},{"type":"Feature","geometry":{"type":"Polygon","coordinates":[[[-79.54854415505667,43.6554270786291],[-79.55518829599662,43.65401823879874],[-79.55671361665411,43.649320090861096],[-79.55159595433396,43.6460310183371],[-79.54495285298937,43.64743951878004],[-79.54342637447084,43.65213743108844],[-79.54854415505667,43.6554270786291]]]},"properties":{"cell_id":"882b9bce2bfffff","hex_id":"882b9bce2bfffff","lat":43.650729,"lng":-79.55007,"resolution":8,"neighbourhood":"Etobicoke South"}},{"type":"Feature","geometry":{"type":"Polygon","coordinates":[[[-79.25024370152417,43.69635862248503],[-79.25690396323554,43.69496630504947],[-79.25846161582233,43.69026977491907],[-79.25336016123059,43.68696580419753],[-79.24670094882282,43.68835778763772],[-79.24514214180688,43.69305407574938],[-79.25024370152417,43.69635862248503]]]},"properties":{"cell_id":"882b9bd4bbfffff","hex_id":"882b9bd4bbfffff","lat":43.691662,"lng":-79.251802,"resolution":8,"neighbourhood":"Central Toronto"}},{"type":"Feature","geometry":{"type":"Polygon","coordinates":[[[-79.29774852477637,43.85267245525577],[-79.30443007074727,43.851274865367834],[-79.30598812954612,43.84657000111376],[-79.30086580575002,43.84326296819319],[-79.29418531505877,43.84466022246535],[-79.29262609298837,43.84936484522808],[-79.29774852477637,43.85267245525577]]]},"properties":{"cell_id":"882b9bd745fffff","hex_id":"882b9bd745fffff","lat":43.847968,"lng":-79.299307,"resolution":8,"neighbourhood":"North Toronto"}},{"type":"Feature","geometry":{"type":"Polygon","coordinates":[[[-79.34932671145539,43.771826974969564],[-79.35599465852167,43.770427709877],[-79.35754459504264,43.76572620264344],[-79.3524277447126,43.76242420062139],[-79.34576084783178,43.763823129504786],[-79.34420975119905,43.76852439657365],[-79.34932671145539,43.771826974969564]]]},"properties":{"cell_id":"882b9bd515fffff","hex_id":"882b9bd515fffff","lat":43.767125,"lng":-79.350877,"resolution":8,"neighbourhood":"Don Mills"}},{"type":"Feature","geometry":{"type":"Polygon","coordinates":[[[-79.19857290309656,43.77709665307088],[-79.205246709946,43.775706021316225],[-79.20681249005364,43.771006133498574],[-79.20170562096885,43.767697120737004],[-79.19503286849606,43.76908741909572],[-79.19346593083598,43.773787063566495],[-79.19857290309656,43.77709665307088]]]},"properties":{"cell_id":"882b9bd6ebfffff","hex_id":"882b9bd6ebfffff","lat":43.772397,"lng":-79.200139,"resolution":8,"neighbourhood":"Scarborough"}},{"type":"Feature","geometry":{"type":"Polygon","coordinates":[[[-79.40614831369422,43.82556225436693],[-79.41282219598445,43.82415882933314],[-79.41436804722014,43.81945396164534],[-79.40924118017934,43.81615275807336],[-79.40256834905516,43.81755584557976],[-79.40102133390917,43.82226047413957],[-79.40614831369422,43.82556225436693]]]},"properties":{"cell_id":"882b9bd0b5fffff","hex_id":"882b9bd0b5fffff","lat":43.820857,"lng":-79.407695,"resolution":8,"neighbourhood":"North Toronto"}},{"type":"Feature","geometry":{"type":"Polygon","coordinates":[[[-79.56585892120883,43.621135745899906],[-79.57249747455919,43.61972648102787],[-79.57401985402652,43.61502983861045],[-79.56890483668076,43.611742696184116],[-79.56226732090677,43.61315162150933],[-79.56074378500311,43.61784802876175],[-79.56585892120883,43.621135745899906]]]},"properties":{"cell_id":"882b9bcc55fffff","hex_id":"882b9bcc55fffff","lat":43.616439,"lng":-79.567382,"resolution":8,"neighbourhood":"Long Branch"}},{"type":"Feature","geometry":{"type":"Polygon","coordinates":[[[-79.12665261965229,43.86204594724548],[-79.13334129779662,43.860658126500795],[-79.13491748209141,43.85595495429391],[-79.129806148859,43.852639847900946],[-79.12311853091077,43.85402733621785],[-79.12154118610455,43.85873026331005],[-79.12665261965229,43.86204594724548]]]},"properties":{"cell_id":"882b986cd1fffff","hex_id":"882b986cd1fffff","lat":43.857343,"lng":-79.12823,"resolution":8,"neighbourhood":"East Scarborough"}},{"type":"Feature","geometry":{"type":"Polygon","coordinates":[[[-79.15498738629654,43.777421565942056],[-79.16166270017223,43.77603345177474],[-79.16323301776013,43.771334097678114],[-79.15812917832152,43.76802310196517],[-79.15145491997272,43.76941088355785],[-79.14988344564054,43.77410999339274],[-79.15498738629654,43.777421565942056]]]},"properties":{"cell_id":"882b9b9937fffff","hex_id":"882b9b9937fffff","lat":43.772722,"lng":-79.156558,"resolution":8,"neighbourhood":"East Scarborough"}},{"type":"Feature","geometry":{"type":"Polygon","coordinates":[[[-79.60978821556957,43.79129863589152],[-79.61645007084631,43.78988401040432],[-79.61797356559234,43.78517836566077],[-79.6128363710649,43.781887581088455],[-79.60617555996612,43.78330186540111],[-79.60465089931859,43.78800727541434],[-79.60978821556957,43.79129863589152]]]},"properties":{"cell_id":"882b9bc165fffff","hex_id":"882b9bc165fffff","lat":43.786593,"lng":-79.611312,"resolution":8,"neighbourhood":"NW Toronto"}},{"type":"Feature","geometry":{"type":"Polygon","coordinates":[[[-79.43960068867447,43.704708963105034],[-79.44625575117828,43.70330558394211],[-79.44779403641706,43.69860630053209],[-79.44267841762407,43.69531063430594],[-79.43602439984451,43.696713675882314],[-79.43448495623609,43.70141272122553],[-79.43960068867447,43.704708963105034]]]},"properties":{"cell_id":"882b9bc0d1fffff","hex_id":"882b9bc0d1fffff","lat":43.70001,"lng":-79.44114,"resolution":8,"neighbourhood":"Central Toronto"}},{"type":"Feature","geometry":{"type":"Polygon","coordinates":[[[-79.5216101010149,43.8143616053388],[-79.5282783807795,43.812951689442336],[-79.5298118318672,43.80824596555823],[-79.52467816876285,43.80495039418421],[-79.51801093658574,43.806359970443054],[-79.51647632002806,43.8110654576674],[-79.5216101010149,43.8143616053388]]]},"properties":{"cell_id":"882b9bc301fffff","hex_id":"882b9bc301fffff","lat":43.809656,"lng":-79.523144,"resolution":8,"neighbourhood":"NW Toronto"}},{"type":"Feature","geometry":{"type":"Polygon","coordinates":[[[-79.4590778932972,43.62625383320289],[-79.46572085447181,43.62485062481302],[-79.46725447847389,43.62015501641953],[-79.46214629615228,43.61686285379629],[-79.45550437560281,43.618265724605436],[-79.45396959685154,43.62296109557279],[-79.4590778932972,43.62625383320289]]]},"properties":{"cell_id":"882b9bc531fffff","hex_id":"882b9bc531fffff","lat":43.621558,"lng":-79.460612,"resolution":8,"neighbourhood":"South Toronto"}},{"type":"Feature","geometry":{"type":"Polygon","coordinates":[[[-79.40786161409336,43.70702123358348],[-79.41451809700764,43.705619646819386],[-79.41605975592144,43.70092063668688],[-79.4109460899253,43.69762345201392],[-79.40429065267703,43.69902470177466],[-79.40274783586153,43.70372347316594],[-79.40786161409336,43.70702123358348]]]},"properties":{"cell_id":"882b9bc761fffff","hex_id":"882b9bc761fffff","lat":43.702322,"lng":-79.409404,"resolution":8,"neighbourhood":"Forest Hill"}},{"type":"Feature","geometry":{"type":"Polygon","coordinates":[[[-79.24911086793547,43.71845216511215],[-79.25577439584013,43.717059555809385],[-79.25733292051649,43.71236194194208],[-79.25222907291918,43.70905717944128],[-79.24556659536498,43.71044945466742],[-79.24400691516145,43.715146826425496],[-79.24911086793547,43.71845216511215]]]},"properties":{"cell_id":"882b9bd481fffff","hex_id":"882b9bd481fffff","lat":43.713755,"lng":-79.25067,"resolution":8,"neighbourhood":"Central Toronto"}},{"type":"Feature","geometry":{"type":"Polygon","coordinates":[[[-79.20442768718648,43.74089402506638],[-79.21109599775036,43.73950363630444],[-79.21265992745663,43.734805468438815],[-79.20755670252842,43.73149793240385],[-79.2008894445149,43.732887987826786],[-79.1993243589835,43.73758591257828],[-79.20442768718648,43.74089402506638]]]},"properties":{"cell_id":"882b9bd6b1fffff","hex_id":"882b9bd6b1fffff","lat":43.736196,"lng":-79.205992,"resolution":8,"neighbourhood":"Scarborough"}},{"type":"Feature","geometry":{"type":"Polygon","coordinates":[[[-79.62329746304347,43.845415347345174],[-79.62996677130221,43.84399904423982],[-79.63149066827367,43.8392905573882],[-79.62634642601076,43.83599860819583],[-79.619678164053,43.83741456961724],[-79.61815309815921,43.842122821868564],[-79.62329746304347,43.845415347345174]]]},"properties":{"cell_id":"882b9bd8e1fffff","hex_id":"882b9bd8e1fffff","lat":43.840707,"lng":-79.624822,"resolution":8,"neighbourhood":"NW Toronto"}},{"type":"Feature","geometry":{"type":"Polygon","coordinates":[[[-79.14790348621491,43.83575611265018],[-79.15458759253862,43.834367477710074],[-79.15616065812587,43.82966533146706],[-79.15105077707115,43.82635206470716],[-79.14436772916616,43.82774036693809],[-79.14279350400251,43.83244226859265],[-79.14790348621491,43.83575611265018]]]},"properties":{"cell_id":"882b986c97fffff","hex_id":"882b986c97fffff","lat":43.831054,"lng":-79.149477,"resolution":8,"neighbourhood":"Rouge"}},{"type":"Feature","geometry":{"type":"Polygon","coordinates":[[[-79.46059493576776,43.67840752206622],[-79.4672454435377,43.677003365736155],[-79.46878066333143,43.67230513616698],[-79.46366653287735,43.66901130042971],[-79.45701706807435,43.67041511890461],[-79.45548069086053,43.67511311092612],[-79.46059493576776,43.67840752206622]]]},"properties":{"cell_id":"882b9bc097fffff","hex_id":"882b9bc097fffff","lat":43.673709,"lng":-79.462131,"resolution":8,"neighbourhood":"Junction"}},{"type":"Feature","geometry":{"type":"Polygon","coordinates":[[[-79.40932269756027,43.75922054249765],[-79.41598675817616,43.75781801692651],[-79.41753003080129,43.753116395712674],[-79.41241040349729,43.74981753888906],[-79.40574739090644,43.751219727184406],[-79.40420295769754,43.75592110953331],[-79.40932269756027,43.75922054249765]]]},"properties":{"cell_id":"882b9bc2c7fffff","hex_id":"882b9bc2c7fffff","lat":43.754519,"lng":-79.410867,"resolution":8,"neighbourhood":"North York"}},{"type":"Feature","geometry":{"type":"Polygon","coordinates":[[[-79.42887556390595,43.68072473920185],[-79.43552749305319,43.679322372485004],[-79.43706608296549,43.67462441429729],[-79.43195390078729,43.67132906100226],[-79.42530301554827,43.67273109044607],[-79.42376326868153,43.67742881041217],[-79.42887556390595,43.68072473920185]]]},"properties":{"cell_id":"882b9bc727fffff","hex_id":"882b9bc727fffff","lat":43.676027,"lng":-79.430415,"resolution":8,"neighbourhood":"Central Toronto"}},{"type":"Feature","geometry":{"type":"Polygon","coordinates":[[[-79.2692777579097,43.78858984543745],[-79.2759508694141,43.78719493755556],[-79.27750969749745,43.78249359472807],[-79.27239657364885,43.77918740163426],[-79.26572451520475,43.78058197473428],[-79.26416452765311,43.78528307566435],[-79.2692777579097,43.78858984543745]]]},"properties":{"cell_id":"882b9bd447fffff","hex_id":"882b9bd447fffff","lat":43.783889,"lng":-79.270837,"resolution":8,"neighbourhood":"North Toronto"}},{"type":"Feature","geometry":{"type":"Polygon","coordinates":[[[-79.46825598256879,43.768690867651955],[-79.47491941266966,43.767284784029286],[-79.47645687766054,43.76258197212976],[-79.47133207480798,43.759285481458534],[-79.46466969161048,43.760691226657165],[-79.4631310644648,43.765393800905066],[-79.46825598256879,43.768690867651955]]]},"properties":{"cell_id":"882b9bc05dfffff","hex_id":"882b9bc05dfffff","lat":43.763988,"lng":-79.469794,"resolution":8,"neighbourhood":"Downsview"}},{"type":"Feature","geometry":{"type":"Polygon","coordinates":[[[-79.41753003080129,43.753116395712674],[-79.42419291871931,43.75171349608856],[-79.42573513170252,43.74701207708764],[-79.42061561729534,43.743713796339115],[-79.41395377690523,43.74511635856228],[-79.41241040349729,43.74981753888906],[-79.41753003080129,43.753116395712674]]]},"properties":{"cell_id":"882b9bc28dfffff","hex_id":"882b9bc28dfffff","lat":43.748415,"lng":-79.419073,"resolution":8,"neighbourhood":"North York"}},{"type":"Feature","geometry":{"type":"Polygon","coordinates":[[[-79.30417296040706,43.645737625343585],[-79.3108240190688,43.64434301868234],[-79.31237435724023,43.63964833869509],[-79.30727478972807,43.636348506059285],[-79.30062477663911,43.63774277794767],[-79.29907328559248,43.64243721719925],[-79.30417296040706,43.645737625343585]]]},"properties":{"cell_id":"882b9bc6edfffff","hex_id":"882b9bc6edfffff","lat":43.641043,"lng":-79.305724,"resolution":8,"neighbourhood":"South Toronto"}},{"type":"Feature","geometry":{"type":"Polygon","coordinates":[[[-79.27750969749745,43.78249359472807],[-79.28418163815861,43.781098309070174],[-79.28573940230424,43.77639716527264],[-79.28062638520525,43.77309154879354],[-79.27395549710697,43.774486499542896],[-79.27239657364885,43.77918740163426],[-79.27750969749745,43.78249359472807]]]},"properties":{"cell_id":"882b9bd40dfffff","hex_id":"882b9bd40dfffff","lat":43.777792,"lng":-79.279068,"resolution":8,"neighbourhood":"North York"}},{"type":"Feature","geometry":{"type":"Polygon","coordinates":[[[-79.2327782363616,43.8049620781667],[-79.2394549773289,43.80356901895474],[-79.24101815989727,43.79886732309618],[-79.23590576121809,43.79555892911747],[-79.22923007502419,43.79695165415945],[-79.22766573284059,43.80165310730457],[-79.2327782363616,43.8049620781667]]]},"properties":{"cell_id":"882b9bd63dfffff","hex_id":"882b9bd63dfffff","lat":43.80026,"lng":-79.234342,"resolution":8,"neighbourhood":"Malvern"}},{"type":"Feature","geometry":{"type":"Polygon","coordinates":[[[-79.53141612651655,43.8604972363318],[-79.53809082914952,43.85908599466399],[-79.53962481196778,43.85437787065503],[-79.53448526027074,43.85108122485455],[-79.52781160708909,43.85249212648328],[-79.52627645625594,43.857200013905334],[-79.53141612651655,43.8604972363318]]]},"properties":{"cell_id":"882b9bda9dfffff","hex_id":"882b9bda9dfffff","lat":43.855789,"lng":-79.532951,"resolution":8,"neighbourhood":"NW Toronto"}},{"type":"Feature","geometry":{"type":"Polygon","coordinates":[[[-79.52461550787163,43.74802651372119],[-79.53127398087759,43.74661751817297],[-79.53280488928118,43.74191504746653],[-79.52767848691666,43.738621808665314],[-79.52102105837217,43.740030464833495],[-79.51948898783279,43.74473269913686],[-79.52461550787163,43.74802651372119]]]},"properties":{"cell_id":"882b9bc023fffff","hex_id":"882b9bc023fffff","lat":43.743324,"lng":-79.526147,"resolution":8,"neighbourhood":"Etobicoke North"}},{"type":"Feature","geometry":{"type":"Polygon","coordinates":[[[-79.32329449481996,43.737909919674486],[-79.32995836325111,43.736512709933294],[-79.33150985081055,43.731813207106974],[-79.32639862794379,43.7285111545868],[-79.31973580881915,43.72990802876609],[-79.3181831633582,43.73460729098183],[-79.32329449481996,43.737909919674486]]]},"properties":{"cell_id":"882b9bd589fffff","hex_id":"882b9bd589fffff","lat":43.73321,"lng":-79.324847,"resolution":8,"neighbourhood":"Don Mills"}},{"type":"Feature","geometry":{"type":"Polygon","coordinates":[[[-79.40362905927763,43.795438695489864],[-79.41029861434863,43.79403590730807],[-79.41184370600224,43.78933256097409],[-79.40672040501299,43.78603224186795],[-79.40005189978496,43.78743469271082],[-79.39850564580648,43.79213779995284],[-79.40362905927763,43.795438695489864]]]},"properties":{"cell_id":"882b9bc253fffff","hex_id":"882b9bc253fffff","lat":43.790735,"lng":-79.405175,"resolution":8,"neighbourhood":"Willowdale"}},{"type":"Feature","geometry":{"type":"Polygon","coordinates":[[[-79.60905581087151,43.71698767770176],[-79.61570683606651,43.71557433008051],[-79.61722792581567,43.71087238655943],[-79.61209915256299,43.707584025145124],[-79.60544916816559,43.708997031959235],[-79.60392691632453,43.71369874094864],[-79.60905581087151,43.71698767770176]]]},"properties":{"cell_id":"882b9bca99fffff","hex_id":"882b9bca99fffff","lat":43.712286,"lng":-79.610578,"resolution":8,"neighbourhood":"Etobicoke"}},{"type":"Feature","geometry":{"type":"Polygon","coordinates":[[[-79.49237743146902,43.84682774663551],[-79.49905147518483,43.84541898696081],[-79.50058906574709,43.84071201275481],[-79.49545377929137,43.83741403554903],[-79.48878078543619,43.83882245597985],[-79.4872420282791,43.843529192814195],[-79.49237743146902,43.84682774663551]]]},"properties":{"cell_id":"882b9bd1a3fffff","hex_id":"882b9bd1a3fffff","lat":43.842121,"lng":-79.493916,"resolution":8,"neighbourhood":"NW Toronto"}},{"type":"Feature","geometry":{"type":"Polygon","coordinates":[[[-79.31127304181109,43.66172897133966],[-79.31792619244007,43.66033369482092],[-79.31947633779146,43.655638129716074],[-79.3143744864326,43.652338081719186],[-79.30772238192422,43.65373302325722],[-79.30617108275709,43.65842834772731],[-79.31127304181109,43.66172897133966]]]},"properties":{"cell_id":"882b9bc639fffff","hex_id":"882b9bc639fffff","lat":43.657033,"lng":-79.312824,"resolution":8,"neighbourhood":"Leslieville"}},{"type":"Feature","geometry":{"type":"Polygon","coordinates":[[[-79.513835921586,43.72403999460281],[-79.52049126202078,43.72263201687988],[-79.52202248573366,43.71793086897517],[-79.5168995298298,43.714637935307735],[-79.51024523304336,43.71604557396541],[-79.50871284861445,43.72074648530977],[-79.513835921586,43.72403999460281]]]},"properties":{"cell_id":"882b9bc1d9fffff","hex_id":"882b9bc1d9fffff","lat":43.719339,"lng":-79.515368,"resolution":8,"neighbourhood":"Weston"}},{"type":"Feature","geometry":{"type":"Polygon","coordinates":[[[-79.21274544083235,43.80913907028905],[-79.21942346797323,43.8077471039121],[-79.22098887622974,43.80304545317868],[-79.21587741690001,43.799736011923386],[-79.20920044524986,43.80112764448893],[-79.20763387754342,43.805829052075644],[-79.21274544083235,43.80913907028905]]]},"properties":{"cell_id":"882b9bd603fffff","hex_id":"882b9bd603fffff","lat":43.804437,"lng":-79.214312,"resolution":8,"neighbourhood":"Malvern"}},{"type":"Feature","geometry":{"type":"Polygon","coordinates":[[[-79.41184370600224,43.78933256097409],[-79.4185120866455,43.7879293977055],[-79.42005611685171,43.78322625284102],[-79.41493292868338,43.77992651010014],[-79.40826559738478,43.781329335904374],[-79.40672040501299,43.78603224186795],[-79.41184370600224,43.78933256097409]]]},"properties":{"cell_id":"882b9bc219fffff","hex_id":"882b9bc219fffff","lat":43.784629,"lng":-79.413388,"resolution":8,"neighbourhood":"North York Centre"}},{"type":"Feature","geometry":{"type":"Polygon","coordinates":[[[-79.34298699404177,43.6594448115424],[-79.3496387390593,43.65804774391609],[-79.35118551898344,43.65335190069824],[-79.34608170828193,43.65005336502368],[-79.33943100845137,43.65145009708513],[-79.33788307423814,43.65614570034042],[-79.34298699404177,43.6594448115424]]]},"properties":{"cell_id":"882b9bc449fffff","hex_id":"882b9bc449fffff","lat":43.654749,"lng":-79.344535,"resolution":8,"neighbourhood":"Riverside"}},{"type":"Feature","geometry":{"type":"Polygon","coordinates":[[[-79.59631092560456,43.7372105217152],[-79.60296534374152,43.735797571862136],[-79.60448843373202,43.73109477483763],[-79.59935826857897,43.72780516247904],[-79.5927048925029,43.72921777166605],[-79.59118063962048,43.73392033383151],[-79.59631092560456,43.7372105217152]]]},"properties":{"cell_id":"882b9bcad9fffff","hex_id":"882b9bcad9fffff","lat":43.732508,"lng":-79.597835,"resolution":8,"neighbourhood":"Rexdale"}},{"type":"Feature","geometry":{"type":"Polygon","coordinates":[[[-79.6155308496188,43.65870524055134],[-79.62217315555507,43.657292492566356],[-79.62369163117846,43.652593377730355],[-79.61856896020888,43.64930724506032],[-79.61192769224138,43.65071965239556],[-79.61040805737555,43.655418533004486],[-79.6155308496188,43.65870524055134]]]},"properties":{"cell_id":"882b9bcf39fffff","hex_id":"882b9bcf39fffff","lat":43.654006,"lng":-79.61705,"resolution":8,"neighbourhood":"Etobicoke"}},{"type":"Feature","geometry":{"type":"Polygon","coordinates":[[[-79.31041511374393,43.75810681036241],[-79.31708237217906,43.75671001688994],[-79.31863588513224,43.752009671853926],[-79.31352329844171,43.74870636118638],[-79.30685709058133,43.75010281924481],[-79.3053024189404,43.75480292333918],[-79.31041511374393,43.75810681036241]]]},"properties":{"cell_id":"882b9bd5c9fffff","hex_id":"882b9bd5c9fffff","lat":43.753406,"lng":-79.311969,"resolution":8,"neighbourhood":"Don Mills"}},{"type":"Feature","geometry":{"type":"Polygon","coordinates":[[[-79.315076908267,43.74400645725109],[-79.32174194635513,43.742609623187036],[-79.32329449481996,43.737909919674486],[-79.3181831633582,43.73460729098183],[-79.31151917507279,43.736003789609946],[-79.30996546854993,43.740703252321026],[-79.315076908267,43.74400645725109]]]},"properties":{"cell_id":"882b9bd5c3fffff","hex_id":"882b9bd5c3fffff","lat":43.739307,"lng":-79.31663,"resolution":8,"neighbourhood":"Don Mills"}},{"type":"Feature","geometry":{"type":"Polygon","coordinates":[[[-79.5972757570449,43.71511137883287],[-79.60392691632453,43.71369874094864],[-79.60544916816559,43.708997031959235],[-79.60032142261079,43.705708195582815],[-79.5936713043565,43.7071204928882],[-79.59214789073299,43.711821967102715],[-79.5972757570449,43.71511137883287]]]},"properties":{"cell_id":"882b9bc1a5fffff","hex_id":"882b9bc1a5fffff","lat":43.71041,"lng":-79.598799,"resolution":8,"neighbourhood":"Etobicoke"}},{"type":"Feature","geometry":{"type":"Polygon","coordinates":[[[-79.31837807917807,43.67772251661442],[-79.32503332287027,43.6763265698223],[-79.32658327470715,43.67163012009024],[-79.32147913771215,43.6683298576384],[-79.31482494068861,43.66972546924183],[-79.31327383409447,43.67442167844025],[-79.31837807917807,43.67772251661442]]]},"properties":{"cell_id":"882b9bc605fffff","hex_id":"882b9bc605fffff","lat":43.673026,"lng":-79.319929,"resolution":8,"neighbourhood":"East Danforth"}},{"type":"Feature","geometry":{"type":"Polygon","coordinates":[[[-79.62008754427286,43.644608572133414],[-79.62672764032783,43.64319579779303],[-79.62824517404435,43.63849733280821],[-79.62312377041523,43.635211876208054],[-79.61648471156684,43.636624309881235],[-79.61496601924172,43.64132254077569],[-79.62008754427286,43.644608572133414]]]},"properties":{"cell_id":"882b9bcf33fffff","hex_id":"882b9bcf33fffff","lat":43.63991,"lng":-79.621606,"resolution":8,"neighbourhood":"Etobicoke"}},{"type":"Feature","geometry":{"type":"Polygon","coordinates":[[[-79.50251019350426,43.62581582705419],[-79.50915160473372,43.62441012715175],[-79.51068071066157,43.619714013974175],[-79.50556956098248,43.61642383716489],[-79.49892918921485,43.61782919867828],[-79.49739892776594,43.62252507534415],[-79.50251019350426,43.62581582705419]]]},"properties":{"cell_id":"882b9bcec5fffff","hex_id":"882b9bcec5fffff","lat":43.62112,"lng":-79.50404,"resolution":8,"neighbourhood":"Mimico"}},{"type":"Feature","geometry":{"type":"Polygon","coordinates":[[[-79.60088146662706,43.723102806267114],[-79.60753366720114,43.72168982769883],[-79.60905581087151,43.71698767770176],[-79.60392691632453,43.71369874094864],[-79.5972757570449,43.71511137883287],[-79.59575245111918,43.719813294108114],[-79.60088146662706,43.723102806267114]]]},"properties":{"cell_id":"882b9bcad3fffff","hex_id":"882b9bcad3fffff","lat":43.718401,"lng":-79.602404,"resolution":8,"neighbourhood":"Rexdale"}},{"type":"Feature","geometry":{"type":"Polygon","coordinates":[[[-79.33644944640423,43.7920339369939],[-79.34312078909483,43.79063508812507],[-79.34467275190973,43.785932739426904],[-79.33955453303888,43.78262948004761],[-79.33288424180454,43.7840279928549],[-79.3313311180885,43.78873010105726],[-79.33644944640423,43.7920339369939]]]},"properties":{"cell_id":"882b9bd555fffff","hex_id":"882b9bd555fffff","lat":43.787332,"lng":-79.338002,"resolution":8,"neighbourhood":"North Toronto"}},{"type":"Feature","geometry":{"type":"Polygon","coordinates":[[[-79.58619050101198,43.7875425530796],[-79.59285262480267,43.786129351476355],[-79.59437845104081,43.78142417643737],[-79.58924331886955,43.77813243817352],[-79.58258223971431,43.77954529906012],[-79.58105524819678,43.784250238880986],[-79.58619050101198,43.7875425530796]]]},"properties":{"cell_id":"882b9bc16bfffff","hex_id":"882b9bc16bfffff","lat":43.782837,"lng":-79.587717,"resolution":8,"neighbourhood":"NW Toronto"}},{"type":"Feature","geometry":{"type":"Polygon","coordinates":[[[-79.3476285859403,43.645357964274],[-79.35427812027007,43.64396085938098],[-79.35582394182602,43.639265661398966],[-79.35072138281738,43.63596780808749],[-79.34407289290804,43.637364577394585],[-79.34252591768956,43.64205953555351],[-79.3476285859403,43.645357964274]]]},"properties":{"cell_id":"882b9bc443fffff","hex_id":"882b9bc443fffff","lat":43.640663,"lng":-79.349175,"resolution":8,"neighbourhood":"South Toronto"}},{"type":"Feature","geometry":{"type":"Polygon","coordinates":[[[-79.4164770599055,43.77522380567853],[-79.42314321739279,43.77382060524199],[-79.42468628792209,43.769118102625676],[-79.41956436259889,43.76581903916165],[-79.41289925368423,43.767221902113185],[-79.41135502162314,43.77192416596786],[-79.4164770599055,43.77522380567853]]]},"properties":{"cell_id":"882b9bc213fffff","hex_id":"882b9bc213fffff","lat":43.770521,"lng":-79.418021,"resolution":8,"neighbourhood":"North York Centre"}},{"type":"Feature","geometry":{"type":"Polygon","coordinates":[[[-79.54235217389567,43.61737624878074],[-79.54899098937842,43.61596839788657],[-79.55051568140993,43.61127222604115],[-79.5454027138789,43.60798414069286],[-79.53876493642271,43.60939165249563],[-79.5372390885721,43.61408758869217],[-79.54235217389567,43.61737624878074]]]},"properties":{"cell_id":"882b9bcc5bfffff","hex_id":"882b9bcc5bfffff","lat":43.61268,"lng":-79.543878,"resolution":8,"neighbourhood":"Long Branch"}},{"type":"Feature","geometry":{"type":"Polygon","coordinates":[[[-79.38254725630068,43.82176292926795],[-79.38922138697694,43.82036093125603],[-79.39076956571688,43.81565654206724],[-79.38564477716149,43.81235439045844],[-79.37897169809945,43.81375605140385],[-79.37742235608216,43.81846020097866],[-79.38254725630068,43.82176292926795]]]},"properties":{"cell_id":"882b9bd0bbfffff","hex_id":"882b9bd0bbfffff","lat":43.817059,"lng":-79.384096,"resolution":8,"neighbourhood":"North Toronto"}},{"type":"Feature","geometry":{"type":"Polygon","coordinates":[[[-79.32575757237521,43.76801774053962],[-79.33242576152425,43.76661989954247],[-79.33397801795219,43.761918872880415],[-79.32886324481314,43.758615927818695],[-79.32219610629325,43.760013433067236],[-79.32064269038688,43.7647142190804],[-79.32575757237521,43.76801774053962]]]},"properties":{"cell_id":"882b9bd51bfffff","hex_id":"882b9bd51bfffff","lat":43.763317,"lng":-79.327311,"resolution":8,"neighbourhood":"Don Mills"}},{"type":"Feature","geometry":{"type":"Polygon","coordinates":[[[-79.27414125668288,43.84884979829165],[-79.28082304038521,43.84745363759321],[-79.28238342540774,43.842749256564446],[-79.27726318946493,43.83944127816491],[-79.27058246148567,43.840837103710165],[-79.26902091383069,43.84554124276243],[-79.27414125668288,43.84884979829165]]]},"properties":{"cell_id":"882b9bd74bfffff","hex_id":"882b9bd74bfffff","lat":43.844145,"lng":-79.275702,"resolution":8,"neighbourhood":"North Toronto"}},{"type":"Feature","geometry":{"type":"Polygon","coordinates":[[[-79.5917375425077,43.75132017672033],[-79.598394179595,43.749907256052325],[-79.599918216769,43.74520381252816],[-79.59478678048632,43.74191352462212],[-79.58813118622712,43.74332610464219],[-79.58660598552413,43.74802931317003],[-79.5917375425077,43.75132017672033]]]},"properties":{"cell_id":"882b9bc131fffff","hex_id":"882b9bc131fffff","lat":43.746617,"lng":-79.593262,"resolution":8,"neighbourhood":"Rexdale"}},{"type":"Feature","geometry":{"type":"Polygon","coordinates":[[[-79.44873367396427,43.84726535724852],[-79.45540928093858,43.84585911473344],[-79.45695143325486,43.841152651956854],[-79.45181914451075,43.83785266994335],[-79.4451445885766,43.83925857403032],[-79.44360127044968,43.84396479851285],[-79.44873367396427,43.84726535724852]]]},"properties":{"cell_id":"882b9bd19dfffff","hex_id":"882b9bd19dfffff","lat":43.842559,"lng":-79.450277,"resolution":8,"neighbourhood":"North Toronto"}},{"type":"Feature","geometry":{"type":"Polygon","coordinates":[[[-79.63356547012101,43.69864131890058],[-79.64021296991812,43.697226866089345],[-79.64173090064129,43.692525543561814],[-79.6366024932691,43.68923890776088],[-79.62995603277996,43.69065301939641],[-79.62843694045603,43.69535410796241],[-79.63356547012101,43.69864131890058]]]},"properties":{"cell_id":"882b9bcf6dfffff","hex_id":"882b9bcf6dfffff","lat":43.69394,"lng":-79.635084,"resolution":8,"neighbourhood":"Etobicoke"}},{"type":"Feature","geometry":{"type":"Polygon","coordinates":[[[-79.54061970505735,43.832251769660374],[-79.54728994949966,43.83084046080442],[-79.5488220223728,43.82613362128751],[-79.54368501764144,43.822838326890675],[-79.53701582110375,43.82424929566899],[-79.53548258149536,43.82895589887557],[-79.54061970505735,43.832251769660374]]]},"properties":{"cell_id":"882b9bc361fffff","hex_id":"882b9bc361fffff","lat":43.827545,"lng":-79.542153,"resolution":8,"neighbourhood":"NW Toronto"}},{"type":"Feature","geometry":{"type":"Polygon","coordinates":[[[-79.49690737397792,43.66198681151862],[-79.50355424465725,43.6605808349807],[-79.50508514410701,43.65588298325339],[-79.49997033023129,43.652591344753596],[-79.49332450081097,43.65399698283581],[-79.49179244410905,43.658694597827655],[-79.49690737397792,43.66198681151862]]]},"properties":{"cell_id":"882b9bce51fffff","hex_id":"882b9bce51fffff","lat":43.657289,"lng":-79.498439,"resolution":8,"neighbourhood":"Etobicoke South"}},{"type":"Feature","geometry":{"type":"Polygon","coordinates":[[[-79.42975303050265,43.82935682762813],[-79.4364266619842,43.82795197546707],[-79.43797018445113,43.82324663025273],[-79.43284124008213,43.81994637579513],[-79.42616865931714,43.821350889968166],[-79.42462397230788,43.82605599654085],[-79.42975303050265,43.82935682762813]]]},"properties":{"cell_id":"882b9bc24dfffff","hex_id":"882b9bc24dfffff","lat":43.824651,"lng":-79.431297,"resolution":8,"neighbourhood":"North Toronto"}},{"type":"Feature","geometry":{"type":"Polygon","coordinates":[[[-79.48106736165204,43.74847482404602],[-79.48772739678208,43.74706833335836],[-79.48926284828975,43.74236636882642],[-79.48413942612954,43.73907113225854],[-79.47748043663546,43.740477284377825],[-79.47594382376803,43.7451790115874],[-79.48106736165204,43.74847482404602]]]},"properties":{"cell_id":"882b9bc01dfffff","hex_id":"882b9bc01dfffff","lat":43.743773,"lng":-79.482604,"resolution":8,"neighbourhood":"Downsview"}},{"type":"Feature","geometry":{"type":"Polygon","coordinates":[[[-79.38147567429769,43.84388607776575],[-79.38815308542634,43.842483782089026],[-79.3897021278095,43.83777831302117],[-79.38457492355616,43.83447537928628],[-79.37789856509247,43.835877337813116],[-79.3763483583209,43.84058256717882],[-79.38147567429769,43.84388607776575]]]},"properties":{"cell_id":"882b9bd081fffff","hex_id":"882b9bd081fffff","lat":43.839181,"lng":-79.383025,"resolution":8,"neighbourhood":"North Toronto"}},{"type":"Feature","geometry":{"type":"Polygon","coordinates":[[[-79.26797604230806,43.73637104028807],[-79.27464155467698,43.73497705131771],[-79.27619873347246,43.73027831246059],[-79.27109155679246,43.72697380429578],[-79.26442709510721,43.72836745875132],[-79.26286875952214,43.733065955840935],[-79.26797604230806,43.73637104028807]]]},"properties":{"cell_id":"882b9bd4e1fffff","hex_id":"882b9bd4e1fffff","lat":43.731672,"lng":-79.269534,"resolution":8,"neighbourhood":"Cliffside"}},{"type":"Feature","geometry":{"type":"Polygon","coordinates":[[[-79.27994495063074,43.81261673510087],[-79.28662122297933,43.81122082224855],[-79.28817976389224,43.80651815795547],[-79.28306319345339,43.803211648214614],[-79.2763879749968,43.80460722597259],[-79.27482827319129,43.809309648520106],[-79.27994495063074,43.81261673510087]]]},"properties":{"cell_id":"882b9bd711fffff","hex_id":"882b9bd711fffff","lat":43.807914,"lng":-79.281504,"resolution":8,"neighbourhood":"Agincourt"}},{"type":"Feature","geometry":{"type":"Polygon","coordinates":[[[-79.53601934916207,43.84637353999713],[-79.54269182200146,43.8449622644983],[-79.54422484941088,43.840254782468975],[-79.53908657145841,43.83695881234084],[-79.5324151472966,43.83836974778123],[-79.53088095251236,43.84307699336199],[-79.53601934916207,43.84637353999713]]]},"properties":{"cell_id":"882b9bda97fffff","hex_id":"882b9bda97fffff","lat":43.841666,"lng":-79.537553,"resolution":8,"neighbourhood":"NW Toronto"}},{"type":"Feature","geometry":{"type":"Polygon","coordinates":[[[-79.5616132316316,43.80589668162547],[-79.56827889124442,43.804484594952015],[-79.56980789188869,43.79977880626538],[-79.56467239879223,43.79648533999641],[-79.55800778531255,43.79789708632482],[-79.5564776188984,43.80260263922105],[-79.5616132316316,43.80589668162547]]]},"properties":{"cell_id":"882b9bc327fffff","hex_id":"882b9bc327fffff","lat":43.801191,"lng":-79.563143,"resolution":8,"neighbourhood":"NW Toronto"}},{"type":"Feature","geometry":{"type":"Polygon","coordinates":[[[-79.2374690377849,43.79085767382565],[-79.24414355367517,43.78946456994499],[-79.24570576508123,43.784763512771306],[-79.2405946196871,43.78145580200505],[-79.2339211577946,43.78284857169262],[-79.23235778740286,43.787549386293975],[-79.2374690377849,43.79085767382565]]]},"properties":{"cell_id":"882b9bd637fffff","hex_id":"882b9bd637fffff","lat":43.786157,"lng":-79.239032,"resolution":8,"neighbourhood":"Scarborough Town"}},{"type":"Feature","geometry":{"type":"Polygon","coordinates":[[[-79.28218424502566,43.768390845805236],[-79.28885396289249,43.76699551773546],[-79.29041075953087,43.76229501411444],[-79.28529899708901,43.75899008008315],[-79.27863033101129,43.760385073221975],[-79.27707237569025,43.76508533527742],[-79.28218424502566,43.768390845805236]]]},"properties":{"cell_id":"882b9bd407fffff","hex_id":"882b9bd407fffff","lat":43.76369,"lng":-79.283742,"resolution":8,"neighbourhood":"Wexford"}},{"type":"Feature","geometry":{"type":"Polygon","coordinates":[[[-79.44051367299555,43.85337788793233],[-79.44719045827463,43.85197202117797],[-79.44873367396427,43.84726535724852],[-79.44360127044968,43.84396479851285],[-79.43692553671114,43.845370326964556],[-79.43538115505004,43.85007675240856],[-79.44051367299555,43.85337788793233]]]},"properties":{"cell_id":"882b9bd1d7fffff","hex_id":"882b9bd1d7fffff","lat":43.848671,"lng":-79.442058,"resolution":8,"neighbourhood":"North Toronto"}},{"type":"Feature","geometry":{"type":"Polygon","coordinates":[[[-79.42277959025857,43.64265621897161],[-79.4294261782495,43.64125482955483],[-79.43096411751671,43.63655884429531],[-79.4258566238081,43.63326448664411],[-79.41921107814477,43.634665539081006],[-79.41767198396454,43.63936128610329],[-79.42277959025857,43.64265621897161]]]},"properties":{"cell_id":"882b9bc557fffff","hex_id":"882b9bc557fffff","lat":43.63796,"lng":-79.424318,"resolution":8,"neighbourhood":"Parkdale"}},{"type":"Feature","geometry":{"type":"Polygon","coordinates":[[[-79.51784833250719,43.635687348414905],[-79.52449065441888,43.63428060245516],[-79.52601850001766,43.629583810554834],[-79.52090518010701,43.62629400078626],[-79.5142638977023,43.627700408024246],[-79.51273489580267,43.63239696370669],[-79.51784833250719,43.635687348414905]]]},"properties":{"cell_id":"882b9bce17fffff","hex_id":"882b9bce17fffff","lat":43.630991,"lng":-79.519377,"resolution":8,"neighbourhood":"Etobicoke South"}},{"type":"Feature","geometry":{"type":"Polygon","coordinates":[[[-79.42215793135829,43.739012818297425],[-79.42881859966563,43.73760988247499],[-79.43035985483942,43.73290910698119],[-79.42524160160086,43.72961150579906],[-79.41858198005127,43.7310141042001],[-79.41703956508522,43.735714641158836],[-79.42215793135829,43.739012818297425]]]},"properties":{"cell_id":"882b9bc287fffff","hex_id":"882b9bc287fffff","lat":43.734312,"lng":-79.4237,"resolution":8,"neighbourhood":"North York"}},{"type":"Feature","geometry":{"type":"Polygon","coordinates":[[[-79.47286964295103,43.75458311018667],[-79.47953085205495,43.753176992079176],[-79.48106736165204,43.74847482404602],[-79.47594382376803,43.7451790115874],[-79.46928366079737,43.74658479125102],[-79.46774598967995,43.75128672177119],[-79.47286964295103,43.75458311018667]]]},"properties":{"cell_id":"882b9bc057fffff","hex_id":"882b9bc057fffff","lat":43.749881,"lng":-79.474407,"resolution":8,"neighbourhood":"Downsview"}},{"type":"Feature","geometry":{"type":"Polygon","coordinates":[[[-79.2890856158335,43.710091074809924],[-79.29574657495398,43.70869629225977],[-79.29730066652489,43.70399859567845],[-79.29219495493015,43.70069592284717],[-79.28553504473136,43.70209037060781],[-79.28397979730912,43.706787825943714],[-79.2890856158335,43.710091074809924]]]},"properties":{"cell_id":"882b9bd4a7fffff","hex_id":"882b9bd4a7fffff","lat":43.705393,"lng":-79.29064,"resolution":8,"neighbourhood":"East York"}},{"type":"Feature","geometry":{"type":"Polygon","coordinates":[[[-79.16794202097947,43.757237311730044],[-79.17461394543749,43.755848770879766],[-79.17618222332452,43.751150252395284],[-79.17107973282342,43.7478405186443],[-79.16440886262082,43.74922872676834],[-79.16283942876858,43.753927001324215],[-79.16794202097947,43.757237311730044]]]},"properties":{"cell_id":"882b9bd6d7fffff","hex_id":"882b9bd6d7fffff","lat":43.752539,"lng":-79.169511,"resolution":8,"neighbourhood":"East Scarborough"}},{"type":"Feature","geometry":{"type":"Polygon","coordinates":[[[-79.1750361083928,43.84762024792496],[-79.18172104813632,43.84622985069925],[-79.18329170171998,43.84152677595364],[-79.17817857636194,43.83821434244345],[-79.17149469488066,43.83960440639234],[-79.1699228806004,43.84430723708273],[-79.1750361083928,43.84762024792496]]]},"properties":{"cell_id":"882b986cbdfffff","hex_id":"882b986cbdfffff","lat":43.842917,"lng":-79.176608,"resolution":8,"neighbourhood":"Rouge"}},{"type":"Feature","geometry":{"type":"Polygon","coordinates":[[[-79.16205603060479,43.793444578726536],[-79.16873345637221,43.792055799099],[-79.17030359182858,43.78735556314528],[-79.16519745931475,43.784044350936156],[-79.1585210896329,43.78543279778175],[-79.15694979648423,43.79013278957301],[-79.16205603060479,43.793444578726536]]]},"properties":{"cell_id":"882b9b9923fffff","hex_id":"882b9b9923fffff","lat":43.788744,"lng":-79.163627,"resolution":8,"neighbourhood":"East Scarborough"}},{"type":"Feature","geometry":{"type":"Polygon","coordinates":[[[-79.63606046063539,43.82516638473187],[-79.64272635924314,43.82374968059919],[-79.64424824867353,43.8190420428536],[-79.63910540771317,43.81575134346641],[-79.63244055413439,43.81716770577357],[-79.63091749658882,43.821875109247074],[-79.63606046063539,43.82516638473187]]]},"properties":{"cell_id":"882b9bd8a1fffff","hex_id":"882b9bd8a1fffff","lat":43.820459,"lng":-79.637583,"resolution":8,"neighbourhood":"NW Toronto"}},{"type":"Feature","geometry":{"type":"Polygon","coordinates":[[[-79.48771090020591,43.69017838795578],[-79.49436219612001,43.68877247515691],[-79.49589499657563,43.68407332949027],[-79.49077765973428,43.68078033358819],[-79.48412740661004,43.68218590796977],[-79.48259344763925,43.68688481662481],[-79.48771090020591,43.69017838795578]]]},"properties":{"cell_id":"882b9bc0bdfffff","hex_id":"882b9bc0bdfffff","lat":43.685479,"lng":-79.489244,"resolution":8,"neighbourhood":"York"}},{"type":"Feature","geometry":{"type":"Polygon","coordinates":[[[-79.26104358297059,43.79468591680725],[-79.26771786543257,43.79329138703048],[-79.2692777579097,43.78858984543745],[-79.26416452765311,43.78528307566435],[-79.257491298749,43.78667727078605],[-79.25593024664788,43.79137857029031],[-79.26104358297059,43.79468591680725]]]},"properties":{"cell_id":"882b9bd441fffff","hex_id":"882b9bd441fffff","lat":43.789984,"lng":-79.262604,"resolution":8,"neighbourhood":"Scarborough Town"}},{"type":"Feature","geometry":{"type":"Polygon","coordinates":[[[-79.43647423322689,43.771013118093364],[-79.44313909129728,43.76960883153918],[-79.4446799399036,43.764906292663326],[-79.43955709222931,43.761608278623804],[-79.43289328200962,43.763012227338045],[-79.43135127171635,43.767714527885836],[-79.43647423322689,43.771013118093364]]]},"properties":{"cell_id":"882b9bc2edfffff","hex_id":"882b9bc2edfffff","lat":43.766311,"lng":-79.438016,"resolution":8,"neighbourhood":"North York"}},{"type":"Feature","geometry":{"type":"Polygon","coordinates":[[[-79.24670094882282,43.68835778763772],[-79.25336016123059,43.68696580419753],[-79.25491790805658,43.68226971618114],[-79.2498175965363,43.67896585362836],[-79.24315943315635,43.680357503177014],[-79.24160053237252,43.685053349124544],[-79.24670094882282,43.68835778763772]]]},"properties":{"cell_id":"882b9b896dfffff","hex_id":"882b9b896dfffff","lat":43.683662,"lng":-79.248259,"resolution":8,"neighbourhood":"East Scarborough"}},{"type":"Feature","geometry":{"type":"Polygon","coordinates":[[[-79.43096411751671,43.63655884429531],[-79.43760953847067,43.63515708404004],[-79.43914642377989,43.63046130328345],[-79.43403904299201,43.627167520783665],[-79.4273946638722,43.62856894393479],[-79.4258566238081,43.63326448664411],[-79.43096411751671,43.63655884429531]]]},"properties":{"cell_id":"882b9bc51dfffff","hex_id":"882b9bc51dfffff","lat":43.631863,"lng":-79.432502,"resolution":8,"neighbourhood":"South Toronto"}},{"type":"Feature","geometry":{"type":"Polygon","coordinates":[[[-79.3796856983654,43.71732313374595],[-79.38634464477097,43.715923003892264],[-79.38788957776464,43.711223827472935],[-79.38277672235932,43.707925020225716],[-79.37611882283345,43.7093248135556],[-79.37457273193608,43.71402375061076],[-79.3796856983654,43.71732313374595]]]},"properties":{"cell_id":"882b9bc74dfffff","hex_id":"882b9bc74dfffff","lat":43.712624,"lng":-79.381231,"resolution":8,"neighbourhood":"Davisville"}},{"type":"Feature","geometry":{"type":"Polygon","coordinates":[[[-79.4206828195526,43.68682489580941],[-79.42733591794918,43.68542290108353],[-79.42887556390595,43.68072473920185],[-79.42376326868153,43.67742881041217],[-79.41711121468799,43.67883046798959],[-79.41557041161822,43.68352839145939],[-79.4206828195526,43.68682489580941]]]},"properties":{"cell_id":"882b9bc721fffff","hex_id":"882b9bc721fffff","lat":43.682127,"lng":-79.422223,"resolution":8,"neighbourhood":"Central Toronto"}},{"type":"Feature","geometry":{"type":"Polygon","coordinates":[[[-79.2964123399783,43.80041940146446],[-79.3030862677675,43.7990227326293],[-79.30464267946063,43.794320466221755],[-79.2995263240484,43.791015109966466],[-79.29285344915485,43.79241144345401],[-79.29129587688193,43.79711346849876],[-79.2964123399783,43.80041940146446]]]},"properties":{"cell_id":"882b9bd46dfffff","hex_id":"882b9bd46dfffff","lat":43.795717,"lng":-79.297969,"resolution":8,"neighbourhood":"Agincourt"}},{"type":"Feature","geometry":{"type":"Polygon","coordinates":[[[-79.40111313140525,43.765324516850825],[-79.40777836483699,43.763922365661394],[-79.40932269756027,43.75922054249765],[-79.40420295769754,43.75592110953331],[-79.39753877278815,43.7573229235722],[-79.39599327932223,43.76202450768014],[-79.40111313140525,43.765324516850825]]]},"properties":{"cell_id":"882b9bc2c1fffff","hex_id":"882b9bc2c1fffff","lat":43.760623,"lng":-79.402658,"resolution":8,"neighbourhood":"North York Centre"}},{"type":"Feature","geometry":{"type":"Polygon","coordinates":[[[-79.45240698304728,43.68450974104483],[-79.45905866070193,43.68310595597161],[-79.46059493576776,43.67840752206622],[-79.45548069086053,43.67511311092612],[-79.44883005666775,43.676516558268446],[-79.44729262402248,43.68121475443594],[-79.45240698304728,43.68450974104483]]]},"properties":{"cell_id":"882b9bc091fffff","hex_id":"882b9bc091fffff","lat":43.679811,"lng":-79.453944,"resolution":8,"neighbourhood":"York"}},{"type":"Feature","geometry":{"type":"Polygon","coordinates":[[[-79.17618222332452,43.751150252395284],[-79.182852981004,43.74976133240914],[-79.18442019431828,43.745063011571105],[-79.17931780586986,43.74175385441119],[-79.1726481019499,43.74314244154365],[-79.17107973282342,43.7478405186443],[-79.17618222332452,43.751150252395284]]]},"properties":{"cell_id":"882b9bd69dfffff","hex_id":"882b9bd69dfffff","lat":43.746452,"lng":-79.17775,"resolution":8,"neighbourhood":"East Scarborough"}},{"type":"Feature","geometry":{"type":"Polygon","coordinates":[[[-79.59508790914732,43.855785590878845],[-79.60175971706252,43.8543707459993],[-79.60328690289936,43.849662085390975],[-79.5981434498635,43.846368504842836],[-79.59147268948159,43.84778300851556],[-79.58994433470455,43.85249143389691],[-79.59508790914732,43.855785590878845]]]},"properties":{"cell_id":"882b9bd8cdfffff","hex_id":"882b9bd8cdfffff","lat":43.851077,"lng":-79.596616,"resolution":8,"neighbourhood":"NW Toronto"}},{"type":"Feature","geometry":{"type":"Polygon","coordinates":[[[-79.13964407475397,43.84184670756698],[-79.14632935150811,43.84045845450479],[-79.14790348621491,43.83575611265018],[-79.14279350400251,43.83244226859265],[-79.1361092861656,43.83383018907392],[-79.13453399172931,43.8385322861482],[-79.13964407475397,43.84184670756698]]]},"properties":{"cell_id":"882b986c91fffff","hex_id":"882b986c91fffff","lat":43.837144,"lng":-79.141219,"resolution":8,"neighbourhood":"Rouge"}},{"type":"Feature","geometry":{"type":"Polygon","coordinates":[[[-79.15497872036183,43.851789246646455],[-79.1616649443646,43.8503999459767],[-79.16323782791429,43.845696919556985],[-79.15812564809465,43.84238343825049],[-79.15144048307171,43.8437724060035],[-79.14986643899398,43.848475187934284],[-79.15497872036183,43.851789246646455]]]},"properties":{"cell_id":"882b986c83fffff","hex_id":"882b986c83fffff","lat":43.847086,"lng":-79.156552,"resolution":8,"neighbourhood":"Rouge"}},{"type":"Feature","geometry":{"type":"Polygon","coordinates":[[[-79.5606291267636,43.82801675666007],[-79.56729805930973,43.82660436153096],[-79.56882790503147,43.82189748956541],[-79.56368998519437,43.818603248558],[-79.55702209982445,43.82001530325557],[-79.55549108721775,43.82472193934584],[-79.5606291267636,43.82801675666007]]]},"properties":{"cell_id":"882b9bd8dbfffff","hex_id":"882b9bd8dbfffff","lat":43.82331,"lng":-79.56216,"resolution":8,"neighbourhood":"NW Toronto"}},{"type":"Feature","geometry":{"type":"Polygon","coordinates":[[[-79.21150788610754,43.75690774791344],[-79.21817830260508,43.75551669216217],[-79.21974204656445,43.750817641558],[-79.21463653090173,43.747509889673914],[-79.20796716750986,43.74890061187862],[-79.20640226677939,43.753599419468514],[-79.21150788610754,43.75690774791344]]]},"properties":{"cell_id":"882b9bd6abfffff","hex_id":"882b9bd6abfffff","lat":43.752209,"lng":-79.213072,"resolution":8,"neighbourhood":"Scarborough"}},{"type":"Feature","geometry":{"type":"Polygon","coordinates":[[[-79.46775441498245,43.69439396562077],[-79.47440700950008,43.6929891332666],[-79.47594202387793,43.688290020156565],[-79.47082560220363,43.684995976798845],[-79.4641740511955,43.68640047108866],[-79.46263787845433,43.691099346754676],[-79.46775441498245,43.69439396562077]]]},"properties":{"cell_id":"882b9bc083fffff","hex_id":"882b9bc083fffff","lat":43.689695,"lng":-79.46929,"resolution":8,"neighbourhood":"York"}},{"type":"Feature","geometry":{"type":"Polygon","coordinates":[[[-79.42320730961669,43.71691378100317],[-79.42986471370978,43.71551114689793],[-79.4314051132654,43.71081145679214],[-79.42628926751819,43.70751463919351],[-79.41963290914083,43.708916935961575],[-79.41809135089756,43.71361638761964],[-79.42320730961669,43.71691378100317]]]},"properties":{"cell_id":"882b9bc2b3fffff","hex_id":"882b9bc2b3fffff","lat":43.712214,"lng":-79.424748,"resolution":8,"neighbourhood":"Central Toronto"}},{"type":"Feature","geometry":{"type":"Polygon","coordinates":[[[-79.3665013037591,43.66324678327451],[-79.37315280612174,43.66184829811951],[-79.3746972765255,43.657151975699854],[-79.36959139958641,43.653854377869884],[-79.36294094196934,43.65525252700156],[-79.36139531664843,43.6599486099409],[-79.3665013037591,43.66324678327451]]]},"properties":{"cell_id":"882b9bc713fffff","hex_id":"882b9bc713fffff","lat":43.65855,"lng":-79.368047,"resolution":8,"neighbourhood":"Downtown Core"}},{"type":"Feature","geometry":{"type":"Polygon","coordinates":[[[-79.28330226226628,43.74628556807624],[-79.28996870770783,43.74489053302552],[-79.29152463364483,43.74019111131672],[-79.28641527182405,43.73688696608868],[-79.27974987712248,43.73828166629021],[-79.27819279360547,43.74298084652338],[-79.28330226226628,43.74628556807624]]]},"properties":{"cell_id":"882b9bd433fffff","hex_id":"882b9bd433fffff","lat":43.741586,"lng":-79.284859,"resolution":8,"neighbourhood":"Wexford"}},{"type":"Feature","geometry":{"type":"Polygon","coordinates":[[[-79.3454588032717,43.68952732196691],[-79.35211485308291,43.688129620681266],[-79.35366239649959,43.683432248577475],[-79.34855504606651,43.68013281771417],[-79.34190004275698,43.68153018324789],[-79.34035134348179,43.68622731535119],[-79.3454588032717,43.68952732196691]]]},"properties":{"cell_id":"882b9bc75bfffff","hex_id":"882b9bc75bfffff","lat":43.68483,"lng":-79.347007,"resolution":8,"neighbourhood":"Danforth"}},{"type":"Feature","geometry":{"type":"Polygon","coordinates":[[[-79.46622866372509,43.6422316929975],[-79.47287370696111,43.64082780913277],[-79.47440712613668,43.63613131568307],[-79.46929665786716,43.63283894337518],[-79.46265265579706,43.63424248945023],[-79.46111808093234,43.63893874557709],[-79.46622866372509,43.6422316929975]]]},"properties":{"cell_id":"882b9bc52bfffff","hex_id":"882b9bc52bfffff","lat":43.637535,"lng":-79.467763,"resolution":8,"neighbourhood":"South Toronto"}},{"type":"Feature","geometry":{"type":"Polygon","coordinates":[[[-79.23163420375879,43.827080688695766],[-79.23831422701917,43.825687340381414],[-79.2398782875902,43.820984566128146],[-79.23476348572615,43.81767538294798],[-79.22808451829415,43.81906839701156],[-79.22651929700254,43.82377092846048],[-79.23163420375879,43.827080688695766]]]},"properties":{"cell_id":"882b9bd663fffff","hex_id":"882b9bd663fffff","lat":43.822378,"lng":-79.233199,"resolution":8,"neighbourhood":"Malvern"}},{"type":"Feature","geometry":{"type":"Polygon","coordinates":[[[-79.44675701118152,43.72070117355894],[-79.45341416395031,43.719297118909175],[-79.45495224519038,43.71459695263449],[-79.44983433307848,43.71130107892704],[-79.4431782255783,43.712704795781086],[-79.44163898502384,43.71740472409245],[-79.44675701118152,43.72070117355894]]]},"properties":{"cell_id":"882b9bc0cbfffff","hex_id":"882b9bc0cbfffff","lat":43.716001,"lng":-79.448296,"resolution":8,"neighbourhood":"Central Toronto"}},{"type":"Feature","geometry":{"type":"Polygon","coordinates":[[[-79.58160889881259,43.8016593371317],[-79.58827324649324,43.80024616614414],[-79.58980002262528,43.79554034638863],[-79.58466361709698,43.792247932930145],[-79.57800031482172,43.79366076321947],[-79.57647237277138,43.798366347619286],[-79.58160889881259,43.8016593371317]]]},"properties":{"cell_id":"882b9bd893fffff","hex_id":"882b9bd893fffff","lat":43.796954,"lng":-79.583136,"resolution":8,"neighbourhood":"NW Toronto"}},{"type":"Feature","geometry":{"type":"Polygon","coordinates":[[[-79.14673952098605,43.78350885073441],[-79.15341600247025,43.78212111681681],[-79.15498738629654,43.777421565942056],[-79.14988344564054,43.77410999339274],[-79.14320802017986,43.775497394863535],[-79.14163547945662,43.78019670128508],[-79.14673952098605,43.78350885073441]]]},"properties":{"cell_id":"882b9b9931fffff","hex_id":"882b9b9931fffff","lat":43.778809,"lng":-79.148312,"resolution":8,"neighbourhood":"East Scarborough"}},{"type":"Feature","geometry":{"type":"Polygon","coordinates":[[[-79.47543232438227,43.78469177719383],[-79.48209784910802,43.783285016408534],[-79.48363510726041,43.77858132362617],[-79.47850800389341,43.775284629130375],[-79.4718435266165,43.77669105128193],[-79.47030510536042,43.781394506516996],[-79.47543232438227,43.78469177719383]]]},"properties":{"cell_id":"882b9bc049fffff","hex_id":"882b9bc049fffff","lat":43.779988,"lng":-79.47697,"resolution":8,"neighbourhood":"Jane & Finch"}},{"type":"Feature","geometry":{"type":"Polygon","coordinates":[[[-79.26780077422234,43.66209509226984],[-79.27445544394003,43.66070231689775],[-79.27601010787433,43.65600727319995],[-79.2709112552184,43.6527052463761],[-79.26425763277194,43.65409768758201],[-79.26270181581353,43.65879248973252],[-79.26780077422234,43.66209509226984]]]},"properties":{"cell_id":"882b9b8925fffff","hex_id":"882b9b8925fffff","lat":43.6574,"lng":-79.269356,"resolution":8,"neighbourhood":"Central Toronto"}},{"type":"Feature","geometry":{"type":"Polygon","coordinates":[[[-79.2221374777768,43.780932447849636],[-79.22881105525829,43.77954039083566],[-79.23037451930155,43.77484001704839],[-79.22526556415981,43.77153194309368],[-79.21859304061755,43.772923666249525],[-79.21702841838226,43.777623797172716],[-79.2221374777768,43.780932447849636]]]},"properties":{"cell_id":"882b9bd6e5fffff","hex_id":"882b9bd6e5fffff","lat":43.776232,"lng":-79.223702,"resolution":8,"neighbourhood":"Scarborough Town"}},{"type":"Feature","geometry":{"type":"Polygon","coordinates":[[[-79.27377034271078,43.70018096652017],[-79.28043037068068,43.698787228896315],[-79.28198571345835,43.69409021545109],[-79.27688218343262,43.69078718112117],[-79.27022320432853,43.69218058428952],[-79.26866670648789,43.69687735619782],[-79.27377034271078,43.70018096652017]]]},"properties":{"cell_id":"882b9bd4b5fffff","hex_id":"882b9bd4b5fffff","lat":43.695484,"lng":-79.275326,"resolution":8,"neighbourhood":"Upper Beaches"}},{"type":"Feature","geometry":{"type":"Polygon","coordinates":[[[-79.57207094782368,43.65918656825798],[-79.57871482557275,43.657776312218566],[-79.58023782958037,43.65307769374944],[-79.57511811441955,43.64978956641824],[-79.56847527581412,43.65119948261423],[-79.56695111332704,43.65589786593881],[-79.57207094782368,43.65918656825798]]]},"properties":{"cell_id":"882b9bce25fffff","hex_id":"882b9bce25fffff","lat":43.654488,"lng":-79.573595,"resolution":8,"neighbourhood":"Etobicoke"}},{"type":"Feature","geometry":{"type":"Polygon","coordinates":[[[-79.2398782875902,43.820984566128146],[-79.24655713893898,43.81959083826415],[-79.24812013298923,43.81488826164362],[-79.24300543636063,43.811579655454224],[-79.23632764034173,43.812973048940194],[-79.23476348572615,43.81767538294798],[-79.2398782875902,43.820984566128146]]]},"properties":{"cell_id":"882b9bd629fffff","hex_id":"882b9bd629fffff","lat":43.816282,"lng":-79.241442,"resolution":8,"neighbourhood":"East Scarborough"}},{"type":"Feature","geometry":{"type":"Polygon","coordinates":[[[-79.4769641663112,43.66620258393624],[-79.48361233466815,43.664797686075225],[-79.48514544528004,43.660099865962955],[-79.48003154473787,43.656807180833304],[-79.47338441835849,43.65821174059099],[-79.4718501506456,43.66290932353581],[-79.4769641663112,43.66620258393624]]]},"properties":{"cell_id":"882b9bc565fffff","hex_id":"882b9bc565fffff","lat":43.661505,"lng":-79.478498,"resolution":8,"neighbourhood":"Central Toronto"}},{"type":"Feature","geometry":{"type":"Polygon","coordinates":[[[-79.54620857998205,43.79601417760164],[-79.55287332545375,43.794603143566974],[-79.55440359840512,43.78989803061011],[-79.54927029096925,43.78660418772878],[-79.54260659158706,43.78801488175289],[-79.54107515365348,43.79271975862271],[-79.54620857998205,43.79601417760164]]]},"properties":{"cell_id":"882b9bc335fffff","hex_id":"882b9bc335fffff","lat":43.791309,"lng":-79.54774,"resolution":8,"neighbourhood":"Etobicoke North"}},{"type":"Feature","geometry":{"type":"Polygon","coordinates":[[[-79.59076925300477,43.77342770323574],[-79.59742915429739,43.7720144714881],[-79.59895403150837,43.767309941695466],[-79.59382017216944,43.7640188786849],[-79.58716131474311,43.76543176969756],[-79.58563527289118,43.770136064409556],[-79.59076925300477,43.77342770323574]]]},"properties":{"cell_id":"882b9bc105fffff","hex_id":"882b9bc105fffff","lat":43.768723,"lng":-79.592295,"resolution":8,"neighbourhood":"NW Toronto"}},{"type":"Feature","geometry":{"type":"Polygon","coordinates":[[[-79.45081055984136,43.80302211041504],[-79.4574796120492,43.80161647145355],[-79.45902005125009,43.79691217118068],[-79.45389260193183,43.793613747943475],[-79.4472245986687,43.79501904864593],[-79.4456829958821,43.799723110798624],[-79.45081055984136,43.80302211041504]]]},"properties":{"cell_id":"882b9bc205fffff","hex_id":"882b9bc205fffff","lat":43.798318,"lng":-79.452352,"resolution":8,"neighbourhood":"North Toronto"}},{"type":"Feature","geometry":{"type":"Polygon","coordinates":[[[-79.14083321130062,43.819725169218664],[-79.14751520106735,43.818337199593174],[-79.14908844800281,43.81363593402235],[-79.14398086390266,43.81032288271935],[-79.13729993199385,43.8117105198431],[-79.13572552643257,43.81641154072619],[-79.14083321130062,43.819725169218664]]]},"properties":{"cell_id":"882b9b996bfffff","hex_id":"882b9b996bfffff","lat":43.815024,"lng":-79.142407,"resolution":8,"neighbourhood":"Rouge"}},{"type":"Feature","geometry":{"type":"Polygon","coordinates":[[[-79.33725298414068,43.69562222332402],[-79.3439102016602,43.694224896026014],[-79.3454588032717,43.68952732196691],[-79.34035134348179,43.68622731535119],[-79.3336951729587,43.68762430702273],[-79.33214541533212,43.692321640890846],[-79.33725298414068,43.69562222332402]]]},"properties":{"cell_id":"882b9bc665fffff","hex_id":"882b9bc665fffff","lat":43.690925,"lng":-79.338802,"resolution":8,"neighbourhood":"East York"}},{"type":"Feature","geometry":{"type":"Polygon","coordinates":[[[-79.63528467911343,43.750829816381476],[-79.64193973458704,43.74941439380551],[-79.64345922438434,43.74471045313621],[-79.6383248231041,43.74142216907174],[-79.63167080927498,43.742837250191],[-79.63015015518295,43.747540956785166],[-79.63528467911343,43.750829816381476]]]},"properties":{"cell_id":"882b9bcac5fffff","hex_id":"882b9bcac5fffff","lat":43.746126,"lng":-79.636805,"resolution":8,"neighbourhood":"NW Toronto"}},{"type":"Feature","geometry":{"type":"Polygon","coordinates":[[[-79.35614254111252,43.71352202537555],[-79.36280173207193,43.71212331620903],[-79.36434898055826,43.70742461875982],[-79.35923819546225,43.7041248702791],[-79.35258005182615,43.705523243381116],[-79.35103164606579,43.710221700982665],[-79.35614254111252,43.71352202537555]]]},"properties":{"cell_id":"882b9bd5b5fffff","hex_id":"882b9bd5b5fffff","lat":43.708823,"lng":-79.357691,"resolution":8,"neighbourhood":"Leaside"}},{"type":"Feature","geometry":{"type":"Polygon","coordinates":[[[-79.52920950060197,43.7339197787688],[-79.53586575477979,43.73251075141484],[-79.5373957120675,43.72780892618715],[-79.53227057678,43.724516364532484],[-79.5256153662955,43.7259250524874],[-79.52408424750713,43.73062664144998],[-79.52920950060197,43.7339197787688]]]},"properties":{"cell_id":"882b9bc1cbfffff","hex_id":"882b9bc1cbfffff","lat":43.729218,"lng":-79.53074,"resolution":8,"neighbourhood":"Etobicoke"}},{"type":"Feature","geometry":{"type":"Polygon","coordinates":[[[-79.32658327470715,43.67163012009024],[-79.33323735205937,43.670233799359295],[-79.33478624613903,43.665537551536275],[-79.3296822175708,43.66223786474186],[-79.32302918639317,43.66363385015861],[-79.32147913771215,43.6683298576384],[-79.32658327470715,43.67163012009024]]]},"properties":{"cell_id":"882b9bc62bfffff","hex_id":"882b9bc62bfffff","lat":43.666934,"lng":-79.328133,"resolution":8,"neighbourhood":"Leslieville"}},{"type":"Feature","geometry":{"type":"Polygon","coordinates":[[[-79.62444684962658,43.72685373744143],[-79.63109878097319,43.72543933891942],[-79.6326185992046,43.72073672020863],[-79.62748764906476,43.7174487342088],[-79.62083675855627,43.718862791590155],[-79.61931577745072,43.723565176065776],[-79.62444684962658,43.72685373744143]]]},"properties":{"cell_id":"882b9bca8bfffff","hex_id":"882b9bca8bfffff","lat":43.722151,"lng":-79.625967,"resolution":8,"neighbourhood":"Etobicoke"}},{"type":"Feature","geometry":{"type":"Polygon","coordinates":[[[-79.51068071066157,43.619714013974175],[-79.5173209538285,43.618307945353244],[-79.51884900824646,43.613612038481335],[-79.5137379749599,43.61032243650649],[-79.50709877076156,43.61172816661497],[-79.50556956098248,43.61642383716489],[-79.51068071066157,43.619714013974175]]]},"properties":{"cell_id":"882b9bceebfffff","hex_id":"882b9bceebfffff","lat":43.615018,"lng":-79.51221,"resolution":8,"neighbourhood":"Etobicoke"}},{"type":"Feature","geometry":{"type":"Polygon","coordinates":[[[-79.22223856887189,43.85530170350238],[-79.2289230507854,43.853908446972476],[-79.23048905836585,43.849204398425755],[-79.2253717461206,43.845893849450434],[-79.21868832159143,43.847286771776375],[-79.21712115202811,43.85199057723598],[-79.22223856887189,43.85530170350238]]]},"properties":{"cell_id":"882b986d91fffff","hex_id":"882b986d91fffff","lat":43.850598,"lng":-79.223805,"resolution":8,"neighbourhood":"East Scarborough"}},{"type":"Feature","geometry":{"type":"Polygon","coordinates":[[[-79.5347954241841,43.697720040620105],[-79.54144620270331,43.696311290504724],[-79.54297436598613,43.69161119921534],[-79.53785291061094,43.68832009403731],[-79.53120317398104,43.68972850482094],[-79.52967385093866,43.694428360068365],[-79.5347954241841,43.697720040620105]]]},"properties":{"cell_id":"882b9bc191fffff","hex_id":"882b9bc191fffff","lat":43.69302,"lng":-79.536324,"resolution":8,"neighbourhood":"Etobicoke"}},{"type":"Feature","geometry":{"type":"Polygon","coordinates":[[[-79.6297724670211,43.787053676926156],[-79.6364330076455,43.78563796909475],[-79.63795427945394,43.780932295510496],[-79.63281617678709,43.77764256400702],[-79.62615667961215,43.77905793031167],[-79.62463424175621,43.783763369600244],[-79.6297724670211,43.787053676926156]]]},"properties":{"cell_id":"882b9bca51fffff","hex_id":"882b9bca51fffff","lat":43.782348,"lng":-79.631294,"resolution":8,"neighbourhood":"NW Toronto"}},{"type":"Feature","geometry":{"type":"Polygon","coordinates":[[[-79.40044383228391,43.86180545340641],[-79.40712322516423,43.86040176849159],[-79.4086709012471,43.85569518102931],[-79.40354035021225,43.85239251779127],[-79.39686201032404,43.85379586511605],[-79.39531316858232,43.85850221322291],[-79.40044383228391,43.86180545340641]]]},"properties":{"cell_id":"882b9bd0e1fffff","hex_id":"882b9bd0e1fffff","lat":43.857099,"lng":-79.401992,"resolution":8,"neighbourhood":"North Toronto"}},{"type":"Feature","geometry":{"type":"Polygon","coordinates":[[[-79.3435835985074,43.808047459473386],[-79.35025704493815,43.80664793816816],[-79.3518088111332,43.80194470873235],[-79.34668829285218,43.79864124094942],[-79.34001589842946,43.80004042598423],[-79.3384629703835,43.804743415026586],[-79.3435835985074,43.808047459473386]]]},"properties":{"cell_id":"882b9bd541fffff","hex_id":"882b9bd541fffff","lat":43.803344,"lng":-79.345136,"resolution":8,"neighbourhood":"North Toronto"}},{"type":"Feature","geometry":{"type":"Polygon","coordinates":[[[-79.15263643350242,43.747306021415774],[-79.1593074156262,43.74591852512373],[-79.16087694024486,43.7412206920013],[-79.15577663801632,43.73791059934456],[-79.14910671008634,43.73929776324507],[-79.1475360302958,43.74399535214853],[-79.15263643350242,43.747306021415774]]]},"properties":{"cell_id":"882b9b99a5fffff","hex_id":"882b9b99a5fffff","lat":43.742608,"lng":-79.154207,"resolution":8,"neighbourhood":"East Scarborough"}},{"type":"Feature","geometry":{"type":"Polygon","coordinates":[[[-79.12556904793928,43.73544836929649],[-79.13223919747342,43.73406262850652],[-79.13381112176502,43.72936572571792],[-79.12871405068537,43.72605480842349],[-79.12204495549886,43.72744021738771],[-79.12047187714919,43.73213687542688],[-79.12556904793928,43.73544836929649]]]},"properties":{"cell_id":"882b9b99bdfffff","hex_id":"882b9b99bdfffff","lat":43.730751,"lng":-79.127142,"resolution":8,"neighbourhood":"East Scarborough"}},{"type":"Feature","geometry":{"type":"Polygon","coordinates":[[[-79.5553899046231,43.767786785038744],[-79.56205020459699,43.76637568763739],[-79.56357857479757,43.76167186381748],[-79.55844780883355,43.75837937316407],[-79.55178855340951,43.75979013051722],[-79.55025901950165,43.764493718525834],[-79.5553899046231,43.767786785038744]]]},"properties":{"cell_id":"882b9bc157fffff","hex_id":"882b9bc157fffff","lat":43.763083,"lng":-79.556919,"resolution":8,"neighbourhood":"Etobicoke North"}},{"type":"Feature","geometry":{"type":"Polygon","coordinates":[[[-79.58120866832347,43.63099815902059],[-79.58784812732935,43.62958784724455],[-79.58936924308952,43.62489052751975],[-79.58425205715928,43.62160375439534],[-79.57761363577204,43.623013726292015],[-79.5760913627973,43.62771081114644],[-79.58120866832347,43.63099815902059]]]},"properties":{"cell_id":"882b9bcc47fffff","hex_id":"882b9bcc47fffff","lat":43.626301,"lng":-79.582731,"resolution":8,"neighbourhood":"Etobicoke"}},{"type":"Feature","geometry":{"type":"Polygon","coordinates":[[[-79.2587824241848,43.8389237642019],[-79.26546326989917,43.837528652977426],[-79.26702491289872,43.832824953821316],[-79.261906872125,43.829516608113586],[-79.25522708207663,43.83091138452044],[-79.25366427724057,43.835614841406986],[-79.2587824241848,43.8389237642019]]]},"properties":{"cell_id":"882b9bd759fffff","hex_id":"882b9bd759fffff","lat":43.83422,"lng":-79.260345,"resolution":8,"neighbourhood":"North Toronto"}},{"type":"Feature","geometry":{"type":"Polygon","coordinates":[[[-79.38004378852878,43.79163986961034],[-79.38671359140422,43.79023850666086],[-79.38826100739178,43.78553563875352],[-79.38313978230036,43.7822343733271],[-79.37647102971506,43.783635399398015],[-79.37492245203444,43.78833802772807],[-79.38004378852878,43.79163986961034]]]},"properties":{"cell_id":"882b9bd529fffff","hex_id":"882b9bd529fffff","lat":43.786937,"lng":-79.381592,"resolution":8,"neighbourhood":"North Toronto"}},{"type":"Feature","geometry":{"type":"Polygon","coordinates":[[[-79.42153363669317,43.835466850396166],[-79.42820844509824,43.834062373949294],[-79.42975303050265,43.82935682762813],[-79.42462397230788,43.82605599654085],[-79.41795021511912,43.82746013512519],[-79.41640446501223,43.83216544261338],[-79.42153363669317,43.835466850396166]]]},"properties":{"cell_id":"882b9bd0a7fffff","hex_id":"882b9bd0a7fffff","lat":43.830761,"lng":-79.423079,"resolution":8,"neighbourhood":"North Toronto"}},{"type":"Feature","geometry":{"type":"Polygon","coordinates":[[[-79.59656492468973,43.64085946224051],[-79.60320528856852,43.63944810297669],[-79.60472513919456,43.63475010641518],[-79.59960578403562,43.631463703646816],[-79.59296645781706,43.632874722698645],[-79.59144544919806,43.637572484684796],[-79.59656492468973,43.64085946224051]]]},"properties":{"cell_id":"882b9bcc69fffff","hex_id":"882b9bcc69fffff","lat":43.636161,"lng":-79.598086,"resolution":8,"neighbourhood":"Etobicoke"}},{"type":"Feature","geometry":{"type":"Polygon","coordinates":[[[-79.36468196764666,43.78173397494036],[-79.37135084300469,43.78033366121532],[-79.3728995199795,43.77563147341032],[-79.36778048260202,43.77232983915573],[-79.3611126574821,43.773729816336946],[-79.359562819605,43.77843176427078],[-79.36468196764666,43.78173397494036]]]},"properties":{"cell_id":"882b9bd507fffff","hex_id":"882b9bd507fffff","lat":43.777032,"lng":-79.366231,"resolution":8,"neighbourhood":"North York"}},{"type":"Feature","geometry":{"type":"Polygon","coordinates":[[[-79.31999612709008,43.804235801205955],[-79.32666981540919,43.80283770619117],[-79.32822390498862,43.79813495778474],[-79.32310546756865,43.794830545225665],[-79.31643283170204,43.79622830443133],[-79.31487758090681,43.80093081195946],[-79.31999612709008,43.804235801205955]]]},"properties":{"cell_id":"882b9bd737fffff","hex_id":"882b9bd737fffff","lat":43.799533,"lng":-79.321551,"resolution":8,"neighbourhood":"North Toronto"}},{"type":"Feature","geometry":{"type":"Polygon","coordinates":[[[-79.56357857479757,43.76167186381748],[-79.57023769815926,43.76026039526826],[-79.57176501140331,43.755556776283804],[-79.56663436493203,43.75226486142312],[-79.55997628562204,43.75367598980033],[-79.55844780883355,43.75837937316407],[-79.56357857479757,43.76167186381748]]]},"properties":{"cell_id":"882b9bc11dfffff","hex_id":"882b9bc11dfffff","lat":43.756968,"lng":-79.565107,"resolution":8,"neighbourhood":"Etobicoke North"}},{"type":"Feature","geometry":{"type":"Polygon","coordinates":[[[-79.51239825373764,43.842600379211675],[-79.51907098829815,43.84119053129622],[-79.52060635014344,43.83648352240808],[-79.51547014427804,43.8331865983258],[-79.5087984588505,43.83459610664253],[-79.50726193025818,43.839302878594104],[-79.51239825373764,43.842600379211675]]]},"properties":{"cell_id":"882b9bc34dfffff","hex_id":"882b9bc34dfffff","lat":43.837893,"lng":-79.513934,"resolution":8,"neighbourhood":"NW Toronto"}},{"type":"Feature","geometry":{"type":"Polygon","coordinates":[[[-79.58936924308952,43.62489052751975],[-79.59600753191557,43.62347984857492],[-79.59752759758574,43.61878273655375],[-79.59241053158324,43.61549653811219],[-79.58577327988203,43.61690687705498],[-79.58425205715928,43.62160375439534],[-79.58936924308952,43.62489052751975]]]},"properties":{"cell_id":"882b9bcc0dfffff","hex_id":"882b9bcc0dfffff","lat":43.620193,"lng":-79.59089,"resolution":8,"neighbourhood":"Etobicoke"}},{"type":"Feature","geometry":{"type":"Polygon","coordinates":[[[-79.54495285298937,43.64743951878004],[-79.55159595433396,43.6460310183371],[-79.55312138078591,43.64133331250155],[-79.54800486338486,43.63804434274465],[-79.5413628013666,43.63945250390501],[-79.53983621752431,43.64414997405892],[-79.54495285298937,43.64743951878004]]]},"properties":{"cell_id":"882b9bce3dfffff","hex_id":"882b9bce3dfffff","lat":43.642742,"lng":-79.546479,"resolution":8,"neighbourhood":"Etobicoke South"}},{"type":"Feature","geometry":{"type":"Polygon","coordinates":[[[-79.23974850947432,43.74664225008592],[-79.246416474748,43.745249726679134],[-79.2479769350659,43.74055083091755],[-79.2428705869956,43.73724470090805],[-79.23620367361669,43.7386368902837],[-79.23464205651739,43.74333554365448],[-79.23974850947432,43.74664225008592]]]},"properties":{"cell_id":"882b9bd4cdfffff","hex_id":"882b9bd4cdfffff","lat":43.741943,"lng":-79.24131,"resolution":8,"neighbourhood":"Scarborough"}},{"type":"Feature","geometry":{"type":"Polygon","coordinates":[[[-79.4866934343532,43.712271434089715],[-79.49334798878394,43.71086521536418],[-79.49488163741789,43.7061649821091],[-79.48976189134288,43.70287120463136],[-79.48310838073984,43.704277084854226],[-79.48157357248621,43.70897708101157],[-79.4866934343532,43.712271434089715]]]},"properties":{"cell_id":"882b9bc0e3fffff","hex_id":"882b9bc0e3fffff","lat":43.707571,"lng":-79.488228,"resolution":8,"neighbourhood":"York"}},{"type":"Feature","geometry":{"type":"Polygon","coordinates":[[[-79.49902078905828,43.78847066072502],[-79.50568605645067,43.787062475622264],[-79.50722098745493,43.78235830847483],[-79.50209181490014,43.779062563445024],[-79.49542759450479,43.7804704094549],[-79.49389149976973,43.78517433954142],[-79.49902078905828,43.78847066072502]]]},"properties":{"cell_id":"882b9bc313fffff","hex_id":"882b9bc313fffff","lat":43.783767,"lng":-79.500556,"resolution":8,"neighbourhood":"Etobicoke North"}},{"type":"Feature","geometry":{"type":"Polygon","coordinates":[[[-79.37182433365899,43.79774392546751],[-79.3784953103186,43.79634293834137],[-79.38004378852878,43.79163986961034],[-79.37492245203444,43.78833802772807],[-79.3682525261632,43.789738678101386],[-79.36670288610145,43.79444150706397],[-79.37182433365899,43.79774392546751]]]},"properties":{"cell_id":"882b9bd563fffff","hex_id":"882b9bd563fffff","lat":43.793041,"lng":-79.373374,"resolution":8,"neighbourhood":"North Toronto"}},{"type":"Feature","geometry":{"type":"Polygon","coordinates":[[[-79.42992034651574,43.658639222182025],[-79.43656901997606,43.65723715849239],[-79.43810675712245,43.65254028850084],[-79.43299697676456,43.64924572028758],[-79.42634934617467,43.65064744678859],[-79.4248104531744,43.65534407864573],[-79.42992034651574,43.658639222182025]]]},"properties":{"cell_id":"882b9bc543fffff","hex_id":"882b9bc543fffff","lat":43.653942,"lng":-79.431459,"resolution":8,"neighbourhood":"Central Toronto"}},{"type":"Feature","geometry":{"type":"Polygon","coordinates":[[[-79.52502094790493,43.651662866815656],[-79.53166534963862,43.6502554430983],[-79.5331929857086,43.64555776666136],[-79.528077377388,43.64226775000944],[-79.52143401570001,43.643674834795625],[-79.51990522238837,43.64837227511898],[-79.52502094790493,43.651662866815656]]]},"properties":{"cell_id":"882b9bce03fffff","hex_id":"882b9bce03fffff","lat":43.646965,"lng":-79.526549,"resolution":8,"neighbourhood":"Etobicoke South"}},{"type":"Feature","geometry":{"type":"Polygon","coordinates":[[[-79.22672075003227,43.69253156595801],[-79.23338124308475,43.69114066859589],[-79.2349412042126,43.68644462274375],[-79.22984182618623,43.68313971670852],[-79.22318238287383,43.68453028053567],[-79.22162126795153,43.68922608388762],[-79.22672075003227,43.69253156595801]]]},"properties":{"cell_id":"882b9bd493fffff","hex_id":"882b9bd493fffff","lat":43.687836,"lng":-79.228281,"resolution":8,"neighbourhood":"East Scarborough"}},{"type":"Feature","geometry":{"type":"Polygon","coordinates":[[[-79.17501204813334,43.77325613083788],[-79.18168608193827,43.77186692422413],[-79.18325417683069,43.76716752334148],[-79.17814939493493,43.763857572856416],[-79.17147641594283,43.76524644653657],[-79.1699071641384,43.76994560358997],[-79.17501204813334,43.77325613083788]]]},"properties":{"cell_id":"882b9bd6c3fffff","hex_id":"882b9bd6c3fffff","lat":43.768557,"lng":-79.176581,"resolution":8,"neighbourhood":"East Scarborough"}},{"type":"Feature","geometry":{"type":"Polygon","coordinates":[[[-79.18212266174474,43.86365357051666],[-79.18880971885342,43.86226250642561],[-79.19038018814953,43.85755855195113],[-79.18526476209136,43.85424590547736],[-79.17857876380539,43.85563663608377],[-79.17700713286015,43.86034034660304],[-79.18212266174474,43.86365357051666]]]},"properties":{"cell_id":"882b986ca9fffff","hex_id":"882b986ca9fffff","lat":43.85895,"lng":-79.183694,"resolution":8,"neighbourhood":"East Scarborough"}},{"type":"Feature","geometry":{"type":"Polygon","coordinates":[[[-79.49488163741789,43.7061649821091],[-79.50153501972446,43.70475839216145],[-79.50306761252229,43.70005836340878],[-79.49794798257476,43.69676516146522],[-79.49129564359991,43.69817141278611],[-79.48976189134288,43.70287120463136],[-79.49488163741789,43.7061649821091]]]},"properties":{"cell_id":"882b9bc0a9fffff","hex_id":"882b9bc0a9fffff","lat":43.701465,"lng":-79.496415,"resolution":8,"neighbourhood":"Weston"}},{"type":"Feature","geometry":{"type":"Polygon","coordinates":[[[-79.56292188028144,43.68738276073729],[-79.56957018229362,43.68597256230833],[-79.57109507798921,43.681272647195584],[-79.56597283152031,43.6779831658849],[-79.55932557017996,43.67939302450682],[-79.55779951473808,43.68409270420041],[-79.56292188028144,43.68738276073729]]]},"properties":{"cell_id":"882b9bc1b3fffff","hex_id":"882b9bc1b3fffff","lat":43.682683,"lng":-79.564448,"resolution":8,"neighbourhood":"Etobicoke"}},{"type":"Feature","geometry":{"type":"Polygon","coordinates":[[[-79.37397366260376,43.75352413418701],[-79.38063809429148,43.75212374313308],[-79.38218484772294,43.747422839241146],[-79.3770683292082,43.74412256594921],[-79.3704049462146,43.745522620416914],[-79.36885703314479,43.75022328471701],[-79.37397366260376,43.75352413418701]]]},"properties":{"cell_id":"882b9bc2d9fffff","hex_id":"882b9bc2d9fffff","lat":43.748823,"lng":-79.375521,"resolution":8,"neighbourhood":"York Mills"}},{"type":"Feature","geometry":{"type":"Polygon","coordinates":[[[-79.43810675712245,43.65254028850084],[-79.44475426255815,43.651137853724094],[-79.44629094515746,43.64644118809278],[-79.44118127811849,43.643147195136834],[-79.43453481505925,43.64454929260064],[-79.43299697676456,43.64924572028758],[-79.43810675712245,43.65254028850084]]]},"properties":{"cell_id":"882b9bc509fffff","hex_id":"882b9bc509fffff","lat":43.647844,"lng":-79.439644,"resolution":8,"neighbourhood":"Parkdale"}},{"type":"Feature","geometry":{"type":"Polygon","coordinates":[[[-79.25053769520835,43.84502239265806],[-79.25721971421726,43.84362766103525],[-79.2587824241848,43.8389237642019],[-79.25366427724057,43.835614841406986],[-79.24698331439684,43.83700923833938],[-79.24541944243687,43.84171289271144],[-79.25053769520835,43.84502239265806]]]},"properties":{"cell_id":"882b986db3fffff","hex_id":"882b986db3fffff","lat":43.840319,"lng":-79.252101,"resolution":8,"neighbourhood":"North Toronto"}},{"type":"Feature","geometry":{"type":"Polygon","coordinates":[[[-79.393585241392,43.67503838645295],[-79.40023754327864,43.67363814707589],[-79.4017796031155,43.66894090427812],[-79.3966705171835,43.66564413975821],[-79.39001925987222,43.66704404254938],[-79.38847604402011,43.671741046400655],[-79.393585241392,43.67503838645295]]]},"properties":{"cell_id":"882b9bc739fffff","hex_id":"882b9bc739fffff","lat":43.670341,"lng":-79.395128,"resolution":8,"neighbourhood":"Annex"}},{"type":"Feature","geometry":{"type":"Polygon","coordinates":[[[-79.31617836596587,43.72190668518956],[-79.32284013605906,43.72051014646797],[-79.3243918180328,43.7158115265037],[-79.31928288697296,43.71250968592755],[-79.31262216563626,43.713905889295575],[-79.3110693267063,43.71860426854769],[-79.31617836596587,43.72190668518956]]]},"properties":{"cell_id":"882b9bd59dfffff","hex_id":"882b9bd59dfffff","lat":43.717208,"lng":-79.317731,"resolution":8,"neighbourhood":"East York"}},{"type":"Feature","geometry":{"type":"Polygon","coordinates":[[[-79.2339211577946,43.78284857169262],[-79.2405946196871,43.78145580200505],[-79.24215692521895,43.77675518559519],[-79.2370469274741,43.77344758144994],[-79.23037451930155,43.77484001704839],[-79.22881105525829,43.77954039083566],[-79.2339211577946,43.78284857169262]]]},"properties":{"cell_id":"882b9bd459fffff","hex_id":"882b9bd459fffff","lat":43.778148,"lng":-79.235484,"resolution":8,"neighbourhood":"Scarborough Town"}},{"type":"Feature","geometry":{"type":"Polygon","coordinates":[[[-79.18325417683069,43.76716752334148],[-79.18992704286447,43.765777937336935],[-79.19149407258148,43.76107873395383],[-79.18638939312808,43.75776936016775],[-79.17971758141066,43.759158613111225],[-79.17814939493493,43.763857572856416],[-79.18325417683069,43.76716752334148]]]},"properties":{"cell_id":"882b9bd689fffff","hex_id":"882b9bd689fffff","lat":43.762468,"lng":-79.184822,"resolution":8,"neighbourhood":"Scarborough"}},{"type":"Feature","geometry":{"type":"Polygon","coordinates":[[[-79.61457606313648,43.68079131308783],[-79.62122161933446,43.67937825118836],[-79.62274092921452,43.67467804543421],[-79.61761584334592,43.67139113584427],[-79.61097132614773,43.67280385700639],[-79.60945085591935,43.677503828449666],[-79.61457606313648,43.68079131308783]]]},"properties":{"cell_id":"882b9bcf0dfffff","hex_id":"882b9bcf0dfffff","lat":43.676091,"lng":-79.616096,"resolution":8,"neighbourhood":"Etobicoke"}},{"type":"Feature","geometry":{"type":"Polygon","coordinates":[[[-79.60882785356024,43.81341545878438],[-79.61549297823952,43.81200052178152],[-79.61701731268548,43.807293792373066],[-79.611877689571,43.804002234735485],[-79.60521361010996,43.805416830476474],[-79.60368810864708,43.81012332507061],[-79.60882785356024,43.81341545878438]]]},"properties":{"cell_id":"882b9bd8b9fffff","hex_id":"882b9bd8b9fffff","lat":43.808709,"lng":-79.610353,"resolution":8,"neighbourhood":"NW Toronto"}},{"type":"Feature","geometry":{"type":"Polygon","coordinates":[[[-79.19966751353702,43.68069806537272],[-79.2063271853559,43.67930892104209],[-79.20788954610937,43.67461380274469],[-79.20279338783573,43.671308071763505],[-79.19613476591547,43.67269688312329],[-79.19457125247415,43.67739175838975],[-79.19966751353702,43.68069806537272]]]},"properties":{"cell_id":"882b9b894bfffff","hex_id":"882b9b894bfffff","lat":43.676003,"lng":-79.201231,"resolution":8,"neighbourhood":"East Scarborough"}},{"type":"Feature","geometry":{"type":"Polygon","coordinates":[[[-79.52102105837217,43.740030464833495],[-79.52767848691666,43.738621808665314],[-79.52920950060197,43.7339197787688],[-79.52408424750713,43.73062664144998],[-79.51742786315299,43.732034958343064],[-79.5158956878054,43.73673675178402],[-79.52102105837217,43.740030464833495]]]},"properties":{"cell_id":"882b9bc035fffff","hex_id":"882b9bc035fffff","lat":43.735328,"lng":-79.522553,"resolution":8,"neighbourhood":"NW Toronto"}},{"type":"Feature","geometry":{"type":"Polygon","coordinates":[[[-79.29730066652489,43.70399859567845],[-79.30396045835211,43.70260343775284],[-79.30551349005448,43.697905941956996],[-79.30040788572882,43.69460384509595],[-79.29374914232832,43.69599866810607],[-79.29219495493015,43.70069592284717],[-79.29730066652489,43.70399859567845]]]},"properties":{"cell_id":"882b9bc64dfffff","hex_id":"882b9bc64dfffff","lat":43.699301,"lng":-79.298854,"resolution":8,"neighbourhood":"East York"}},{"type":"Feature","geometry":{"type":"Polygon","coordinates":[[[-79.5763450522979,43.74144721060566],[-79.5830007797461,43.74003534116643],[-79.58452608791961,43.73533257330888],[-79.5793968314914,43.732041910137085],[-79.57274214682917,43.73345343926223],[-79.57121567591085,43.738155971827084],[-79.5763450522979,43.74144721060566]]]},"properties":{"cell_id":"882b9bc1edfffff","hex_id":"882b9bc1edfffff","lat":43.736744,"lng":-79.577871,"resolution":8,"neighbourhood":"Rexdale"}},{"type":"Feature","geometry":{"type":"Polygon","coordinates":[[[-79.46978830120983,43.82092227114409],[-79.4764593244491,43.81951524213054],[-79.4779983930283,43.81480982413279],[-79.47286760332265,43.81151167287509],[-79.46619762934974,43.81291836318988],[-79.46465739591909,43.81762354341508],[-79.46978830120983,43.82092227114409]]]},"properties":{"cell_id":"882b9bc265fffff","hex_id":"882b9bc265fffff","lat":43.816217,"lng":-79.471328,"resolution":8,"neighbourhood":"North Toronto"}},{"type":"Feature","geometry":{"type":"Polygon","coordinates":[[[-79.48878078543619,43.83882245597985],[-79.49545377929137,43.83741403554903],[-79.49699147431645,43.83270750077789],[-79.49185734170759,43.82940962381565],[-79.4851853974395,43.8308177051077],[-79.48364653629612,43.835524002454655],[-79.48878078543619,43.83882245597985]]]},"properties":{"cell_id":"882b9bd1b5fffff","hex_id":"882b9bd1b5fffff","lat":43.834116,"lng":-79.490319,"resolution":8,"neighbourhood":"NW Toronto"}},{"type":"Feature","geometry":{"type":"Polygon","coordinates":[[[-79.20920044524986,43.80112764448893],[-79.21587741690001,43.799736011923386],[-79.21744291837891,43.79503480173345],[-79.21233260728746,43.79172546726035],[-79.20565669084941,43.793116766118395],[-79.20409003039536,43.7978177331115],[-79.20920044524986,43.80112764448893]]]},"properties":{"cell_id":"882b9bd615fffff","hex_id":"882b9bd615fffff","lat":43.796426,"lng":-79.210767,"resolution":8,"neighbourhood":"Malvern"}},{"type":"Feature","geometry":{"type":"Polygon","coordinates":[[[-79.30796268492523,43.728001669281454],[-79.31462562368327,43.72660550598512],[-79.31617836596587,43.72190668518956],[-79.3110693267063,43.71860426854769],[-79.30440743720035,43.720000096616374],[-79.30285353780538,43.72469867650898],[-79.30796268492523,43.728001669281454]]]},"properties":{"cell_id":"882b9bd5d7fffff","hex_id":"882b9bd5d7fffff","lat":43.723303,"lng":-79.309516,"resolution":8,"neighbourhood":"North York"}},{"type":"Feature","geometry":{"type":"Polygon","coordinates":[[[-79.45902005125009,43.79691217118068],[-79.46568792751088,43.79550615794864],[-79.46722730590461,43.79080205990943],[-79.46209997156558,43.787504212985446],[-79.45543314375071,43.788909887833434],[-79.45389260193183,43.793613747943475],[-79.45902005125009,43.79691217118068]]]},"properties":{"cell_id":"882b9bc22bfffff","hex_id":"882b9bc22bfffff","lat":43.792208,"lng":-79.46056,"resolution":8,"neighbourhood":"North Toronto"}},{"type":"Feature","geometry":{"type":"Polygon","coordinates":[[[-79.60640897128242,43.68690441992332],[-79.61305570112432,43.68549172605197],[-79.61457606313648,43.68079131308783],[-79.60945085591935,43.677503828449666],[-79.60280516557296,43.67891618170649],[-79.60128364304929,43.683616360169864],[-79.60640897128242,43.68690441992332]]]},"properties":{"cell_id":"882b9bcf47fffff","hex_id":"882b9bcf47fffff","lat":43.682204,"lng":-79.60793,"resolution":8,"neighbourhood":"Etobicoke"}},{"type":"Feature","geometry":{"type":"Polygon","coordinates":[[[-79.47902237649527,43.792693045034234],[-79.48568894894271,43.791285945510275],[-79.4872261034085,43.786581812472924],[-79.48209784910802,43.783285016408534],[-79.47543232438227,43.78469177719383],[-79.47389400633799,43.78939567273615],[-79.47902237649527,43.792693045034234]]]},"properties":{"cell_id":"882b9bc227fffff","hex_id":"882b9bc227fffff","lat":43.787989,"lng":-79.48056,"resolution":8,"neighbourhood":"North Toronto"}},{"type":"Feature","geometry":{"type":"Polygon","coordinates":[[[-79.58646616714721,43.69114034687962],[-79.59311420415776,43.68972873041649],[-79.59463677943204,43.68502834519371],[-79.58951247816239,43.68173981132157],[-79.58286548137036,43.68315108752122],[-79.58134174573071,43.687851237810385],[-79.58646616714721,43.69114034687962]]]},"properties":{"cell_id":"882b9bcf4bfffff","hex_id":"882b9bcf4bfffff","lat":43.68644,"lng":-79.587989,"resolution":8,"neighbourhood":"Etobicoke"}},{"type":"Feature","geometry":{"type":"Polygon","coordinates":[[[-79.28797129351246,43.732187985705416],[-79.294635519701,43.7307929092199],[-79.29619048001544,43.72609412895019],[-79.29108237119647,43.722790666455666],[-79.28441919497602,43.72418540806976],[-79.28286307771009,43.72888394700422],[-79.28797129351246,43.732187985705416]]]},"properties":{"cell_id":"882b9bd5dbfffff","hex_id":"882b9bd5dbfffff","lat":43.727489,"lng":-79.289527,"resolution":8,"neighbourhood":"North York"}},{"type":"Feature","geometry":{"type":"Polygon","coordinates":[[[-79.2748907679119,43.67809155367257],[-79.28154753299684,43.67669810965673],[-79.2831020068361,43.67200218117351],[-79.27800086965932,43.6686999381076],[-79.2713451523955,43.67009304774965],[-79.26978952459072,43.67478873478595],[-79.2748907679119,43.67809155367257]]]},"properties":{"cell_id":"882b9bc651fffff","hex_id":"882b9bc651fffff","lat":43.673396,"lng":-79.276446,"resolution":8,"neighbourhood":"The Beaches"}},{"type":"Feature","geometry":{"type":"Polygon","coordinates":[[[-79.59200127706328,43.654954723976935],[-79.59864385053285,43.65354339193311],[-79.60016464433305,43.64884474579393],[-79.59504402339067,43.645557666364816],[-79.58840248834369,43.6469686582144],[-79.5868805359175,43.651667069641285],[-79.59200127706328,43.654954723976935]]]},"properties":{"cell_id":"882b9bcf11fffff","hex_id":"882b9bcf11fffff","lat":43.650256,"lng":-79.593523,"resolution":8,"neighbourhood":"Etobicoke"}},{"type":"Feature","geometry":{"type":"Polygon","coordinates":[[[-79.19741294430999,43.799208652397915],[-79.20409003039536,43.7978177331115],[-79.20565669084941,43.793116766118395],[-79.20054742397762,43.789806961804565],[-79.19387139332323,43.79119754761479],[-79.19230357421439,43.795898271169534],[-79.19741294430999,43.799208652397915]]]},"properties":{"cell_id":"882b9bd611fffff","hex_id":"882b9bd611fffff","lat":43.794508,"lng":-79.19898,"resolution":8,"neighbourhood":"Malvern"}},{"type":"Feature","geometry":{"type":"Polygon","coordinates":[[[-79.36327125282304,43.72952123018565],[-79.36993253925121,43.72812184857722],[-79.37147959024205,43.723422268180535],[-79.36636651312679,43.72012230909205],[-79.35970627457006,43.72152135442736],[-79.35815806536021,43.726220695078574],[-79.36327125282304,43.72952123018565]]]},"properties":{"cell_id":"882b9bd5a1fffff","hex_id":"882b9bd5a1fffff","lat":43.724822,"lng":-79.364819,"resolution":8,"neighbourhood":"North York"}},{"type":"Feature","geometry":{"type":"Polygon","coordinates":[[[-79.47697341370326,43.836931709180675],[-79.48364653629612,43.835524002454655],[-79.4851853974395,43.8308177051077],[-79.48005230189659,43.827519352108546],[-79.47338022911738,43.828926719925825],[-79.47184020217045,43.83363277960491],[-79.47697341370326,43.836931709180675]]]},"properties":{"cell_id":"882b9bd1b1fffff","hex_id":"882b9bd1b1fffff","lat":43.832225,"lng":-79.478513,"resolution":8,"neighbourhood":"North Toronto"}},{"type":"Feature","geometry":{"type":"Polygon","coordinates":[[[-79.63640058213296,43.632385935007036],[-79.64303833473154,43.630972427637765],[-79.64455376911582,43.62627437931677],[-79.63943260928437,43.62299007203021],[-79.63279589290377,43.62440323848757],[-79.63127930023717,43.629101053097294],[-79.63640058213296,43.632385935007036]]]},"properties":{"cell_id":"882b9bcd51fffff","hex_id":"882b9bcd51fffff","lat":43.627688,"lng":-79.637917,"resolution":8,"neighbourhood":"Etobicoke"}},{"type":"Feature","geometry":{"type":"Polygon","coordinates":[[[-79.22786379269895,43.67044415446291],[-79.2345210226428,43.66905354806292],[-79.23608011044544,43.664358586811396],[-79.23098312110682,43.6610544743238],[-79.22432693985716,43.662444747269696],[-79.22276669935557,43.667139466111905],[-79.22786379269895,43.67044415446291]]]},"properties":{"cell_id":"882b9b890dfffff","hex_id":"882b9b890dfffff","lat":43.665749,"lng":-79.229424,"resolution":8,"neighbourhood":"East Scarborough"}},{"type":"Feature","geometry":{"type":"Polygon","coordinates":[[[-79.26233901217202,43.846936688908734],[-79.26902091383069,43.84554124276243],[-79.27058246148567,43.840837103710165],[-79.26546326989917,43.837528652977426],[-79.2587824241848,43.8389237642019],[-79.25721971421726,43.84362766103525],[-79.26233901217202,43.846936688908734]]]},"properties":{"cell_id":"882b986db7fffff","hex_id":"882b986db7fffff","lat":43.842233,"lng":-79.263901,"resolution":8,"neighbourhood":"North Toronto"}},{"type":"Feature","geometry":{"type":"Polygon","coordinates":[[[-79.57469357591901,43.68926214524462],[-79.58134174573071,43.687851237810385],[-79.58286548137036,43.68315108752122],[-79.57774220735558,43.67986207979664],[-79.57109507798921,43.681272647195584],[-79.56957018229362,43.68597256230833],[-79.57469357591901,43.68926214524462]]]},"properties":{"cell_id":"882b9bc1b7fffff","hex_id":"882b9bc1b7fffff","lat":43.684562,"lng":-79.576218,"resolution":8,"neighbourhood":"Etobicoke"}},{"type":"Feature","geometry":{"type":"Polygon","coordinates":[[[-79.4579862450007,43.8190298592092],[-79.46465739591909,43.81762354341508],[-79.46619762934974,43.81291836318988],[-79.46106787650166,43.809619736728706],[-79.45439777507542,43.811025714054075],[-79.45285637710815,43.81573065626334],[-79.4579862450007,43.8190298592092]]]},"properties":{"cell_id":"882b9bc261fffff","hex_id":"882b9bc261fffff","lat":43.814325,"lng":-79.459527,"resolution":8,"neighbourhood":"North Toronto"}},{"type":"Feature","geometry":{"type":"Polygon","coordinates":[[[-79.50923812946093,43.73814469728688],[-79.5158956878054,43.73673675178402],[-79.51742786315299,43.732034958343064],[-79.5123036416086,43.728741347057394],[-79.50564712768039,43.73014895351416],[-79.50411379098244,43.734850510256656],[-79.50923812946093,43.73814469728688]]]},"properties":{"cell_id":"882b9bc031fffff","hex_id":"882b9bc031fffff","lat":43.733443,"lng":-79.510771,"resolution":8,"neighbourhood":"NW Toronto"}},{"type":"Feature","geometry":{"type":"Polygon","coordinates":[[[-79.38361779704827,43.79964488369461],[-79.39028865048878,43.79824318376203],[-79.39183596653109,43.79353987550519],[-79.38671359140422,43.79023850666086],[-79.38004378852878,43.79163986961034],[-79.3784953103186,43.79634293834137],[-79.38361779704827,43.79964488369461]]]},"properties":{"cell_id":"882b9bd567fffff","hex_id":"882b9bd567fffff","lat":43.794942,"lng":-79.385166,"resolution":8,"neighbourhood":"North Toronto"}},{"type":"Feature","geometry":{"type":"Polygon","coordinates":[[[-79.1243746978579,43.75755033483548],[-79.13104812265871,43.75616431015078],[-79.13262093296456,43.75146632736682],[-79.12752147372973,43.748154614064504],[-79.12084910433055,43.74954030684444],[-79.11927513886953,43.75423804478618],[-79.1243746978579,43.75755033483548]]]},"properties":{"cell_id":"882b9b99e3fffff","hex_id":"882b9b99e3fffff","lat":43.752852,"lng":-79.125948,"resolution":8,"neighbourhood":"East Scarborough"}},{"type":"Feature","geometry":{"type":"Polygon","coordinates":[[[-79.19154505479709,43.83543311889672],[-79.19822765146957,43.834041959455234],[-79.19979616819349,43.8293392773498],[-79.19468324873833,43.826027998311915],[-79.18800170933052,43.82741882422081],[-79.18643203221824,43.83212126265466],[-79.19154505479709,43.83543311889672]]]},"properties":{"cell_id":"882b9bd64bfffff","hex_id":"882b9bd64bfffff","lat":43.83073,"lng":-79.193114,"resolution":8,"neighbourhood":"East Scarborough"}},{"type":"Feature","geometry":{"type":"Polygon","coordinates":[[[-79.24329458516614,43.75464815846831],[-79.2499636026116,43.75325530092648],[-79.25152396872323,43.74855596388436],[-79.246416474748,43.745249726679134],[-79.23974850947432,43.74664225008592],[-79.23818698610818,43.75134134478744],[-79.24329458516614,43.75464815846831]]]},"properties":{"cell_id":"882b9bd41bfffff","hex_id":"882b9bd41bfffff","lat":43.749949,"lng":-79.244856,"resolution":8,"neighbourhood":"Scarborough"}},{"type":"Feature","geometry":{"type":"Polygon","coordinates":[[[-79.21964525130139,43.676529546160104],[-79.22630364514991,43.67513931576428],[-79.22786379269895,43.67044415446291],[-79.22276669935557,43.667139466111905],[-79.21610935469477,43.6685293631801],[-79.21454805429335,43.67322428188156],[-79.21964525130139,43.676529546160104]]]},"properties":{"cell_id":"882b9b8947fffff","hex_id":"882b9b8947fffff","lat":43.671834,"lng":-79.221206,"resolution":8,"neighbourhood":"East Scarborough"}},{"type":"Feature","geometry":{"type":"Polygon","coordinates":[[[-79.60832578897538,43.64273460756625],[-79.61496601924172,43.64132254077569],[-79.61648471156684,43.636624309881235],[-79.61136433202734,43.633338380064224],[-79.60472513919456,43.63475010641518],[-79.60320528856852,43.63944810297669],[-79.60832578897538,43.64273460756625]]]},"properties":{"cell_id":"882b9bcc6dfffff","hex_id":"882b9bcc6dfffff","lat":43.638036,"lng":-79.609845,"resolution":8,"neighbourhood":"Etobicoke"}},{"type":"Feature","geometry":{"type":"Polygon","coordinates":[[[-79.39183596653109,43.79353987550519],[-79.39850564580648,43.79213779995284],[-79.40005189978496,43.78743469271082],[-79.39492963660045,43.78413390030994],[-79.38826100739178,43.78553563875352],[-79.38671359140422,43.79023850666086],[-79.39183596653109,43.79353987550519]]]},"properties":{"cell_id":"882b9bd52dfffff","hex_id":"882b9bd52dfffff","lat":43.788837,"lng":-79.393383,"resolution":8,"neighbourhood":"North York Centre"}},{"type":"Feature","geometry":{"type":"Polygon","coordinates":[[[-79.38325381951464,43.72532200032977],[-79.38991381307346,43.72392153384791],[-79.39145864646207,43.7192219159956],[-79.38634464477097,43.715923003892264],[-79.3796856983654,43.71732313374595],[-79.37813970660059,43.72202251228536],[-79.38325381951464,43.72532200032977]]]},"properties":{"cell_id":"882b9bc29bfffff","hex_id":"882b9bc29bfffff","lat":43.720622,"lng":-79.384799,"resolution":8,"neighbourhood":"Lawrence Park"}},{"type":"Feature","geometry":{"type":"Polygon","coordinates":[[[-79.50362685036207,43.77435883657221],[-79.51028989491205,43.77295061781306],[-79.51182387155833,43.76824709441667],[-79.50669596685172,43.764952026655905],[-79.50003396852819,43.76635990630268],[-79.49849882878723,43.771063192776545],[-79.50362685036207,43.77435883657221]]]},"properties":{"cell_id":"882b9bc06bfffff","hex_id":"882b9bc06bfffff","lat":43.769655,"lng":-79.505162,"resolution":8,"neighbourhood":"Etobicoke North"}},{"type":"Feature","geometry":{"type":"Polygon","coordinates":[[[-79.27058246148567,43.840837103710165],[-79.27726318946493,43.83944127816491],[-79.27882367030816,43.83473733698153],[-79.27370458543298,43.831429463324994],[-79.26702491289872,43.832824953821316],[-79.26546326989917,43.837528652977426],[-79.27058246148567,43.840837103710165]]]},"properties":{"cell_id":"882b9bd75dfffff","hex_id":"882b9bd75dfffff","lat":43.836133,"lng":-79.272144,"resolution":8,"neighbourhood":"North Toronto"}},{"type":"Feature","geometry":{"type":"Polygon","coordinates":[[[-79.13262093296456,43.75146632736682],[-79.1392931920314,43.75007992261506],[-79.14086493685262,43.74538213663889],[-79.13576557771518,43.742071000020104],[-79.12909437355428,43.743457072739254],[-79.12752147372973,43.748154614064504],[-79.13262093296456,43.75146632736682]]]},"properties":{"cell_id":"882b9b99a9fffff","hex_id":"882b9b99a9fffff","lat":43.746769,"lng":-79.134193,"resolution":8,"neighbourhood":"East Scarborough"}},{"type":"Feature","geometry":{"type":"Polygon","coordinates":[[[-79.56259638051233,43.78378171573237],[-79.56925877039858,43.78236993791911],[-79.57078692688413,43.77766523356013],[-79.56565385824184,43.77437254267376],[-79.55899251344725,43.775783980228475],[-79.55746319230533,43.780488448881925],[-79.56259638051233,43.78378171573237]]]},"properties":{"cell_id":"882b9bc143fffff","hex_id":"882b9bc143fffff","lat":43.779077,"lng":-79.564125,"resolution":8,"neighbourhood":"Etobicoke North"}},{"type":"Feature","geometry":{"type":"Polygon","coordinates":[[[-79.62882191201285,43.80916956403173],[-79.63548572083283,43.80775354344448],[-79.63700783017823,43.80304678470672],[-79.63186729796857,43.79975628088917],[-79.6252045336373,43.80117195986201],[-79.62368125712874,43.80587848422047],[-79.62882191201285,43.80916956403173]]]},"properties":{"cell_id":"882b9bd8b5fffff","hex_id":"882b9bd8b5fffff","lat":43.804463,"lng":-79.630345,"resolution":8,"neighbourhood":"NW Toronto"}},{"type":"Feature","geometry":{"type":"Polygon","coordinates":[[[-79.20327149360712,43.76299767395711],[-79.20994307803612,43.76160699673776],[-79.21150788610754,43.75690774791344],[-79.20640226677939,43.753599419468514],[-79.19973173595231,43.75498976326845],[-79.19816577095591,43.75968876888727],[-79.20327149360712,43.76299767395711]]]},"properties":{"cell_id":"882b9bd685fffff","hex_id":"882b9bd685fffff","lat":43.758298,"lng":-79.204837,"resolution":8,"neighbourhood":"Scarborough"}},{"type":"Feature","geometry":{"type":"Polygon","coordinates":[[[-79.25394025748257,43.77866917159029],[-79.26061243310613,43.77727531101958],[-79.26217251555833,43.77257465087618],[-79.2570615811666,43.769268093447586],[-79.25039045854625,43.77066161957133],[-79.24882921741863,43.77536203752507],[-79.25394025748257,43.77866917159029]]]},"properties":{"cell_id":"882b9bd455fffff","hex_id":"882b9bd455fffff","lat":43.773969,"lng":-79.255501,"resolution":8,"neighbourhood":"Scarborough Town"}},{"type":"Feature","geometry":{"type":"Polygon","coordinates":[[[-79.54396408877145,43.66952278974354],[-79.55061044085693,43.668113979348654],[-79.55213670819377,43.66341518310092],[-79.54701778203993,43.660125432968805],[-79.54037247031366,43.6615339039947],[-79.53884504448341,43.66623246447572],[-79.54396408877145,43.66952278974354]]]},"properties":{"cell_id":"882b9bce63fffff","hex_id":"882b9bce63fffff","lat":43.664824,"lng":-79.545491,"resolution":8,"neighbourhood":"Etobicoke South"}},{"type":"Feature","geometry":{"type":"Polygon","coordinates":[[[-79.35894986547827,43.81795885470093],[-79.36562424211881,43.81655828360395],[-79.36717474709661,43.811854373885936],[-79.3620520381811,43.808551275318614],[-79.35537871360165,43.80995150981015],[-79.35382704598037,43.814655179428605],[-79.35894986547827,43.81795885470093]]]},"properties":{"cell_id":"882b9bd093fffff","hex_id":"882b9bd093fffff","lat":43.813255,"lng":-79.360501,"resolution":8,"neighbourhood":"North Toronto"}},{"type":"Feature","geometry":{"type":"Polygon","coordinates":[[[-79.32712646016545,43.8202524288385],[-79.33380225421884,43.81885366189236],[-79.33535614837604,43.81415003304005],[-79.33023541075012,43.810845411864264],[-79.3235606697021,43.81224384279255],[-79.32200561337862,43.81694723086867],[-79.32712646016545,43.8202524288385]]]},"properties":{"cell_id":"882b9bd723fffff","hex_id":"882b9bd723fffff","lat":43.815549,"lng":-79.328681,"resolution":8,"neighbourhood":"North Toronto"}},{"type":"Feature","geometry":{"type":"Polygon","coordinates":[[[-79.57078692688413,43.77766523356013],[-79.5774481391611,43.776253084351346],[-79.57897523810088,43.77154858468478],[-79.57384228935885,43.768256469695686],[-79.56718212167485,43.76966827852209],[-79.56565385824184,43.77437254267376],[-79.57078692688413,43.77766523356013]]]},"properties":{"cell_id":"882b9bc109fffff","hex_id":"882b9bc109fffff","lat":43.772961,"lng":-79.572315,"resolution":8,"neighbourhood":"NW Toronto"}},{"type":"Feature","geometry":{"type":"Polygon","coordinates":[[[-79.41354085530281,43.670836587008395],[-79.42019186516542,43.66943526647499],[-79.42173171276622,43.664737988547564],[-79.41662170677719,43.66144226962253],[-79.40997174077341,43.66284325321629],[-79.40843073700218,43.66754029262898],[-79.41354085530281,43.670836587008395]]]},"properties":{"cell_id":"882b9bc735fffff","hex_id":"882b9bc735fffff","lat":43.666139,"lng":-79.415081,"resolution":8,"neighbourhood":"Central Toronto"}},{"type":"Feature","geometry":{"type":"Polygon","coordinates":[[[-79.45804797966778,43.648331905155004],[-79.46469419106788,43.64692839151994],[-79.46622866372509,43.6422316929975],[-79.46111808093234,43.63893874557709],[-79.45447291119191,43.640341921546465],[-79.45293728268646,43.64503838255616],[-79.45804797966778,43.648331905155004]]]},"properties":{"cell_id":"882b9bc505fffff","hex_id":"882b9bc505fffff","lat":43.643635,"lng":-79.459583,"resolution":8,"neighbourhood":"South Toronto"}},{"type":"Feature","geometry":{"type":"Polygon","coordinates":[[[-79.39396566291686,43.74932187492881],[-79.40062879957785,43.7479203979359],[-79.40217333309592,43.74321945652565],[-79.39705588985132,43.73992023122131],[-79.39039380116485,43.74132137127274],[-79.38884810785147,43.74602207352418],[-79.39396566291686,43.74932187492881]]]},"properties":{"cell_id":"882b9bc2d5fffff","hex_id":"882b9bc2d5fffff","lat":43.744621,"lng":-79.395511,"resolution":8,"neighbourhood":"North York"}},{"type":"Feature","geometry":{"type":"Polygon","coordinates":[[[-79.51484048333374,43.7019441316684],[-79.52149256436253,43.70053646128106],[-79.5230229421696,43.69583640081779],[-79.51790239865959,43.69254424717058],[-79.51125136024152,43.69395157857847],[-79.50971982282456,43.698651402567044],[-79.51484048333374,43.7019441316684]]]},"properties":{"cell_id":"882b9bc0a5fffff","hex_id":"882b9bc0a5fffff","lat":43.697244,"lng":-79.516372,"resolution":8,"neighbourhood":"Weston"}},{"type":"Feature","geometry":{"type":"Polygon","coordinates":[[[-79.52621172532076,43.8002451101485],[-79.53287777977799,43.798835160971876],[-79.53441027679462,43.79413008038774],[-79.52927788428852,43.7908351854556],[-79.52261287664722,43.79224479497532],[-79.52107921479849,43.79694963903795],[-79.52621172532076,43.8002451101485]]]},"properties":{"cell_id":"882b9bc339fffff","hex_id":"882b9bc339fffff","lat":43.79554,"lng":-79.527745,"resolution":8,"neighbourhood":"Etobicoke North"}},{"type":"Feature","geometry":{"type":"Polygon","coordinates":[[[-79.12198251631436,43.801769598338765],[-79.12866250128889,43.800383007144376],[-79.1302370865608,43.79568286752731],[-79.12513284431759,43.79236956408723],[-79.11845391685745,43.79375582321894],[-79.11687817423143,43.798455717808075],[-79.12198251631436,43.801769598338765]]]},"properties":{"cell_id":"882b9b990bfffff","hex_id":"882b9b990bfffff","lat":43.797069,"lng":-79.123558,"resolution":8,"neighbourhood":"East Scarborough"}},{"type":"Feature","geometry":{"type":"Polygon","coordinates":[[[-79.20218254638822,43.85947928151498],[-79.20886831653266,43.85808712085199],[-79.2104365547479,43.85338311889544],[-79.20532018474036,43.85007152107746],[-79.19863547269964,43.85146334789595],[-79.1970660726679,43.856167106331334],[-79.20218254638822,43.85947928151498]]]},"properties":{"cell_id":"882b986ca5fffff","hex_id":"882b986ca5fffff","lat":43.854775,"lng":-79.203752,"resolution":8,"neighbourhood":"East Scarborough"}},{"type":"Feature","geometry":{"type":"Polygon","coordinates":[[[-79.45701706807435,43.67041511890461],[-79.46366653287735,43.66901130042971],[-79.46520185511376,43.66431351281581],[-79.46008886959807,43.66101978123043],[-79.4534404474908,43.662423261954736],[-79.45190396830553,43.667120811969205],[-79.45701706807435,43.67041511890461]]]},"properties":{"cell_id":"882b9bc569fffff","hex_id":"882b9bc569fffff","lat":43.665717,"lng":-79.458553,"resolution":8,"neighbourhood":"High Park"}},{"type":"Feature","geometry":{"type":"Polygon","coordinates":[[[-79.55213670819377,43.66341518310092],[-79.55878188899806,43.662006003778295],[-79.56030710368283,43.657307413861794],[-79.55518829599662,43.65401823879874],[-79.54854415505667,43.6554270786291],[-79.54701778203993,43.660125432968805],[-79.55213670819377,43.66341518310092]]]},"properties":{"cell_id":"882b9bce29fffff","hex_id":"882b9bce29fffff","lat":43.658717,"lng":-79.553663,"resolution":8,"neighbourhood":"Etobicoke South"}},{"type":"Feature","geometry":{"type":"Polygon","coordinates":[[[-79.25378769188156,43.70436000736965],[-79.2604490031724,43.702967355834915],[-79.26200656134716,43.69827038371325],[-79.25690396323554,43.69496630504947],[-79.25024370152417,43.69635862248503],[-79.24868498844867,43.701055352638086],[-79.25378769188156,43.70436000736965]]]},"properties":{"cell_id":"882b9bd4b9fffff","hex_id":"882b9bd4b9fffff","lat":43.699663,"lng":-79.255346,"resolution":8,"neighbourhood":"Central Toronto"}},{"type":"Feature","geometry":{"type":"Polygon","coordinates":[[[-79.20211417700641,43.785106435528704],[-79.20878903851091,43.78371547027428],[-79.2103547259152,43.779015141542324],[-79.205246709946,43.775706021316225],[-79.19857290309656,43.77709665307088],[-79.19700605766585,43.78179673850594],[-79.20211417700641,43.785106435528704]]]},"properties":{"cell_id":"882b9bd6e9fffff","hex_id":"882b9bd6e9fffff","lat":43.780406,"lng":-79.203681,"resolution":8,"neighbourhood":"East Scarborough"}},{"type":"Feature","geometry":{"type":"Polygon","coordinates":[[[-79.1585210896329,43.78543279778175],[-79.16519745931475,43.784044350936156],[-79.16676768592289,43.77934455584929],[-79.16166270017223,43.77603345177474],[-79.15498738629654,43.777421565942056],[-79.15341600247025,43.78212111681681],[-79.1585210896329,43.78543279778175]]]},"properties":{"cell_id":"882b9b9935fffff","hex_id":"882b9b9935fffff","lat":43.780733,"lng":-79.160092,"resolution":8,"neighbourhood":"East Scarborough"}},{"type":"Feature","geometry":{"type":"Polygon","coordinates":[[[-79.15144048307171,43.8437724060035],[-79.15812564809465,43.84238343825049],[-79.15969862274937,43.83768085185713],[-79.15458759253862,43.834367477710074],[-79.14790348621491,43.83575611265018],[-79.14632935150811,43.84045845450479],[-79.15144048307171,43.8437724060035]]]},"properties":{"cell_id":"882b986c95fffff","hex_id":"882b986c95fffff","lat":43.83907,"lng":-79.153014,"resolution":8,"neighbourhood":"Rouge"}},{"type":"Feature","geometry":{"type":"Polygon","coordinates":[[[-79.4641740511955,43.68640047108866],[-79.47082560220363,43.684995976798845],[-79.47236071937789,43.68029730539759],[-79.4672454435377,43.677003365736155],[-79.46059493576776,43.67840752206622],[-79.45905866070193,43.68310595597161],[-79.4641740511955,43.68640047108866]]]},"properties":{"cell_id":"882b9bc095fffff","hex_id":"882b9bc095fffff","lat":43.681702,"lng":-79.46571,"resolution":8,"neighbourhood":"York"}},{"type":"Feature","geometry":{"type":"Polygon","coordinates":[[[-79.41289925368423,43.767221902113185],[-79.41956436259889,43.76581903916165],[-79.42110753426455,43.7611169771846],[-79.41598675817616,43.75781801692651],[-79.40932269756027,43.75922054249765],[-79.40777836483699,43.763922365661394],[-79.41289925368423,43.767221902113185]]]},"properties":{"cell_id":"882b9bc2c5fffff","hex_id":"882b9bc2c5fffff","lat":43.76252,"lng":-79.414443,"resolution":8,"neighbourhood":"North York Centre"}},{"type":"Feature","geometry":{"type":"Polygon","coordinates":[[[-79.43244935846326,43.68871893446421],[-79.43910233179066,43.68731623036986],[-79.44064082032149,43.68261783031811],[-79.43552749305319,43.679322372485004],[-79.42887556390595,43.68072473920185],[-79.42733591794918,43.68542290108353],[-79.43244935846326,43.68871893446421]]]},"properties":{"cell_id":"882b9bc725fffff","hex_id":"882b9bc725fffff","lat":43.684021,"lng":-79.433989,"resolution":8,"neighbourhood":"Central Toronto"}},{"type":"Feature","geometry":{"type":"Polygon","coordinates":[[[-79.27283224429847,43.796598262634134],[-79.27950640914037,43.79520301986627],[-79.28106514167467,43.79050123642637],[-79.2759508694141,43.78719493755556],[-79.2692777579097,43.78858984543745],[-79.26771786543257,43.79329138703048],[-79.27283224429847,43.796598262634134]]]},"properties":{"cell_id":"882b9bd445fffff","hex_id":"882b9bd445fffff","lat":43.791896,"lng":-79.274392,"resolution":8,"neighbourhood":"Agincourt"}},{"type":"Feature","geometry":{"type":"Polygon","coordinates":[[[-79.45288341300716,43.75879929598514],[-79.45954592328937,43.75739426221871],[-79.46108465311318,43.75269212865056],[-79.45596203412455,43.74939526674935],[-79.44930057069787,43.75079996242606],[-79.44776067950694,43.755501858047744],[-79.45288341300716,43.75879929598514]]]},"properties":{"cell_id":"882b9bc05bfffff","hex_id":"882b9bc05bfffff","lat":43.754097,"lng":-79.454423,"resolution":8,"neighbourhood":"Downsview"}},{"type":"Feature","geometry":{"type":"Polygon","coordinates":[[[-79.40217333309592,43.74321945652565],[-79.40883529793538,43.74181760540155],[-79.41037877194961,43.73711686608563],[-79.40526144086401,43.73381821681605],[-79.39860052350228,43.73521973087343],[-79.39705588985132,43.73992023122131],[-79.40217333309592,43.74321945652565]]]},"properties":{"cell_id":"882b9bc28bfffff","hex_id":"882b9bc28bfffff","lat":43.738519,"lng":-79.403718,"resolution":8,"neighbourhood":"Lawrence Park"}},{"type":"Feature","geometry":{"type":"Polygon","coordinates":[[[-79.13257573665179,43.82581421855341],[-79.13925889585221,43.824426630549354],[-79.14083321130062,43.819725169218664],[-79.13572552643257,43.81641154072619],[-79.12904342558801,43.81779879635674],[-79.12746795136103,43.82250001280788],[-79.13257573665179,43.82581421855341]]]},"properties":{"cell_id":"882b9b9945fffff","hex_id":"882b9b9945fffff","lat":43.821113,"lng":-79.134151,"resolution":8,"neighbourhood":"Rouge"}},{"type":"Feature","geometry":{"type":"Polygon","coordinates":[[[-79.42048070802807,43.85759330722734],[-79.42715879773334,43.85618853103628],[-79.42870424338774,43.851481904894996],[-79.42357276525611,43.848180293819205],[-79.41689572781735,43.84958473206372],[-79.41534911634729,43.85429111928456],[-79.42048070802807,43.85759330722734]]]},"properties":{"cell_id":"882b9bd1dbfffff","hex_id":"882b9bd1dbfffff","lat":43.852887,"lng":-79.422027,"resolution":8,"neighbourhood":"North Toronto"}},{"type":"Feature","geometry":{"type":"Polygon","coordinates":[[[-79.22797397554508,43.74472735548381],[-79.23464205651739,43.74333554365448],[-79.23620367361669,43.7386368902837],[-79.23109836631068,43.73533029132882],[-79.224431337452,43.73672176935767],[-79.22286856388985,43.741420180096426],[-79.22797397554508,43.74472735548381]]]},"properties":{"cell_id":"882b9bd4c9fffff","hex_id":"882b9bd4c9fffff","lat":43.740029,"lng":-79.229536,"resolution":8,"neighbourhood":"Scarborough"}},{"type":"Feature","geometry":{"type":"Polygon","coordinates":[[[-79.26217251555833,43.77257465087618],[-79.26884352121921,43.771180412453916],[-79.27040253987805,43.76647995122236],[-79.26529171150023,43.763173970365905],[-79.25862175834554,43.76456787421446],[-79.2570615811666,43.769268093447586],[-79.26217251555833,43.77257465087618]]]},"properties":{"cell_id":"882b9bd40bfffff","hex_id":"882b9bd40bfffff","lat":43.767874,"lng":-79.263732,"resolution":8,"neighbourhood":"Scarborough"}},{"type":"Feature","geometry":{"type":"Polygon","coordinates":[[[-79.21744291837891,43.79503480173345],[-79.22411871999685,43.7936427897981],[-79.2256831557042,43.78894177726999],[-79.22057294871894,43.78563301963707],[-79.21389820181557,43.7870246977376],[-79.21233260728746,43.79172546726035],[-79.21744291837891,43.79503480173345]]]},"properties":{"cell_id":"882b9bd63bfffff","hex_id":"882b9bd63bfffff","lat":43.790334,"lng":-79.219008,"resolution":8,"neighbourhood":"Malvern"}},{"type":"Feature","geometry":{"type":"Polygon","coordinates":[[[-79.5331929857086,43.64555776666136],[-79.53983621752431,43.64414997405892],[-79.5413628013666,43.63945250390501],[-79.53624731057539,43.63616306223137],[-79.52960511831115,43.637570515779274],[-79.528077377388,43.64226775000944],[-79.5331929857086,43.64555776666136]]]},"properties":{"cell_id":"882b9bce39fffff","hex_id":"882b9bce39fffff","lat":43.64086,"lng":-79.53472,"resolution":8,"neighbourhood":"Etobicoke South"}},{"type":"Feature","geometry":{"type":"Polygon","coordinates":[[[-79.57761363577204,43.623013726292015],[-79.58425205715928,43.62160375439534],[-79.58577327988203,43.61690687705498],[-79.58065723806298,43.61362020648825],[-79.57401985402652,43.61502983861045],[-79.57249747455919,43.61972648102787],[-79.57761363577204,43.623013726292015]]]},"properties":{"cell_id":"882b9bcc09fffff","hex_id":"882b9bcc09fffff","lat":43.618317,"lng":-79.579136,"resolution":8,"neighbourhood":"Etobicoke"}},{"type":"Feature","geometry":{"type":"Polygon","coordinates":[[[-79.51599930811327,43.85060519089386],[-79.52267309207988,43.84919500327452],[-79.52420834850903,43.84448755505687],[-79.51907098829815,43.84119053129622],[-79.51239825373764,43.842600379211675],[-79.51086183008475,43.847307590545476],[-79.51599930811327,43.85060519089386]]]},"properties":{"cell_id":"882b9bda9bfffff","hex_id":"882b9bda9bfffff","lat":43.845898,"lng":-79.517535,"resolution":8,"neighbourhood":"NW Toronto"}},{"type":"Feature","geometry":{"type":"Polygon","coordinates":[[[-79.52821121227997,43.75602310465308],[-79.53487073001857,43.754613769619816],[-79.53640153296156,43.749910858227516],[-79.53127398087759,43.74661751817297],[-79.52461550787163,43.74802651372119],[-79.5230835423191,43.752729188762935],[-79.52821121227997,43.75602310465308]]]},"properties":{"cell_id":"882b9bc021fffff","hex_id":"882b9bc021fffff","lat":43.75132,"lng":-79.529743,"resolution":8,"neighbourhood":"Etobicoke North"}},{"type":"Feature","geometry":{"type":"Polygon","coordinates":[[[-79.4072074699286,43.80344324147414],[-79.41387807511707,43.80204011584878],[-79.41542306587552,43.797336329268575],[-79.41029861434863,43.79403590730807],[-79.40362905927763,43.795438695489864],[-79.40208290571931,43.8001422430298],[-79.4072074699286,43.80344324147414]]]},"properties":{"cell_id":"882b9bc251fffff","hex_id":"882b9bc251fffff","lat":43.798739,"lng":-79.408753,"resolution":8,"neighbourhood":"Willowdale"}},{"type":"Feature","geometry":{"type":"Polygon","coordinates":[[[-79.50058906574709,43.84071201275481],[-79.50726193025818,43.839302878594104],[-79.5087984588505,43.83459610664253],[-79.50366328946737,43.83129870598596],[-79.49699147431645,43.83270750077789],[-79.49545377929137,43.83741403554903],[-79.50058906574709,43.84071201275481]]]},"properties":{"cell_id":"882b9bc349fffff","hex_id":"882b9bc349fffff","lat":43.836005,"lng":-79.502126,"resolution":8,"neighbourhood":"NW Toronto"}},{"type":"Feature","geometry":{"type":"Polygon","coordinates":[[[-79.55178855340951,43.75979013051722],[-79.55844780883355,43.75837937316407],[-79.55997628562204,43.75367598980033],[-79.55484667032154,43.75038359960771],[-79.5481884591765,43.75179401701779],[-79.54665881915494,43.75649716451745],[-79.55178855340951,43.75979013051722]]]},"properties":{"cell_id":"882b9bc119fffff","hex_id":"882b9bc119fffff","lat":43.755087,"lng":-79.553318,"resolution":8,"neighbourhood":"Etobicoke North"}},{"type":"Feature","geometry":{"type":"Polygon","coordinates":[[[-79.20204603041871,43.710791331573674],[-79.20871001882283,43.709401564949275],[-79.21027316370059,43.704704920964446],[-79.20517347453323,43.70139828663124],[-79.19851053735236,43.70278772010075],[-79.19694623821971,43.70748412101298],[-79.20204603041871,43.710791331573674]]]},"properties":{"cell_id":"882b9b8b2dfffff","hex_id":"882b9b8b2dfffff","lat":43.706095,"lng":-79.20361,"resolution":8,"neighbourhood":"East Scarborough"}},{"type":"Feature","geometry":{"type":"Polygon","coordinates":[[[-79.49597533617002,43.85483357671965],[-79.50265043002004,43.853424477695974],[-79.50418791594012,43.84871706418009],[-79.49905147518483,43.84541898696081],[-79.49237743146902,43.84682774663551],[-79.49083877847733,43.8515349228323],[-79.49597533617002,43.85483357671965]]]},"properties":{"cell_id":"882b9bd1a1fffff","hex_id":"882b9bd1a1fffff","lat":43.850126,"lng":-79.497514,"resolution":8,"neighbourhood":"NW Toronto"}},{"type":"Feature","geometry":{"type":"Polygon","coordinates":[[[-79.21629167822192,43.81715104316736],[-79.22297076113223,43.81575874287504],[-79.22453607599304,43.81105665172192],[-79.21942346797323,43.8077471039121],[-79.21274544083235,43.80913907028905],[-79.2111789660466,43.81384091834565],[-79.21629167822192,43.81715104316736]]]},"properties":{"cell_id":"882b9bd601fffff","hex_id":"882b9bd601fffff","lat":43.812449,"lng":-79.217858,"resolution":8,"neighbourhood":"Malvern"}},{"type":"Feature","geometry":{"type":"Polygon","coordinates":[[[-79.42826629240143,43.77711977168332],[-79.4349323245442,43.775715859228605],[-79.43647423322689,43.771013118093364],[-79.43135127171635,43.767714527885836],[-79.42468628792209,43.769118102625676],[-79.42314321739279,43.77382060524199],[-79.42826629240143,43.77711977168332]]]},"properties":{"cell_id":"882b9bc217fffff","hex_id":"882b9bc217fffff","lat":43.772417,"lng":-79.429809,"resolution":8,"neighbourhood":"Willowdale"}},{"type":"Feature","geometry":{"type":"Polygon","coordinates":[[[-79.30820377255043,43.802328193870494],[-79.31487758090681,43.80093081195946],[-79.31643283170204,43.79622830443133],[-79.31131543514277,43.79292341988912],[-79.30464267946063,43.794320466221755],[-79.3030862677675,43.7990227326293],[-79.30820377255043,43.802328193870494]]]},"properties":{"cell_id":"882b9bd733fffff","hex_id":"882b9bd733fffff","lat":43.797626,"lng":-79.30976,"resolution":8,"neighbourhood":"North Toronto"}},{"type":"Feature","geometry":{"type":"Polygon","coordinates":[[[-79.35289382207803,43.77983136567692],[-79.359562819605,43.77843176427078],[-79.3611126574821,43.773729816336946],[-79.35599465852167,43.770427709877],[-79.34932671145539,43.771826974969564],[-79.34777571299237,43.776528682789895],[-79.35289382207803,43.77983136567692]]]},"properties":{"cell_id":"882b9bd503fffff","hex_id":"882b9bd503fffff","lat":43.775129,"lng":-79.354444,"resolution":8,"neighbourhood":"North York"}},{"type":"Feature","geometry":{"type":"Polygon","coordinates":[[[-79.3593818215322,43.64725881959322],[-79.36603123467654,43.645861006380706],[-79.36757590225623,43.64116556881656],[-79.36247231077041,43.63786818400147],[-79.35582394182602,43.639265661398966],[-79.35427812027007,43.64396085938098],[-79.3593818215322,43.64725881959322]]]},"properties":{"cell_id":"882b9bc447fffff","hex_id":"882b9bc447fffff","lat":43.642563,"lng":-79.360927,"resolution":8,"neighbourhood":"Harbourfront"}},{"type":"Feature","geometry":{"type":"Polygon","coordinates":[[[-79.40972953128093,43.83356920527928],[-79.41640446501223,43.83216544261338],[-79.41795021511912,43.82746013512519],[-79.41282219598445,43.82415882933314],[-79.40614831369422,43.82556225436693],[-79.40460139920107,43.83026732277892],[-79.40972953128093,43.83356920527928]]]},"properties":{"cell_id":"882b9bd0a3fffff","hex_id":"882b9bd0a3fffff","lat":43.828864,"lng":-79.411276,"resolution":8,"neighbourhood":"North Toronto"}},{"type":"Feature","geometry":{"type":"Polygon","coordinates":[[[-79.6126637111893,43.72497886459939],[-79.61931577745072,43.723565176065776],[-79.62083675855627,43.718862791590155],[-79.61570683606651,43.71557433008051],[-79.60905581087151,43.71698767770176],[-79.60753366720114,43.72168982769883],[-79.6126637111893,43.72497886459939]]]},"properties":{"cell_id":"882b9bcad7fffff","hex_id":"882b9bcad7fffff","lat":43.720276,"lng":-79.614185,"resolution":8,"neighbourhood":"Rexdale"}},{"type":"Feature","geometry":{"type":"Polygon","coordinates":[[[-79.56945177160253,43.62912041567018],[-79.5760913627973,43.62771081114644],[-79.57761363577204,43.623013726292015],[-79.57249747455919,43.61972648102787],[-79.56585892120883,43.621135745899906],[-79.56433549132788,43.625832595641825],[-79.56945177160253,43.62912041567018]]]},"properties":{"cell_id":"882b9bcc43fffff","hex_id":"882b9bcc43fffff","lat":43.624423,"lng":-79.570975,"resolution":8,"neighbourhood":"Etobicoke"}},{"type":"Feature","geometry":{"type":"Polygon","coordinates":[[[-79.63185018969205,43.64648135565337],[-79.63849015093662,43.64506787374028],[-79.64000652573705,43.640369174907704],[-79.63488409830963,43.637084191789846],[-79.62824517404435,43.63849733280821],[-79.62672764032783,43.64319579779303],[-79.63185018969205,43.64648135565337]]]},"properties":{"cell_id":"882b9bcf37fffff","hex_id":"882b9bcf37fffff","lat":43.641783,"lng":-79.633367,"resolution":8,"neighbourhood":"Etobicoke"}},{"type":"Feature","geometry":{"type":"Polygon","coordinates":[[[-79.32685442459255,43.7459123575638],[-79.33351934260537,43.74451481215651],[-79.33507073269564,43.73981486808422],[-79.32995836325111,43.736512709933294],[-79.32329449481996,43.737909919674486],[-79.32174194635513,43.742609623187036],[-79.32685442459255,43.7459123575638]]]},"properties":{"cell_id":"882b9bd5c7fffff","hex_id":"882b9bd5c7fffff","lat":43.741212,"lng":-79.328407,"resolution":8,"neighbourhood":"Don Mills"}},{"type":"Feature","geometry":{"type":"Polygon","coordinates":[[[-79.5256153662955,43.7259250524874],[-79.53227057678,43.724516364532484],[-79.5338006394653,43.719814980310176],[-79.5286766527956,43.71652252031434],[-79.52202248573366,43.71793086897517],[-79.52049126202078,43.72263201687988],[-79.5256153662955,43.7259250524874]]]},"properties":{"cell_id":"882b9bc1ddfffff","hex_id":"882b9bc1ddfffff","lat":43.721224,"lng":-79.527146,"resolution":8,"neighbourhood":"Etobicoke"}},{"type":"Feature","geometry":{"type":"Polygon","coordinates":[[[-79.36757590225623,43.64116556881656],[-79.37422414963751,43.63976738330164],[-79.3757677617238,43.63507214895718],[-79.37066428035091,43.63177533947405],[-79.36401707667633,43.63317318904902],[-79.36247231077041,43.63786818400147],[-79.36757590225623,43.64116556881656]]]},"properties":{"cell_id":"882b9bc40dfffff","hex_id":"882b9bc40dfffff","lat":43.63647,"lng":-79.36912,"resolution":8,"neighbourhood":"Harbourfront"}},{"type":"Feature","geometry":{"type":"Polygon","coordinates":[[[-79.54359858784166,43.765904104526115],[-79.55025901950165,43.764493718525834],[-79.55178855340951,43.75979013051722],[-79.54665881915494,43.75649716451745],[-79.53999943227197,43.75790721069855],[-79.53846873496859,43.762610562652476],[-79.54359858784166,43.765904104526115]]]},"properties":{"cell_id":"882b9bc153fffff","hex_id":"882b9bc153fffff","lat":43.761201,"lng":-79.545129,"resolution":8,"neighbourhood":"Etobicoke North"}},{"type":"Feature","geometry":{"type":"Polygon","coordinates":[[[-79.32302918639317,43.66363385015861],[-79.3296822175708,43.66223786474186],[-79.33123120879155,43.65754205924315],[-79.32612832306827,43.6542424795095],[-79.31947633779146,43.655638129716074],[-79.31792619244007,43.66033369482092],[-79.32302918639317,43.66363385015861]]]},"properties":{"cell_id":"882b9bc63dfffff","hex_id":"882b9bc63dfffff","lat":43.658938,"lng":-79.324579,"resolution":8,"neighbourhood":"Leslieville"}},{"type":"Feature","geometry":{"type":"Polygon","coordinates":[[[-79.62083675855627,43.718862791590155],[-79.62748764906476,43.7174487342088],[-79.62900757641283,43.71274655639934],[-79.62387777575469,43.70945867021343],[-79.61722792581567,43.71087238655943],[-79.61570683606651,43.71557433008051],[-79.62083675855627,43.718862791590155]]]},"properties":{"cell_id":"882b9bca9dfffff","hex_id":"882b9bca9dfffff","lat":43.714161,"lng":-79.622357,"resolution":8,"neighbourhood":"Etobicoke"}},{"type":"Feature","geometry":{"type":"Polygon","coordinates":[[[-79.33507073269564,43.73981486808422],[-79.34173448067058,43.738416947202346],[-79.34328481001232,43.733717204007164],[-79.33817254970018,43.73041562201705],[-79.33150985081055,43.731813207106974],[-79.32995836325111,43.736512709933294],[-79.33507073269564,43.73981486808422]]]},"properties":{"cell_id":"882b9bd58dfffff","hex_id":"882b9bd58dfffff","lat":43.735115,"lng":-79.336622,"resolution":8,"neighbourhood":"Don Mills"}},{"type":"Feature","geometry":{"type":"Polygon","coordinates":[[[-79.26945592829438,43.86296417198716],[-79.27613994267685,43.86156805568444],[-79.27770129911822,43.85686303721287],[-79.27257980454723,43.85355437711578],[-79.2658968466659,43.85495015828814],[-79.26433432695907,43.859654934642215],[-79.26945592829438,43.86296417198716]]]},"properties":{"cell_id":"882b986da3fffff","hex_id":"882b986da3fffff","lat":43.858259,"lng":-79.271018,"resolution":8,"neighbourhood":"North Toronto"}},{"type":"Feature","geometry":{"type":"Polygon","coordinates":[[[-79.32135949234475,43.8564903611562],[-79.32804079815851,43.85509134196641],[-79.32959652945691,43.8503859954579],[-79.32447211895553,43.847079909099165],[-79.3177918679767,43.84847859221078],[-79.31623497276857,43.8531836977135],[-79.32135949234475,43.8564903611562]]]},"properties":{"cell_id":"882b9bd76dfffff","hex_id":"882b9bd76dfffff","lat":43.851785,"lng":-79.322916,"resolution":8,"neighbourhood":"North Toronto"}},{"type":"Feature","geometry":{"type":"Polygon","coordinates":[[[-79.3728995199795,43.77563147341032],[-79.37956722254955,43.77423078411344],[-79.38111483789831,43.76952879727732],[-79.37599591152451,43.766227739372404],[-79.36932925869492,43.76762809199973],[-79.36778048260202,43.77232983915573],[-79.3728995199795,43.77563147341032]]]},"properties":{"cell_id":"882b9bd53dfffff","hex_id":"882b9bd53dfffff","lat":43.770929,"lng":-79.374448,"resolution":8,"neighbourhood":"North York"}},{"type":"Feature","geometry":{"type":"Polygon","coordinates":[[[-79.58189433528196,43.70524276963604],[-79.58854458679168,43.70383118181604],[-79.59006810793333,43.699130148786175],[-79.5849425386669,43.69584093860102],[-79.57829332814076,43.69725218617559],[-79.57676864599887,43.701952984134614],[-79.58189433528196,43.70524276963604]]]},"properties":{"cell_id":"882b9bc1a3fffff","hex_id":"882b9bc1a3fffff","lat":43.700542,"lng":-79.583419,"resolution":8,"neighbourhood":"Etobicoke"}},{"type":"Feature","geometry":{"type":"Polygon","coordinates":[[[-79.35320861798972,43.85419723720935],[-79.3598885048522,43.85279641063069],[-79.3614408416661,43.84809078204985],[-79.35631445611001,43.84478622033008],[-79.34963562313621,43.84618671024201],[-79.34808212193384,43.85089209849457],[-79.35320861798972,43.85419723720935]]]},"properties":{"cell_id":"882b9bd0ddfffff","hex_id":"882b9bd0ddfffff","lat":43.849492,"lng":-79.354762,"resolution":8,"neighbourhood":"North Toronto"}},{"type":"Feature","geometry":{"type":"Polygon","coordinates":[[[-79.30306752274807,43.66781964073882],[-79.3097218388437,43.66642473823524],[-79.31127304181109,43.66172897133966],[-79.30617108275709,43.65842834772731],[-79.29951781327568,43.659822915375784],[-79.29796545633714,43.66451844144622],[-79.30306752274807,43.66781964073882]]]},"properties":{"cell_id":"882b9bc603fffff","hex_id":"882b9bc603fffff","lat":43.663124,"lng":-79.304619,"resolution":8,"neighbourhood":"Central Toronto"}},{"type":"Feature","geometry":{"type":"Polygon","coordinates":[[[-79.32109665090141,43.78212206185587],[-79.3277670627157,43.78072426151589],[-79.32932028400364,43.77602259391944],[-79.32420425369052,43.77271896740629],[-79.3175348932785,43.774116432019504],[-79.3159805118811,43.778817858826926],[-79.32109665090141,43.78212206185587]]]},"properties":{"cell_id":"882b9bd553fffff","hex_id":"882b9bd553fffff","lat":43.77742,"lng":-79.322651,"resolution":8,"neighbourhood":"North York"}},{"type":"Feature","geometry":{"type":"Polygon","coordinates":[[[-79.55735964648355,43.72357965078966],[-79.56401342076151,43.72216917197336],[-79.56554010513509,43.717467521227206],[-79.5604141768201,43.714176584892726],[-79.55376144501524,43.71558672383379],[-79.55223359915395,43.72028813893849],[-79.55735964648355,43.72357965078966]]]},"properties":{"cell_id":"882b9bc18dfffff","hex_id":"882b9bc18dfffff","lat":43.718878,"lng":-79.558887,"resolution":8,"neighbourhood":"Rexdale"}},{"type":"Feature","geometry":{"type":"Polygon","coordinates":[[[-79.58980002262528,43.79554034638863],[-79.59646319132203,43.7941268039634],[-79.59798890948251,43.78942118894792],[-79.59285262480267,43.786129351476355],[-79.58619050101198,43.7875425530796],[-79.58466361709698,43.792247932930145],[-79.58980002262528,43.79554034638863]]]},"properties":{"cell_id":"882b9bc169fffff","hex_id":"882b9bc169fffff","lat":43.790835,"lng":-79.591326,"resolution":8,"neighbourhood":"NW Toronto"}},{"type":"Feature","geometry":{"type":"Polygon","coordinates":[[[-79.54594066003119,43.625361391110495],[-79.552580513809,43.62395320102019],[-79.55410510028763,43.6192565866329],[-79.54899098937842,43.61596839788657],[-79.54235217389567,43.61737624878074],[-79.54082643112818,43.62207262757144],[-79.54594066003119,43.625361391110495]]]},"properties":{"cell_id":"882b9bcc59fffff","hex_id":"882b9bcc59fffff","lat":43.620665,"lng":-79.547466,"resolution":8,"neighbourhood":"Etobicoke"}},{"type":"Feature","geometry":{"type":"Polygon","coordinates":[[[-79.38612406599427,43.82977034992492],[-79.3927992485602,43.828368014741834],[-79.39434732712316,43.82366318564917],[-79.38922138697694,43.82036093125603],[-79.38254725630068,43.82176292926795],[-79.38099801398458,43.82646751879827],[-79.38612406599427,43.82977034992492]]]},"properties":{"cell_id":"882b9bd0b9fffff","hex_id":"882b9bd0b9fffff","lat":43.825066,"lng":-79.387673,"resolution":8,"neighbourhood":"North Toronto"}},{"type":"Feature","geometry":{"type":"Polygon","coordinates":[[[-79.32932028400364,43.77602259391944],[-79.3359895240575,43.7746244170694],[-79.33754168278976,43.76992294960481],[-79.33242576152425,43.76661989954247],[-79.32575757237521,43.76801774053962],[-79.32420425369052,43.77271896740629],[-79.32932028400364,43.77602259391944]]]},"properties":{"cell_id":"882b9bd519fffff","hex_id":"882b9bd519fffff","lat":43.771321,"lng":-79.330873,"resolution":8,"neighbourhood":"North York"}},{"type":"Feature","geometry":{"type":"Polygon","coordinates":[[[-79.27770129911822,43.85686303721287],[-79.28438413882179,43.85546654125695],[-79.28594442784858,43.85076172050713],[-79.28082304038521,43.84745363759321],[-79.27414125668288,43.84884979829165],[-79.27257980454723,43.85355437711578],[-79.27770129911822,43.85686303721287]]]},"properties":{"cell_id":"882b9bd749fffff","hex_id":"882b9bd749fffff","lat":43.852158,"lng":-79.279262,"resolution":8,"neighbourhood":"North Toronto"}},{"type":"Feature","geometry":{"type":"Polygon","coordinates":[[[-79.56521993799389,43.81389681615734],[-79.57188664401131,43.812484389033514],[-79.57341553746271,43.80777816058528],[-79.56827889124442,43.804484594952015],[-79.5616132316316,43.80589668162547],[-79.56008317193468,43.81060267433634],[-79.56521993799389,43.81389681615734]]]},"properties":{"cell_id":"882b9bc325fffff","hex_id":"882b9bc325fffff","lat":43.809191,"lng":-79.56675,"resolution":8,"neighbourhood":"NW Toronto"}},{"type":"Feature","geometry":{"type":"Polygon","coordinates":[[[-79.42634934617467,43.65064744678859],[-79.43299697676456,43.64924572028758],[-79.43453481505925,43.64454929260064],[-79.4294261782495,43.64125482955483],[-79.42277959025857,43.64265621897161],[-79.42124059658056,43.6473524084727],[-79.42634934617467,43.65064744678859]]]},"properties":{"cell_id":"882b9bc555fffff","hex_id":"882b9bc555fffff","lat":43.645951,"lng":-79.427888,"resolution":8,"neighbourhood":"Parkdale"}},{"type":"Feature","geometry":{"type":"Polygon","coordinates":[[[-79.52143401570001,43.643674834795625],[-79.528077377388,43.64226775000944],[-79.52960511831115,43.637570515779274],[-79.52449065441888,43.63428060245516],[-79.51784833250719,43.635687348414905],[-79.5163194348129,43.64038434647929],[-79.52143401570001,43.643674834795625]]]},"properties":{"cell_id":"882b9bce15fffff","hex_id":"882b9bce15fffff","lat":43.638978,"lng":-79.522962,"resolution":8,"neighbourhood":"Etobicoke South"}},{"type":"Feature","geometry":{"type":"Polygon","coordinates":[[[-79.34654422016533,43.66744007517662],[-79.35319701064314,43.66604267188138],[-79.35474369265884,43.66134638631801],[-79.3496387390593,43.65804774391609],[-79.34298699404177,43.6594448115424],[-79.34143915726631,43.66414085719397],[-79.34654422016533,43.66744007517662]]]},"properties":{"cell_id":"882b9bc627fffff","hex_id":"882b9bc627fffff","lat":43.662744,"lng":-79.348092,"resolution":8,"neighbourhood":"Central Toronto"}},{"type":"Feature","geometry":{"type":"Polygon","coordinates":[[[-79.29263742738723,43.71809232770743],[-79.29929943570475,43.71669721026377],[-79.30085343127463,43.71199907196526],[-79.29574657495398,43.70869629225977],[-79.2890856158335,43.710091074809924],[-79.28753046394019,43.71478897191351],[-79.29263742738723,43.71809232770743]]]},"properties":{"cell_id":"882b9bd4a5fffff","hex_id":"882b9bd4a5fffff","lat":43.713394,"lng":-79.294192,"resolution":8,"neighbourhood":"East York"}},{"type":"Feature","geometry":{"type":"Polygon","coordinates":[[[-79.5491769580093,43.72969161541041],[-79.55583190678709,43.72828150691848],[-79.55735964648355,43.72357965078966],[-79.55223359915395,43.72028813893849],[-79.54557969334613,43.7216979076788],[-79.54405079199971,43.726399527975836],[-79.5491769580093,43.72969161541041]]]},"properties":{"cell_id":"882b9bc1c7fffff","hex_id":"882b9bc1c7fffff","lat":43.72499,"lng":-79.550705,"resolution":8,"neighbourhood":"Rexdale"}},{"type":"Feature","geometry":{"type":"Polygon","coordinates":[[[-79.17147641594283,43.76524644653657],[-79.17814939493493,43.763857572856416],[-79.17971758141066,43.759158613111225],[-79.17461394543749,43.755848770879766],[-79.16794202097947,43.757237311730044],[-79.16637267806524,43.761936027596285],[-79.17147641594283,43.76524644653657]]]},"properties":{"cell_id":"882b9bd6d5fffff","hex_id":"882b9bd6d5fffff","lat":43.760548,"lng":-79.173045,"resolution":8,"neighbourhood":"East Scarborough"}},{"type":"Feature","geometry":{"type":"Polygon","coordinates":[[[-79.15969862274937,43.83768085185713],[-79.16638261695458,43.83629150242776],[-79.16795452264314,43.83158911183789],[-79.16284359413046,43.82827631497878],[-79.15616065812587,43.82966533146706],[-79.15458759253862,43.834367477710074],[-79.15969862274937,43.83768085185713]]]},"properties":{"cell_id":"882b986cbbfffff","hex_id":"882b986cbbfffff","lat":43.832978,"lng":-79.161271,"resolution":8,"neighbourhood":"Rouge"}},{"type":"Feature","geometry":{"type":"Polygon","coordinates":[[[-79.1655922098356,43.80145690842584],[-79.17227069196804,43.80006779591262],[-79.1738407361005,43.79536711921553],[-79.16873345637221,43.792055799099],[-79.16205603060479,43.793444578726536],[-79.16048482830563,43.798145011310886],[-79.1655922098356,43.80145690842584]]]},"properties":{"cell_id":"882b9b9921fffff","hex_id":"882b9b9921fffff","lat":43.796756,"lng":-79.167163,"resolution":8,"neighbourhood":"East Scarborough"}},{"type":"Feature","geometry":{"type":"Polygon","coordinates":[[[-79.47236071937789,43.68029730539759],[-79.47901110012502,43.678892440054376],[-79.48054516218683,43.67419397317951],[-79.47543000133541,43.67090060890767],[-79.46878066333143,43.67230513616698],[-79.4672454435377,43.677003365736155],[-79.47236071937789,43.68029730539759]]]},"properties":{"cell_id":"882b9bc0bbfffff","hex_id":"882b9bc0bbfffff","lat":43.675599,"lng":-79.473896,"resolution":8,"neighbourhood":"Junction"}},{"type":"Feature","geometry":{"type":"Polygon","coordinates":[[[-79.42110753426455,43.7611169771846],[-79.42777146998392,43.759713740054934],[-79.42931358171063,43.75501188021863],[-79.42419291871931,43.75171349608856],[-79.41753003080129,43.753116395712674],[-79.41598675817616,43.75781801692651],[-79.42110753426455,43.7611169771846]]]},"properties":{"cell_id":"882b9bc2ebfffff","hex_id":"882b9bc2ebfffff","lat":43.756415,"lng":-79.42265,"resolution":8,"neighbourhood":"North York Centre"}},{"type":"Feature","geometry":{"type":"Polygon","coordinates":[[[-79.34437233373112,43.71161969984613],[-79.35103164606579,43.710221700982665],[-79.35258005182615,43.705523243381116],[-79.34747030231378,43.702223024686624],[-79.34081203752376,43.703620687715265],[-79.33926247480456,43.70831890522756],[-79.34437233373112,43.71161969984613]]]},"properties":{"cell_id":"882b9bd5b1fffff","hex_id":"882b9bd5b1fffff","lat":43.706921,"lng":-79.345921,"resolution":8,"neighbourhood":"Leaside"}},{"type":"Feature","geometry":{"type":"Polygon","coordinates":[[[-79.36434898055826,43.70742461875982],[-79.37100700243967,43.706025535557345],[-79.37255319229422,43.701327040109746],[-79.36744251748708,43.69802786747599],[-79.36078554243358,43.69942661448857],[-79.35923819546225,43.7041248702791],[-79.36434898055826,43.70742461875982]]]},"properties":{"cell_id":"882b9bc74bfffff","hex_id":"882b9bc74bfffff","lat":43.702726,"lng":-79.365896,"resolution":8,"neighbourhood":"Central Toronto"}},{"type":"Feature","geometry":{"type":"Polygon","coordinates":[[[-79.28106514167467,43.79050123642637],[-79.28773813517562,43.78910561575583],[-79.28929580347211,43.78440403127278],[-79.28418163815861,43.781098309070174],[-79.27750969749745,43.78249359472807],[-79.2759508694141,43.78719493755556],[-79.28106514167467,43.79050123642637]]]},"properties":{"cell_id":"882b9bd46bfffff","hex_id":"882b9bd46bfffff","lat":43.7858,"lng":-79.282624,"resolution":8,"neighbourhood":"Agincourt"}},{"type":"Feature","geometry":{"type":"Polygon","coordinates":[[[-79.16087694024486,43.7412206920013],[-79.16754675647063,43.739832816499884],[-79.16911521666492,43.73513518090612],[-79.16401501575744,43.73182566479619],[-79.15734625322999,43.733213207778554],[-79.15577663801632,43.73791059934456],[-79.16087694024486,43.7412206920013]]]},"properties":{"cell_id":"882b9bd69bfffff","hex_id":"882b9bd69bfffff","lat":43.736523,"lng":-79.162446,"resolution":8,"neighbourhood":"East Scarborough"}},{"type":"Feature","geometry":{"type":"Polygon","coordinates":[[[-79.6234949641083,43.748955668687636],[-79.63015015518295,43.747540956785166],[-79.63167080927498,43.742837250191],[-79.626537436379,43.73954848977191],[-79.61988328717783,43.7409628604461],[-79.61836146910055,43.745666332721434],[-79.6234949641083,43.748955668687636]]]},"properties":{"cell_id":"882b9bcac1fffff","hex_id":"882b9bcac1fffff","lat":43.744252,"lng":-79.625016,"resolution":8,"neighbourhood":"NW Toronto"}},{"type":"Feature","geometry":{"type":"Polygon","coordinates":[[[-79.57965937652276,43.84590273949392],[-79.58633027087427,43.844488949515274],[-79.58785873374806,43.839780963270265],[-79.58271747052333,43.836487002482365],[-79.57604762366283,43.83790045158921],[-79.57451799263838,43.84260820230946],[-79.57965937652276,43.84590273949392]]]},"properties":{"cell_id":"882b9bd8cbfffff","hex_id":"882b9bd8cbfffff","lat":43.841195,"lng":-79.581189,"resolution":8,"neighbourhood":"NW Toronto"}},{"type":"Feature","geometry":{"type":"Polygon","coordinates":[[[-79.3254880774801,43.69371825837252],[-79.33214541533212,43.692321640890846],[-79.3336951729587,43.68762430702273],[-79.32858874853622,43.684323831023036],[-79.32193245790121,43.685720113107884],[-79.3203815445748,43.690417206543685],[-79.3254880774801,43.69371825837252]]]},"properties":{"cell_id":"882b9bc661fffff","hex_id":"882b9bc661fffff","lat":43.689021,"lng":-79.327039,"resolution":8,"neighbourhood":"East Danforth"}},{"type":"Feature","geometry":{"type":"Polygon","coordinates":[[[-79.4390138170514,43.80112803702627],[-79.4456829958821,43.799723110798624],[-79.4472245986687,43.79501904864593],[-79.44209818599849,43.791720151038184],[-79.43543005633758,43.79312473923675],[-79.43388729028013,43.797828563026165],[-79.4390138170514,43.80112803702627]]]},"properties":{"cell_id":"882b9bc201fffff","hex_id":"882b9bc201fffff","lat":43.796424,"lng":-79.440556,"resolution":8,"neighbourhood":"North Toronto"}},{"type":"Feature","geometry":{"type":"Polygon","coordinates":[[[-79.15851819871087,43.85980663422718],[-79.16520548197416,43.85841700053688],[-79.16677827424616,43.85371353421482],[-79.1616649443646,43.8503999459767],[-79.15497872036183,43.851789246646455],[-79.15340476708555,43.856492468529396],[-79.15851819871087,43.85980663422718]]]},"properties":{"cell_id":"882b986c81fffff","hex_id":"882b986c81fffff","lat":43.855103,"lng":-79.160092,"resolution":8,"neighbourhood":"East Scarborough"}},{"type":"Feature","geometry":{"type":"Polygon","coordinates":[[[-79.47133602775388,43.70238800531122],[-79.47798966605235,43.70098283478803],[-79.47952457745673,43.69628328009261],[-79.47440700950008,43.6929891332666],[-79.46775441498245,43.69439396562077],[-79.46621834474279,43.69909328292408],[-79.47133602775388,43.70238800531122]]]},"properties":{"cell_id":"882b9bc081fffff","hex_id":"882b9bc081fffff","lat":43.697688,"lng":-79.472872,"resolution":8,"neighbourhood":"York"}},{"type":"Feature","geometry":{"type":"Polygon","coordinates":[[[-79.4267829579743,43.724911171460256],[-79.43344140805584,43.723508199913304],[-79.43498170629213,43.71880806845701],[-79.42986471370978,43.71551114689793],[-79.42320730961669,43.71691378100317],[-79.42166585222012,43.72161367406336],[-79.4267829579743,43.724911171460256]]]},"properties":{"cell_id":"882b9bc2b1fffff","hex_id":"882b9bc2b1fffff","lat":43.720211,"lng":-79.428324,"resolution":8,"neighbourhood":"North York"}},{"type":"Feature","geometry":{"type":"Polygon","coordinates":[[[-79.3700629075235,43.671241588062415],[-79.3767154549046,43.66984276677991],[-79.3782598264584,43.66514600211663],[-79.37315280612174,43.66184829811951],[-79.3665013037591,43.66324678327451],[-79.36495577681734,43.66794330850847],[-79.3700629075235,43.671241588062415]]]},"properties":{"cell_id":"882b9bc711fffff","hex_id":"882b9bc711fffff","lat":43.666545,"lng":-79.371608,"resolution":8,"neighbourhood":"Central Toronto"}},{"type":"Feature","geometry":{"type":"Polygon","coordinates":[[[-79.59870439337968,43.86378871000388],[-79.60537724909977,43.862373523811996],[-79.6069043261813,43.85766442424612],[-79.60175971706252,43.8543707459993],[-79.59508790914732,43.855785590878845],[-79.59355966264835,43.86049445527118],[-79.59870439337968,43.86378871000388]]]},"properties":{"cell_id":"882b9bd81bfffff","hex_id":"882b9bd81bfffff","lat":43.85908,"lng":-79.600232,"resolution":8,"neighbourhood":"NW Toronto"}},{"type":"Feature","geometry":{"type":"Polygon","coordinates":[[[-79.33863285907749,43.7478170757105],[-79.3452976564127,43.746418818932426],[-79.34684788781213,43.74171863454225],[-79.34173448067058,43.738416947202346],[-79.33507073269564,43.73981486808422],[-79.33351934260537,43.74451481215651],[-79.33863285907749,43.7478170757105]]]},"properties":{"cell_id":"882b9bd5ebfffff","hex_id":"882b9bd5ebfffff","lat":43.743117,"lng":-79.340184,"resolution":8,"neighbourhood":"Don Mills"}},{"type":"Feature","geometry":{"type":"Polygon","coordinates":[[[-79.45232401574339,43.855272680880276],[-79.45900067403238,43.85386609983213],[-79.46054272343464,43.849159197660825],[-79.45540928093858,43.84585911473344],[-79.44873367396427,43.84726535724852],[-79.44719045827463,43.85197202117797],[-79.45232401574339,43.855272680880276]]]},"properties":{"cell_id":"882b9bd18bfffff","hex_id":"882b9bd18bfffff","lat":43.850566,"lng":-79.453867,"resolution":8,"neighbourhood":"North Toronto"}},{"type":"Feature","geometry":{"type":"Polygon","coordinates":[[[-79.5674978337243,43.67328369238077],[-79.57414392291436,43.67187346491211],[-79.57566787233537,43.66717419785828],[-79.57054689178028,43.66388539350888],[-79.5639018424976,43.665295281152225],[-79.56237673396393,43.669994312924246],[-79.5674978337243,43.67328369238077]]]},"properties":{"cell_id":"882b9bcf5bfffff","hex_id":"882b9bcf5bfffff","lat":43.668584,"lng":-79.569023,"resolution":8,"neighbourhood":"Etobicoke South"}},{"type":"Feature","geometry":{"type":"Polygon","coordinates":[[[-79.28685588952766,43.75429001746796],[-79.2935233859853,43.75289464746397],[-79.29507921599686,43.74819478455301],[-79.28996870770783,43.74489053302552],[-79.28330226226628,43.74628556807624],[-79.28174527420148,43.750985189562115],[-79.28685588952766,43.75429001746796]]]},"properties":{"cell_id":"882b9bd431fffff","hex_id":"882b9bd431fffff","lat":43.74959,"lng":-79.288412,"resolution":8,"neighbourhood":"Wexford"}},{"type":"Feature","geometry":{"type":"Polygon","coordinates":[[[-79.37113596866543,43.64915849781663],[-79.37778526002589,43.647759976257625],[-79.37932877331579,43.64306429935239],[-79.37422414963751,43.63976738330164],[-79.36757590225623,43.64116556881656],[-79.36603123467654,43.645861006380706],[-79.37113596866543,43.64915849781663]]]},"properties":{"cell_id":"882b9bc46bfffff","hex_id":"882b9bc46bfffff","lat":43.644463,"lng":-79.37268,"resolution":8,"neighbourhood":"Financial District"}},{"type":"Feature","geometry":{"type":"Polygon","coordinates":[[[-79.44005643599029,43.77901455213179],[-79.44672234218474,43.77760992763296],[-79.44826308870618,43.772906948221525],[-79.44313909129728,43.76960883153918],[-79.43647423322689,43.771013118093364],[-79.4349323245442,43.775715859228605],[-79.44005643599029,43.77901455213179]]]},"properties":{"cell_id":"882b9bc23bfffff","hex_id":"882b9bc23bfffff","lat":43.774312,"lng":-79.441598,"resolution":8,"neighbourhood":"North York"}},{"type":"Feature","geometry":{"type":"Polygon","coordinates":[[[-79.48465553931894,43.75647290674084],[-79.49131662035701,43.755066077379944],[-79.49285196812066,43.75036367207662],[-79.48772739678208,43.74706833335836],[-79.48106736165204,43.74847482404602],[-79.47953085205495,43.753176992079176],[-79.48465553931894,43.75647290674084]]]},"properties":{"cell_id":"882b9bc00bfffff","hex_id":"882b9bc00bfffff","lat":43.751771,"lng":-79.486192,"resolution":8,"neighbourhood":"Black Creek"}},{"type":"Feature","geometry":{"type":"Polygon","coordinates":[[[-79.23518513301313,43.83509352642252],[-79.24186621238054,43.83369984375334],[-79.24343017873309,43.8289966293786],[-79.23831422701917,43.825687340381414],[-79.23163420375879,43.827080688695766],[-79.23006907621003,43.83178366031653],[-79.23518513301313,43.83509352642252]]]},"properties":{"cell_id":"882b9bd661fffff","hex_id":"882b9bd661fffff","lat":43.83039,"lng":-79.23675,"resolution":8,"neighbourhood":"East Scarborough"}},{"type":"Feature","geometry":{"type":"Polygon","coordinates":[[[-79.5852187436605,43.80965844995922],[-79.59188413701753,43.80824493816809],[-79.59341080518593,43.80353867863242],[-79.58827324649324,43.80024616614414],[-79.58160889881259,43.8016593371317],[-79.5800810642503,43.80636536136484],[-79.5852187436605,43.80965844995922]]]},"properties":{"cell_id":"882b9bd891fffff","hex_id":"882b9bd891fffff","lat":43.804952,"lng":-79.586746,"resolution":8,"neighbourhood":"NW Toronto"}},{"type":"Feature","geometry":{"type":"Polygon","coordinates":[[[-79.49183565511655,43.772470699798504],[-79.49849882878723,43.771063192776545],[-79.50003396852819,43.76635990630268],[-79.49490709748252,43.76306436397041],[-79.48824497026426,43.764471532109376],[-79.48670866774172,43.76917458141758],[-79.49183565511655,43.772470699798504]]]},"properties":{"cell_id":"882b9bc047fffff","hex_id":"882b9bc047fffff","lat":43.767767,"lng":-79.493372,"resolution":8,"neighbourhood":"Etobicoke North"}},{"type":"Feature","geometry":{"type":"Polygon","coordinates":[[[-79.259913553046,43.81680228953227],[-79.26659111552426,43.81540746882118],[-79.2681518827811,43.81070484791937],[-79.2630362483936,43.80739728986213],[-79.2563597405265,43.80879177583685],[-79.25479781254019,43.81349415455952],[-79.259913553046,43.81680228953227]]]},"properties":{"cell_id":"882b9bd625fffff","hex_id":"882b9bd625fffff","lat":43.8121,"lng":-79.261475,"resolution":8,"neighbourhood":"Agincourt"}},{"type":"Feature","geometry":{"type":"Polygon","coordinates":[[[-79.25604702941953,43.660184556117365],[-79.26270181581353,43.65879248973252],[-79.26425763277194,43.65409768758201],[-79.25915981614781,43.65079519355879],[-79.25250607724342,43.652186926007225],[-79.25094910757697,43.65688148636988],[-79.25604702941953,43.660184556117365]]]},"properties":{"cell_id":"882b9b8921fffff","hex_id":"882b9b8921fffff","lat":43.65549,"lng":-79.257604,"resolution":8,"neighbourhood":"Central Toronto"}},{"type":"Feature","geometry":{"type":"Polygon","coordinates":[[[-79.2563597405265,43.80879177583685],[-79.2630362483936,43.80739728986213],[-79.26459711077268,43.80269510930228],[-79.25948262564346,43.79938765690122],[-79.25280717210973,43.80078180824369],[-79.25124514947628,43.80548374657384],[-79.2563597405265,43.80879177583685]]]},"properties":{"cell_id":"882b9bd627fffff","hex_id":"882b9bd627fffff","lat":43.80409,"lng":-79.257921,"resolution":8,"neighbourhood":"Agincourt"}},{"type":"Feature","geometry":{"type":"Polygon","coordinates":[[[-79.55504785120048,43.86426705024335],[-79.56172228998534,43.86285438002382],[-79.56325393583231,43.858145783573896],[-79.55811231163955,43.854850093395534],[-79.5514389218491,43.85626242311615],[-79.54990610735963,43.86097078346776],[-79.55504785120048,43.86426705024335]]]},"properties":{"cell_id":"882b9bda87fffff","hex_id":"882b9bda87fffff","lat":43.859558,"lng":-79.55658,"resolution":8,"neighbourhood":"NW Toronto"}},{"type":"Feature","geometry":{"type":"Polygon","coordinates":[[[-79.50003396852819,43.76635990630268],[-79.50669596685172,43.764952026655905],[-79.50823004807282,43.7602489437303],[-79.5031032936931,43.75695397738038],[-79.49644234132398,43.75836151801972],[-79.49490709748252,43.76306436397041],[-79.50003396852819,43.76635990630268]]]},"properties":{"cell_id":"882b9bc00dfffff","hex_id":"882b9bc00dfffff","lat":43.761657,"lng":-79.501569,"resolution":8,"neighbourhood":"Etobicoke North"}},{"type":"Feature","geometry":{"type":"Polygon","coordinates":[[[-79.45543314375071,43.788909887833434],[-79.46209997156558,43.787504212985446],[-79.46363945287435,43.78280055518133],[-79.45851326942133,43.77950281016048],[-79.45184748977904,43.78090814672927],[-79.45030684552003,43.78561156655213],[-79.45543314375071,43.788909887833434]]]},"properties":{"cell_id":"882b9bc23dfffff","hex_id":"882b9bc23dfffff","lat":43.784206,"lng":-79.456973,"resolution":8,"neighbourhood":"North Toronto"}},{"type":"Feature","geometry":{"type":"Polygon","coordinates":[[[-79.38645452176794,43.659050246498154],[-79.39310473477637,43.65765068018855],[-79.39464699402168,43.652954321796365],[-79.38954019543455,43.649657768716956],[-79.38289102645656,43.651056998649246],[-79.3813476121377,43.65575311799258],[-79.38645452176794,43.659050246498154]]]},"properties":{"cell_id":"882b9bc46dfffff","hex_id":"882b9bc46dfffff","lat":43.654354,"lng":-79.387998,"resolution":8,"neighbourhood":"Downtown Core"}},{"type":"Feature","geometry":{"type":"Polygon","coordinates":[[[-79.49542759450479,43.7804704094549],[-79.50209181490014,43.779062563445024],[-79.50362685036207,43.77435883657221],[-79.49849882878723,43.771063192776545],[-79.49183565511655,43.772470699798504],[-79.49029945639856,43.777174189558],[-79.49542759450479,43.7804704094549]]]},"properties":{"cell_id":"882b9bc045fffff","hex_id":"882b9bc045fffff","lat":43.775767,"lng":-79.496963,"resolution":8,"neighbourhood":"Etobicoke North"}},{"type":"Feature","geometry":{"type":"Polygon","coordinates":[[[-79.58286548137036,43.68315108752122],[-79.58951247816239,43.68173981132157],[-79.5910351608887,43.677039867601856],[-79.58591200681774,43.67375143502214],[-79.5792660499754,43.67516237106336],[-79.57774220735558,43.67986207979664],[-79.58286548137036,43.68315108752122]]]},"properties":{"cell_id":"882b9bcf5dfffff","hex_id":"882b9bcf5dfffff","lat":43.678451,"lng":-79.584389,"resolution":8,"neighbourhood":"Etobicoke"}},{"type":"Feature","geometry":{"type":"Polygon","coordinates":[[[-79.35397777970182,43.75772313421193],[-79.3606435051704,43.75632382980508],[-79.36219247897202,43.75162296431861],[-79.35707688688879,43.74832164321808],[-79.35041221083354,43.74972061139431],[-79.34886207755156,43.754421236855954],[-79.35397777970182,43.75772313421193]]]},"properties":{"cell_id":"882b9bd5edfffff","hex_id":"882b9bd5edfffff","lat":43.753022,"lng":-79.355527,"resolution":8,"neighbourhood":"Don Mills"}},{"type":"Feature","geometry":{"type":"Polygon","coordinates":[[[-79.43543005633758,43.79312473923675],[-79.44209818599849,43.791720151038184],[-79.443639890928,43.787016529100384],[-79.43851462909545,43.78371773373043],[-79.43184754833048,43.78512198400468],[-79.43030468060513,43.789825367527264],[-79.43543005633758,43.79312473923675]]]},"properties":{"cell_id":"882b9bc203fffff","hex_id":"882b9bc203fffff","lat":43.788421,"lng":-79.436973,"resolution":8,"neighbourhood":"North Toronto"}},{"type":"Feature","geometry":{"type":"Polygon","coordinates":[[[-79.32193245790121,43.685720113107884],[-79.32858874853622,43.684323831023036],[-79.33013860335498,43.679626939161516],[-79.32503332287027,43.6763265698223],[-79.31837807917807,43.67772251661442],[-79.31682706913088,43.68241916799293],[-79.32193245790121,43.685720113107884]]]},"properties":{"cell_id":"882b9bc663fffff","hex_id":"882b9bc663fffff","lat":43.681023,"lng":-79.323483,"resolution":8,"neighbourhood":"East Danforth"}},{"type":"Feature","geometry":{"type":"Polygon","coordinates":[[[-79.61988328717783,43.7409628604461],[-79.626537436379,43.73954848977191],[-79.62805819965617,43.73484522375965],[-79.62292597734499,43.731556562747485],[-79.61627286974817,43.73297059229873],[-79.61475094295952,43.73767362393886],[-79.61988328717783,43.7409628604461]]]},"properties":{"cell_id":"882b9bcac3fffff","hex_id":"882b9bcac3fffff","lat":43.73626,"lng":-79.621405,"resolution":8,"neighbourhood":"NW Toronto"}},{"type":"Feature","geometry":{"type":"Polygon","coordinates":[[[-79.34081203752376,43.703620687715265],[-79.34747030231378,43.702223024686624],[-79.34901880608706,43.69752500879473],[-79.3439102016602,43.694224896026014],[-79.33725298414068,43.69562222332402],[-79.33570332388058,43.70031999907576],[-79.34081203752376,43.703620687715265]]]},"properties":{"cell_id":"882b9bd5b3fffff","hex_id":"882b9bd5b3fffff","lat":43.698923,"lng":-79.342361,"resolution":8,"neighbourhood":"East York"}},{"type":"Feature","geometry":{"type":"Polygon","coordinates":[[[-79.53280488928118,43.74191504746653],[-79.53946218742314,43.74050568060854],[-79.54099203913445,43.735803414499436],[-79.53586575477979,43.73251075141484],[-79.52920950060197,43.7339197787688],[-79.52767848691666,43.738621808665314],[-79.53280488928118,43.74191504746653]]]},"properties":{"cell_id":"882b9bc1c9fffff","hex_id":"882b9bc1c9fffff","lat":43.737213,"lng":-79.534335,"resolution":8,"neighbourhood":"NW Toronto"}},{"type":"Feature","geometry":{"type":"Polygon","coordinates":[[[-79.33013860335498,43.679626939161516],[-79.33679372715568,43.67823028301232],[-79.3383425239202,43.67353359298774],[-79.33323735205937,43.670233799359295],[-79.32658327470715,43.67163012009024],[-79.32503332287027,43.6763265698223],[-79.33013860335498,43.679626939161516]]]},"properties":{"cell_id":"882b9bc629fffff","hex_id":"882b9bc629fffff","lat":43.67493,"lng":-79.331688,"resolution":8,"neighbourhood":"East Danforth"}},{"type":"Feature","geometry":{"type":"Polygon","coordinates":[[[-79.62805819965617,43.73484522375965],[-79.63471117210963,43.7334304839917],[-79.63623088104383,43.72872742450376],[-79.63109878097319,43.72543933891942],[-79.62444684962658,43.72685373744143],[-79.62292597734499,43.731556562747485],[-79.62805819965617,43.73484522375965]]]},"properties":{"cell_id":"882b9bca89fffff","hex_id":"882b9bca89fffff","lat":43.730142,"lng":-79.629579,"resolution":8,"neighbourhood":"NW Toronto"}},{"type":"Feature","geometry":{"type":"Polygon","coordinates":[[[-79.5142638977023,43.627700408024246],[-79.52090518010701,43.62629400078626],[-79.522433130204,43.6215976513387],[-79.5173209538285,43.618307945353244],[-79.51068071066157,43.619714013974175],[-79.50915160473372,43.62441012715175],[-79.5142638977023,43.627700408024246]]]},"properties":{"cell_id":"882b9bcee9fffff","hex_id":"882b9bcee9fffff","lat":43.623004,"lng":-79.515793,"resolution":8,"neighbourhood":"Etobicoke"}},{"type":"Feature","geometry":{"type":"Polygon","coordinates":[[[-79.55899251344725,43.775783980228475],[-79.56565385824184,43.77437254267376],[-79.56718212167485,43.76966827852209],[-79.56205020459699,43.76637568763739],[-79.5553899046231,43.767786785038744],[-79.55386047700841,43.77249081343198],[-79.55899251344725,43.775783980228475]]]},"properties":{"cell_id":"882b9bc155fffff","hex_id":"882b9bc155fffff","lat":43.77108,"lng":-79.560522,"resolution":8,"neighbourhood":"Etobicoke North"}},{"type":"Feature","geometry":{"type":"Polygon","coordinates":[[[-79.58480495230563,43.63898313644512],[-79.59144544919806,43.637572484684796],[-79.59296645781706,43.632874722698645],[-79.58784812732935,43.62958784724455],[-79.58120866832347,43.63099815902059],[-79.57968650201968,43.63569568618901],[-79.58480495230563,43.63898313644512]]]},"properties":{"cell_id":"882b9bcc45fffff","hex_id":"882b9bcc45fffff","lat":43.634285,"lng":-79.586327,"resolution":8,"neighbourhood":"Etobicoke"}},{"type":"Feature","geometry":{"type":"Polygon","coordinates":[[[-79.42511831257252,43.843474107104186],[-79.43179417246873,43.84206929268997],[-79.43333865609047,43.837363306745026],[-79.42820844509824,43.834062373949294],[-79.42153363669317,43.835466850396166],[-79.41998798789265,43.84017259756011],[-79.42511831257252,43.843474107104186]]]},"properties":{"cell_id":"882b9bd0a5fffff","hex_id":"882b9bd0a5fffff","lat":43.838768,"lng":-79.426664,"resolution":8,"neighbourhood":"North Toronto"}},{"type":"Feature","geometry":{"type":"Polygon","coordinates":[[[-79.58327239259025,43.853905564852795],[-79.58994433470455,43.85249143389691],[-79.59147268948159,43.84778300851556],[-79.58633027087427,43.844488949515274],[-79.57965937652276,43.84590273949392],[-79.57812985311813,43.85061092940378],[-79.58327239259025,43.853905564852795]]]},"properties":{"cell_id":"882b9bd8c9fffff","hex_id":"882b9bd8c9fffff","lat":43.849197,"lng":-79.584801,"resolution":8,"neighbourhood":"NW Toronto"}},{"type":"Feature","geometry":{"type":"Polygon","coordinates":[[[-79.16440886262082,43.74922872676834],[-79.17107973282342,43.7478405186443],[-79.1726481019499,43.74314244154365],[-79.16754675647063,43.739832816499884],[-79.16087694024486,43.7412206920013],[-79.1593074156262,43.74591852512373],[-79.16440886262082,43.74922872676834]]]},"properties":{"cell_id":"882b9bd699fffff","hex_id":"882b9bd699fffff","lat":43.744531,"lng":-79.165978,"resolution":8,"neighbourhood":"East Scarborough"}},{"type":"Feature","geometry":{"type":"Polygon","coordinates":[[[-79.28462183026427,43.79850942428614],[-79.29129587688193,43.79711346849876],[-79.29285344915485,43.79241144345401],[-79.28773813517562,43.78910561575583],[-79.28106514167467,43.79050123642637],[-79.27950640914037,43.79520301986627],[-79.28462183026427,43.79850942428614]]]},"properties":{"cell_id":"882b9bd469fffff","hex_id":"882b9bd469fffff","lat":43.793807,"lng":-79.28618,"resolution":8,"neighbourhood":"Agincourt"}},{"type":"Feature","geometry":{"type":"Polygon","coordinates":[[[-79.3682525261632,43.789738678101386],[-79.37492245203444,43.78833802772807],[-79.37647102971506,43.783635399398015],[-79.37135084300469,43.78033366121532],[-79.36468196764666,43.78173397494036],[-79.36313222858925,43.78643636345056],[-79.3682525261632,43.789738678101386]]]},"properties":{"cell_id":"882b9bd505fffff","hex_id":"882b9bd505fffff","lat":43.785036,"lng":-79.369802,"resolution":8,"neighbourhood":"North Toronto"}},{"type":"Feature","geometry":{"type":"Polygon","coordinates":[[[-79.3235606697021,43.81224384279255],[-79.33023541075012,43.810845411864264],[-79.33178940270622,43.806142223172834],[-79.32666981540919,43.80283770619117],[-79.31999612709008,43.804235801205955],[-79.31844097344306,43.80893874907013],[-79.3235606697021,43.81224384279255]]]},"properties":{"cell_id":"882b9bd735fffff","hex_id":"882b9bd735fffff","lat":43.807541,"lng":-79.325115,"resolution":8,"neighbourhood":"North Toronto"}},{"type":"Feature","geometry":{"type":"Polygon","coordinates":[[[-79.5481884591765,43.75179401701779],[-79.55484667032154,43.75038359960771],[-79.5563752535184,43.74568065682443],[-79.55124678843131,43.74238836732195],[-79.54458962129455,43.743798444894054],[-79.54305987533854,43.74850115176051],[-79.5481884591765,43.75179401701779]]]},"properties":{"cell_id":"882b9bc11bfffff","hex_id":"882b9bc11bfffff","lat":43.747091,"lng":-79.549718,"resolution":8,"neighbourhood":"Etobicoke North"}},{"type":"Feature","geometry":{"type":"Polygon","coordinates":[[[-79.49699147431645,43.83270750077789],[-79.50366328946737,43.83129870598596],[-79.50519992281963,43.82659237354156],[-79.50006590708023,43.823295073076],[-79.49339514101628,43.82470352860425],[-79.49185734170759,43.82940962381565],[-79.49699147431645,43.83270750077789]]]},"properties":{"cell_id":"882b9bc34bfffff","hex_id":"882b9bc34bfffff","lat":43.828001,"lng":-79.498529,"resolution":8,"neighbourhood":"NW Toronto"}},{"type":"Feature","geometry":{"type":"Polygon","coordinates":[[[-79.36791366295301,43.715423170107414],[-79.37457273193608,43.71402375061076],[-79.37611882283345,43.7093248135556],[-79.37100700243967,43.706025535557345],[-79.36434898055826,43.70742461875982],[-79.36280173207193,43.71212331620903],[-79.36791366295301,43.715423170107414]]]},"properties":{"cell_id":"882b9bc749fffff","hex_id":"882b9bc749fffff","lat":43.710724,"lng":-79.36946,"resolution":8,"neighbourhood":"Central Toronto"}},{"type":"Feature","geometry":{"type":"Polygon","coordinates":[[[-79.42468628792209,43.769118102625676],[-79.43135127171635,43.767714527885836],[-79.43289328200962,43.763012227338045],[-79.42777146998392,43.759713740054934],[-79.42110753426455,43.7611169771846],[-79.41956436259889,43.76581903916165],[-79.42468628792209,43.769118102625676]]]},"properties":{"cell_id":"882b9bc2e9fffff","hex_id":"882b9bc2e9fffff","lat":43.764416,"lng":-79.426229,"resolution":8,"neighbourhood":"North York"}},{"type":"Feature","geometry":{"type":"Polygon","coordinates":[[[-79.47594202387793,43.688290020156565],[-79.48259344763925,43.68688481662481],[-79.48412740661004,43.68218590796977],[-79.47901110012502,43.678892440054376],[-79.47236071937789,43.68029730539759],[-79.47082560220363,43.684995976798845],[-79.47594202387793,43.688290020156565]]]},"properties":{"cell_id":"882b9bc0b9fffff","hex_id":"882b9bc0b9fffff","lat":43.683591,"lng":-79.477477,"resolution":8,"neighbourhood":"York"}},{"type":"Feature","geometry":{"type":"Polygon","coordinates":[[[-79.52960511831115,43.637570515779274],[-79.53624731057539,43.63616306223137],[-79.53777399956363,43.63146603435505],[-79.53265965299948,43.628176695956725],[-79.52601850001766,43.629583810554834],[-79.52449065441888,43.63428060245516],[-79.52960511831115,43.637570515779274]]]},"properties":{"cell_id":"882b9bce3bfffff","hex_id":"882b9bce3bfffff","lat":43.632873,"lng":-79.531133,"resolution":8,"neighbourhood":"Etobicoke South"}},{"type":"Feature","geometry":{"type":"Polygon","coordinates":[[[-79.16323782791429,43.845696919556985],[-79.1699228806004,43.84430723708273],[-79.17149469488066,43.83960440639234],[-79.16638261695458,43.83629150242776],[-79.15969862274937,43.83768085185713],[-79.15812564809465,43.84238343825049],[-79.16323782791429,43.845696919556985]]]},"properties":{"cell_id":"882b986cb9fffff","hex_id":"882b986cb9fffff","lat":43.840994,"lng":-79.16481,"resolution":8,"neighbourhood":"Rouge"}},{"type":"Feature","geometry":{"type":"Polygon","coordinates":[[[-79.224431337452,43.73672176935767],[-79.23109836631068,43.73533029132882],[-79.23266007697022,43.73063207941199],[-79.22755591486529,43.72732558816064],[-79.22088993784311,43.72871673249283],[-79.21932707119348,43.7334147017276],[-79.224431337452,43.73672176935767]]]},"properties":{"cell_id":"882b9bd4cbfffff","hex_id":"882b9bd4cbfffff","lat":43.732024,"lng":-79.225994,"resolution":8,"neighbourhood":"Cliffside"}},{"type":"Feature","geometry":{"type":"Polygon","coordinates":[[[-79.12904342558801,43.81779879635674],[-79.13572552643257,43.81641154072619],[-79.13729993199385,43.8117105198431],[-79.1321933951194,43.80839699947425],[-79.12551235235011,43.809783922834896],[-79.12393678848537,43.81448469878893],[-79.12904342558801,43.81779879635674]]]},"properties":{"cell_id":"882b9b9947fffff","hex_id":"882b9b9947fffff","lat":43.813098,"lng":-79.130619,"resolution":8,"neighbourhood":"Rouge"}},{"type":"Feature","geometry":{"type":"Polygon","coordinates":[[[-79.1561673921722,43.755314830111345],[-79.16283942876858,43.753927001324215],[-79.16440886262082,43.74922872676834],[-79.1593074156262,43.74591852512373],[-79.15263643350242,43.747306021415774],[-79.15106584400537,43.75200405180217],[-79.1561673921722,43.755314830111345]]]},"properties":{"cell_id":"882b9bd6d3fffff","hex_id":"882b9bd6d3fffff","lat":43.750617,"lng":-79.157738,"resolution":8,"neighbourhood":"East Scarborough"}},{"type":"Feature","geometry":{"type":"Polygon","coordinates":[[[-79.27731872019793,43.708181898127016],[-79.28397979730912,43.706787825943714],[-79.28553504473136,43.70209037060781],[-79.28043037068068,43.698787228896315],[-79.27377034271078,43.70018096652017],[-79.27221393975383,43.70487818036947],[-79.27731872019793,43.708181898127016]]]},"properties":{"cell_id":"882b9bd4a3fffff","hex_id":"882b9bd4a3fffff","lat":43.703484,"lng":-79.278875,"resolution":8,"neighbourhood":"Central Toronto"}},{"type":"Feature","geometry":{"type":"Polygon","coordinates":[[[-79.49027973892318,43.7202663274471],[-79.49693533745294,43.718859770114165],[-79.49846888228612,43.71415909557286],[-79.49334798878394,43.71086521536418],[-79.4866934343532,43.712271434089715],[-79.48515872942775,43.716971871585365],[-79.49027973892318,43.7202663274471]]]},"properties":{"cell_id":"882b9bc0e1fffff","hex_id":"882b9bc0e1fffff","lat":43.715566,"lng":-79.491814,"resolution":8,"neighbourhood":"Weston"}},{"type":"Feature","geometry":{"type":"Polygon","coordinates":[[[-79.50261523940678,43.796471453255094],[-79.50928155406862,43.79506292895444],[-79.5108163804364,43.79035832165682],[-79.50568605645067,43.787062475622264],[-79.49902078905828,43.78847066072502],[-79.49748479848472,43.79317503101417],[-79.50261523940678,43.796471453255094]]]},"properties":{"cell_id":"882b9bc311fffff","hex_id":"882b9bc311fffff","lat":43.791767,"lng":-79.504151,"resolution":8,"neighbourhood":"Etobicoke North"}},{"type":"Feature","geometry":{"type":"Polygon","coordinates":[[[-79.50609244484195,43.63380300210275],[-79.51273489580267,43.63239696370669],[-79.5142638977023,43.627700408024246],[-79.50915160473372,43.62441012715175],[-79.50251019350426,43.62581582705419],[-79.50098003561362,43.63051214627688],[-79.50609244484195,43.63380300210275]]]},"properties":{"cell_id":"882b9bce13fffff","hex_id":"882b9bce13fffff","lat":43.629106,"lng":-79.507622,"resolution":8,"neighbourhood":"Etobicoke South"}},{"type":"Feature","geometry":{"type":"Polygon","coordinates":[[[-79.43349259190487,43.666631544801724],[-79.44014230850712,43.66522914381904],[-79.44167994432928,43.660531831645805],[-79.43656901997606,43.65723715849239],[-79.42992034651574,43.658639222182025],[-79.42838155436891,43.663336296272355],[-79.43349259190487,43.666631544801724]]]},"properties":{"cell_id":"882b9bc541fffff","hex_id":"882b9bc541fffff","lat":43.661934,"lng":-79.435031,"resolution":8,"neighbourhood":"Central Toronto"}},{"type":"Feature","geometry":{"type":"Polygon","coordinates":[[[-79.5286091297466,43.65965144412408],[-79.5352545717954,43.65824368137079],[-79.53678210283445,43.6535455628502],[-79.53166534963862,43.6502554430983],[-79.52502094790493,43.651662866815656],[-79.52349225915346,43.65636074927491],[-79.5286091297466,43.65965144412408]]]},"properties":{"cell_id":"882b9bce01fffff","hex_id":"882b9bce01fffff","lat":43.654953,"lng":-79.530137,"resolution":8,"neighbourhood":"Etobicoke South"}},{"type":"Feature","geometry":{"type":"Polygon","coordinates":[[[-79.4110252716404,43.64076196749901],[-79.41767198396454,43.63936128610329],[-79.41921107814477,43.634665539081006],[-79.41410461470389,43.631370711887335],[-79.40745894492933,43.63277105653189],[-79.40591869614825,43.637466565075606],[-79.4110252716404,43.64076196749901]]]},"properties":{"cell_id":"882b9bc553fffff","hex_id":"882b9bc553fffff","lat":43.636066,"lng":-79.412565,"resolution":8,"neighbourhood":"South Toronto"}},{"type":"Feature","geometry":{"type":"Polygon","coordinates":[[[-79.54981182706564,43.80401401337144],[-79.5564776188984,43.80260263922105],[-79.55800778531255,43.79789708632482],[-79.55287332545375,43.794603143566974],[-79.54620857998205,43.79601417760164],[-79.54467724811039,43.80071949446367],[-79.54981182706564,43.80401401337144]]]},"properties":{"cell_id":"882b9bc323fffff","hex_id":"882b9bc323fffff","lat":43.799308,"lng":-79.551343,"resolution":8,"neighbourhood":"Etobicoke North"}},{"type":"Feature","geometry":{"type":"Polygon","coordinates":[[[-79.23026035339723,43.70053340207819],[-79.23692189646606,43.69914217107734],[-79.23848176412497,43.69444568313377],[-79.23338124308475,43.69114066859589],[-79.22672075003227,43.69253156595801],[-79.22515972810751,43.697227811451334],[-79.23026035339723,43.70053340207819]]]},"properties":{"cell_id":"882b9bd491fffff","hex_id":"882b9bd491fffff","lat":43.695837,"lng":-79.231821,"resolution":8,"neighbourhood":"East Scarborough"}},{"type":"Feature","geometry":{"type":"Polygon","coordinates":[[[-79.17854891817377,43.781266364283645],[-79.18522400707035,43.77987682463261],[-79.18679201020728,43.77517698273581],[-79.18168608193827,43.77186692422413],[-79.17501204813334,43.77325613083788],[-79.17344288761058,43.77795572895516],[-79.17854891817377,43.781266364283645]]]},"properties":{"cell_id":"882b9bd6c1fffff","hex_id":"882b9bd6c1fffff","lat":43.776567,"lng":-79.180118,"resolution":8,"neighbourhood":"East Scarborough"}},{"type":"Feature","geometry":{"type":"Polygon","coordinates":[[[-79.19863547269964,43.85146334789595],[-79.20532018474036,43.85007152107746],[-79.2068885159653,43.84536795894715],[-79.20177329659484,43.84205646716111],[-79.19508964237811,43.84344796023911],[-79.19352014981295,43.84815127879806],[-79.19863547269964,43.85146334789595]]]},"properties":{"cell_id":"882b986ca7fffff","hex_id":"882b986ca7fffff","lat":43.84676,"lng":-79.200205,"resolution":8,"neighbourhood":"East Scarborough"}},{"type":"Feature","geometry":{"type":"Polygon","coordinates":[[[-79.13729993199385,43.8117105198431],[-79.14398086390266,43.81032288271935],[-79.14555420125416,43.8056220576702],[-79.14044776495298,43.802309114436724],[-79.13376789062178,43.80369641916239],[-79.1321933951194,43.80839699947425],[-79.13729993199385,43.8117105198431]]]},"properties":{"cell_id":"882b9b990dfffff","hex_id":"882b9b990dfffff","lat":43.80701,"lng":-79.138874,"resolution":8,"neighbourhood":"East Scarborough"}},{"type":"Feature","geometry":{"type":"Polygon","coordinates":[[[-79.51125136024152,43.69395157857847],[-79.51790239865959,43.69254424717058],[-79.51943288115079,43.68784462820764],[-79.51431348446353,43.68455257713362],[-79.50766348838569,43.68595956966688],[-79.50613184675667,43.69065895210284],[-79.51125136024152,43.69395157857847]]]},"properties":{"cell_id":"882b9bc0a7fffff","hex_id":"882b9bc0a7fffff","lat":43.689252,"lng":-79.512783,"resolution":8,"neighbourhood":"Etobicoke"}},{"type":"Feature","geometry":{"type":"Polygon","coordinates":[[[-79.39039380116485,43.74132137127274],[-79.39705588985132,43.73992023122131],[-79.39860052350228,43.73521973087343],[-79.39348422789179,43.73192060974143],[-79.38682318690601,43.73332141295585],[-79.38527739393302,43.73802167409349],[-79.39039380116485,43.74132137127274]]]},"properties":{"cell_id":"882b9bc2d7fffff","hex_id":"882b9bc2d7fffff","lat":43.736621,"lng":-79.391939,"resolution":8,"neighbourhood":"Lawrence Park"}},{"type":"Feature","geometry":{"type":"Polygon","coordinates":[[[-79.3024239613221,43.83855854368272],[-79.30910327768028,43.837160910747386],[-79.31066036721202,43.83245668475424],[-79.3055393031281,43.82915033300138],[-79.29886104127253,43.830547630298526],[-79.29730278910257,43.83525161494098],[-79.3024239613221,43.83855854368272]]]},"properties":{"cell_id":"882b9bd70dfffff","hex_id":"882b9bd70dfffff","lat":43.833854,"lng":-79.303982,"resolution":8,"neighbourhood":"North Toronto"}},{"type":"Feature","geometry":{"type":"Polygon","coordinates":[[[-79.22088993784311,43.72871673249283],[-79.22755591486529,43.72732558816064],[-79.22911771891232,43.72262781782086],[-79.22401470155884,43.7193214344999],[-79.2173497760961,43.720712245239234],[-79.2157868165315,43.725409772846945],[-79.22088993784311,43.72871673249283]]]},"properties":{"cell_id":"882b9bd4ddfffff","hex_id":"882b9bd4ddfffff","lat":43.724019,"lng":-79.222452,"resolution":8,"neighbourhood":"Cliffside"}},{"type":"Feature","geometry":{"type":"Polygon","coordinates":[[[-79.45447291119191,43.640341921546465],[-79.46111808093234,43.63893874557709],[-79.46265265579706,43.63424248945023],[-79.45754321640118,43.63094964681136],[-79.45089908804974,43.63235248521951],[-79.44936335780706,43.637048503782],[-79.45447291119191,43.640341921546465]]]},"properties":{"cell_id":"882b9bc507fffff","hex_id":"882b9bc507fffff","lat":43.635646,"lng":-79.456008,"resolution":8,"neighbourhood":"South Toronto"}},{"type":"Feature","geometry":{"type":"Polygon","coordinates":[[[-79.40997174077341,43.66284325321629],[-79.41662170677719,43.66144226962253],[-79.41816165493627,43.65674543385676],[-79.41305279289345,43.65344982020511],[-79.40640387047652,43.65485046696358],[-79.40486276661787,43.65954706416327],[-79.40997174077341,43.66284325321629]]]},"properties":{"cell_id":"882b9bc737fffff","hex_id":"882b9bc737fffff","lat":43.658146,"lng":-79.411512,"resolution":8,"neighbourhood":"Central Toronto"}},{"type":"Feature","geometry":{"type":"Polygon","coordinates":[[[-79.51943288115079,43.68784462820764],[-79.52608274780489,43.686436926561456],[-79.52761217582531,43.681737512885576],[-79.52249289627026,43.67844603714675],[-79.51584407146089,43.679853399794546],[-79.51431348446353,43.68455257713362],[-79.51943288115079,43.68784462820764]]]},"properties":{"cell_id":"882b9bce4dfffff","hex_id":"882b9bce4dfffff","lat":43.683145,"lng":-79.520963,"resolution":8,"neighbourhood":"Etobicoke"}},{"type":"Feature","geometry":{"type":"Polygon","coordinates":[[[-79.49339514101628,43.82470352860425],[-79.50006590708023,43.823295073076],[-79.50160264501316,43.818589180263665],[-79.49646978246523,43.81529198021901],[-79.489800065215,43.816700096588676],[-79.48826216180177,43.82140575211549],[-79.49339514101628,43.82470352860425]]]},"properties":{"cell_id":"882b9bc35dfffff","hex_id":"882b9bc35dfffff","lat":43.819998,"lng":-79.494933,"resolution":8,"neighbourhood":"NW Toronto"}},{"type":"Feature","geometry":{"type":"Polygon","coordinates":[[[-79.61435997465796,43.777182376339574],[-79.62101960714301,43.77576772157703],[-79.62254215413995,43.771062722354465],[-79.61740623401576,43.76777261244122],[-79.6107476449397,43.76918692601119],[-79.6092239326805,43.77389169064071],[-79.61435997465796,43.777182376339574]]]},"properties":{"cell_id":"882b9bc12dfffff","hex_id":"882b9bc12dfffff","lat":43.772477,"lng":-79.615883,"resolution":8,"neighbourhood":"NW Toronto"}},{"type":"Feature","geometry":{"type":"Polygon","coordinates":[[[-79.25039045854625,43.77066161957133],[-79.2570615811666,43.769268093447586],[-79.25862175834554,43.76456787421446],[-79.25351197120985,43.76126142329956],[-79.24684190131552,43.76265461508036],[-79.24528056593505,43.76735459207345],[-79.25039045854625,43.77066161957133]]]},"properties":{"cell_id":"882b9bd457fffff","hex_id":"882b9bd457fffff","lat":43.765961,"lng":-79.251951,"resolution":8,"neighbourhood":"Scarborough"}},{"type":"Feature","geometry":{"type":"Polygon","coordinates":[[[-79.19973173595231,43.75498976326845],[-79.20640226677939,43.753599419468514],[-79.20796716750986,43.74890061187862],[-79.20286269396941,43.745592391298636],[-79.19619321646628,43.74698240178292],[-79.19462715928411,43.75168096611742],[-79.19973173595231,43.75498976326845]]]},"properties":{"cell_id":"882b9bd687fffff","hex_id":"882b9bd687fffff","lat":43.750291,"lng":-79.201297,"resolution":8,"neighbourhood":"Scarborough"}},{"type":"Feature","geometry":{"type":"Polygon","coordinates":[[[-79.6252045336373,43.80117195986201],[-79.63186729796857,43.79975628088917],[-79.63338951699893,43.795049961842906],[-79.62825013848729,43.79175955615599],[-79.6215884183747,43.79317489361994],[-79.62006503265678,43.79788097823338],[-79.6252045336373,43.80117195986201]]]},"properties":{"cell_id":"882b9bd8b7fffff","hex_id":"882b9bd8b7fffff","lat":43.796466,"lng":-79.626727,"resolution":8,"neighbourhood":"NW Toronto"}},{"type":"Feature","geometry":{"type":"Polygon","coordinates":[[[-79.51901528521579,43.784245020392916],[-79.52567924631317,43.78283575042503],[-79.52721195432383,43.77813155005537],[-79.52208186522154,43.77483685623427],[-79.51541895039614,43.776245786755425],[-79.5138850785034,43.78094975049831],[-79.51901528521579,43.784245020392916]]]},"properties":{"cell_id":"882b9bc06dfffff","hex_id":"882b9bc06dfffff","lat":43.779541,"lng":-79.520549,"resolution":8,"neighbourhood":"Etobicoke North"}},{"type":"Feature","geometry":{"type":"Polygon","coordinates":[[[-79.39860052350228,43.73521973087343],[-79.40526144086401,43.73381821681605],[-79.40680501530812,43.72911791863466],[-79.40168883165704,43.725819373484384],[-79.39502896149953,43.72722055057956],[-79.39348422789179,43.73192060974143],[-79.39860052350228,43.73521973087343]]]},"properties":{"cell_id":"882b9bc29dfffff","hex_id":"882b9bc29dfffff","lat":43.730519,"lng":-79.400145,"resolution":8,"neighbourhood":"Lawrence Park"}},{"type":"Feature","geometry":{"type":"Polygon","coordinates":[[[-79.29418531505877,43.84466022246535],[-79.30086580575002,43.84326296819319],[-79.3024239613221,43.83855854368272],[-79.29730278910257,43.83525161494098],[-79.29062335341331,43.836648533701734],[-79.28906403504598,43.841352716669896],[-79.29418531505877,43.84466022246535]]]},"properties":{"cell_id":"882b9bd747fffff","hex_id":"882b9bd747fffff","lat":43.839956,"lng":-79.295744,"resolution":8,"neighbourhood":"North Toronto"}},{"type":"Feature","geometry":{"type":"Polygon","coordinates":[[[-79.34576084783178,43.763823129504786],[-79.3524277447126,43.76242420062139],[-79.35397777970182,43.75772313421193],[-79.34886207755156,43.754421236855954],[-79.34219623058108,43.75581982963453],[-79.340645035954,43.76052065582817],[-79.34576084783178,43.763823129504786]]]},"properties":{"cell_id":"882b9bd517fffff","hex_id":"882b9bd517fffff","lat":43.759122,"lng":-79.347312,"resolution":8,"neighbourhood":"Don Mills"}},{"type":"Feature","geometry":{"type":"Polygon","coordinates":[[[-79.40256834905516,43.81755584557976],[-79.40924118017934,43.81615275807336],[-79.41078713236642,43.811448330310434],[-79.40566141696735,43.80814722918774],[-79.39898963673429,43.80954997927145],[-79.3974425211126,43.81425416785463],[-79.40256834905516,43.81755584557976]]]},"properties":{"cell_id":"882b9bd0b7fffff","hex_id":"882b9bd0b7fffff","lat":43.812851,"lng":-79.404115,"resolution":8,"neighbourhood":"Willowdale"}},{"type":"Feature","geometry":{"type":"Polygon","coordinates":[[[-79.20320149529505,43.68869979932854],[-79.20986221728917,43.687310321923476],[-79.21142448568823,43.6826147613123],[-79.2063271853559,43.67930892104209],[-79.19966751353702,43.68069806537272],[-79.19810409197915,43.68539338300264],[-79.20320149529505,43.68869979932854]]]},"properties":{"cell_id":"882b9b8949fffff","hex_id":"882b9b8949fffff","lat":43.684004,"lng":-79.204765,"resolution":8,"neighbourhood":"East Scarborough"}},{"type":"Feature","geometry":{"type":"Polygon","coordinates":[[[-79.25862175834554,43.76456787421446],[-79.26529171150023,43.763173970365905],[-79.26685082518586,43.75847395011772],[-79.26174114386728,43.75516807572136],[-79.25507224294188,43.75656164510022],[-79.25351197120985,43.76126142329956],[-79.25862175834554,43.76456787421446]]]},"properties":{"cell_id":"882b9bd41dfffff","hex_id":"882b9bd41dfffff","lat":43.759868,"lng":-79.260182,"resolution":8,"neighbourhood":"Scarborough"}},{"type":"Feature","geometry":{"type":"Polygon","coordinates":[[[-79.60617555996612,43.78330186540111],[-79.6128363710649,43.781887581088455],[-79.61435997465796,43.777182376339574],[-79.6092239326805,43.77389169064071],[-79.60256416548957,43.77530563388418],[-79.60103939646999,43.78001060384944],[-79.60617555996612,43.78330186540111]]]},"properties":{"cell_id":"882b9bc167fffff","hex_id":"882b9bc167fffff","lat":43.778597,"lng":-79.6077,"resolution":8,"neighbourhood":"NW Toronto"}},{"type":"Feature","geometry":{"type":"Polygon","coordinates":[[[-79.2068885159653,43.84536795894715],[-79.2135720556412,43.84397575125993],[-79.2151393185168,43.8392723857005],[-79.21002420300704,43.835961471162214],[-79.20334172065596,43.83735334498119],[-79.20177329659484,43.84205646716111],[-79.2068885159653,43.84536795894715]]]},"properties":{"cell_id":"882b9bd64dfffff","hex_id":"882b9bd64dfffff","lat":43.840665,"lng":-79.208457,"resolution":8,"neighbourhood":"East Scarborough"}},{"type":"Feature","geometry":{"type":"Polygon","coordinates":[[[-79.50564712768039,43.73014895351416],[-79.5123036416086,43.728741347057394],[-79.513835921586,43.72403999460281],[-79.50871284861445,43.72074648530977],[-79.50205737883127,43.72215375282531],[-79.50052393797671,43.72685486852912],[-79.50564712768039,43.73014895351416]]]},"properties":{"cell_id":"882b9bc033fffff","hex_id":"882b9bc033fffff","lat":43.725448,"lng":-79.50718,"resolution":8,"neighbourhood":"Black Creek"}},{"type":"Feature","geometry":{"type":"Polygon","coordinates":[[[-79.45439777507542,43.811025714054075],[-79.46106787650166,43.809619736728706],[-79.46260821290652,43.80491499641741],[-79.4574796120492,43.80161647145355],[-79.45081055984136,43.80302211041504],[-79.44926905937545,43.80772661265824],[-79.45439777507542,43.811025714054075]]]},"properties":{"cell_id":"882b9bc263fffff","hex_id":"882b9bc263fffff","lat":43.806321,"lng":-79.455939,"resolution":8,"neighbourhood":"North Toronto"}},{"type":"Feature","geometry":{"type":"Polygon","coordinates":[[[-79.63279589290377,43.62440323848757],[-79.63943260928437,43.62299007203021],[-79.64094815280262,43.61829246595248],[-79.63582813785297,43.61500826005033],[-79.62919245742361,43.61642108570091],[-79.62767575609315,43.62111845801432],[-79.63279589290377,43.62440323848757]]]},"properties":{"cell_id":"882b9bcd53fffff","hex_id":"882b9bcd53fffff","lat":43.619706,"lng":-79.634312,"resolution":8,"neighbourhood":"Etobicoke"}},{"type":"Feature","geometry":{"type":"Polygon","coordinates":[[[-79.47338022911738,43.828926719925825],[-79.48005230189659,43.827519352108546],[-79.48159126684726,43.82281349437382],[-79.4764593244491,43.81951524213054],[-79.46978830120983,43.82092227114409],[-79.46824817093179,43.82562789115858],[-79.47338022911738,43.828926719925825]]]},"properties":{"cell_id":"882b9bd1b3fffff","hex_id":"882b9bd1b3fffff","lat":43.824221,"lng":-79.47492,"resolution":8,"neighbourhood":"North Toronto"}},{"type":"Feature","geometry":{"type":"Polygon","coordinates":[[[-79.32465965459595,43.79012823722833],[-79.3313311180885,43.78873010105726],[-79.33288424180454,43.7840279928549],[-79.3277670627157,43.78072426151589],[-79.32109665090141,43.78212206185587],[-79.31954236660148,43.786823929320185],[-79.32465965459595,43.79012823722833]]]},"properties":{"cell_id":"882b9bd551fffff","hex_id":"882b9bd551fffff","lat":43.785426,"lng":-79.326214,"resolution":8,"neighbourhood":"North Toronto"}},{"type":"Feature","geometry":{"type":"Polygon","coordinates":[[[-79.19387139332323,43.79119754761479],[-79.20054742397762,43.789806961804565],[-79.20211417700641,43.785106435528704],[-79.19700605766585,43.78179673850594],[-79.19033108216364,43.78318699094379],[-79.18876317095449,43.787887273731315],[-79.19387139332323,43.79119754761479]]]},"properties":{"cell_id":"882b9bd613fffff","hex_id":"882b9bd613fffff","lat":43.786497,"lng":-79.195439,"resolution":8,"neighbourhood":"East Scarborough"}},{"type":"Feature","geometry":{"type":"Polygon","coordinates":[[[-79.46260821290652,43.80491499641741],[-79.46927713788666,43.80350864469645],[-79.47081641318722,43.79880410654656],[-79.46568792751088,43.79550615794864],[-79.45902005125009,43.79691217118068],[-79.4574796120492,43.80161647145355],[-79.46260821290652,43.80491499641741]]]},"properties":{"cell_id":"882b9bc229fffff","hex_id":"882b9bc229fffff","lat":43.80021,"lng":-79.464148,"resolution":8,"neighbourhood":"North Toronto"}},{"type":"Feature","geometry":{"type":"Polygon","coordinates":[[[-79.32412485291198,43.64155272352928],[-79.33077462781763,43.64015703519361],[-79.3323227563847,43.63546231709867],[-79.32722226318332,43.63216352759863],[-79.32057353313802,43.633558880806724],[-79.31902425153656,43.63825335859693],[-79.32412485291198,43.64155272352928]]]},"properties":{"cell_id":"882b9bc459fffff","hex_id":"882b9bc459fffff","lat":43.636858,"lng":-79.325674,"resolution":8,"neighbourhood":"South Toronto"}},{"type":"Feature","geometry":{"type":"Polygon","coordinates":[[[-79.30661847111031,43.67581691590293],[-79.31327383409447,43.67442167844025],[-79.31482494068861,43.66972546924183],[-79.3097218388437,43.66642473823524],[-79.30306752274807,43.66781964073882],[-79.30151526171194,43.6725156091626],[-79.30661847111031,43.67581691590293]]]},"properties":{"cell_id":"882b9bc601fffff","hex_id":"882b9bc601fffff","lat":43.671121,"lng":-79.30817,"resolution":8,"neighbourhood":"Leslieville"}},{"type":"Feature","geometry":{"type":"Polygon","coordinates":[[[-79.59006810793333,43.699130148786175],[-79.59671718543127,43.69771819195448],[-79.59823965307412,43.69301736535231],[-79.59311420415776,43.68972873041649],[-79.58646616714721,43.69114034687962],[-79.5849425386669,43.69584093860102],[-79.59006810793333,43.699130148786175]]]},"properties":{"cell_id":"882b9bcf49fffff","hex_id":"882b9bcf49fffff","lat":43.694429,"lng":-79.591591,"resolution":8,"neighbourhood":"Etobicoke"}},{"type":"Feature","geometry":{"type":"Polygon","coordinates":[[[-79.58549659797048,43.713233895273234],[-79.59214789073299,43.711821967102715],[-79.5936713043565,43.7071204928882],[-79.58854458679168,43.70383118181604],[-79.58189433528196,43.70524276963604],[-79.58036976018566,43.709944008832565],[-79.58549659797048,43.713233895273234]]]},"properties":{"cell_id":"882b9bc1a1fffff","hex_id":"882b9bc1a1fffff","lat":43.708532,"lng":-79.587021,"resolution":8,"neighbourhood":"Etobicoke"}},{"type":"Feature","geometry":{"type":"Polygon","coordinates":[[[-79.29152463364483,43.74019111131672],[-79.29818991007724,43.73879569985572],[-79.29974477434135,43.734096478187766],[-79.294635519701,43.7307929092199],[-79.28797129351246,43.732187985705416],[-79.28641527182405,43.73688696608868],[-79.29152463364483,43.74019111131672]]]},"properties":{"cell_id":"882b9bd5d9fffff","hex_id":"882b9bd5d9fffff","lat":43.735492,"lng":-79.29308,"resolution":8,"neighbourhood":"Wexford"}},{"type":"Feature","geometry":{"type":"Polygon","coordinates":[[[-79.2658968466659,43.85495015828814],[-79.27257980454723,43.85355437711578],[-79.27414125668288,43.84884979829165],[-79.26902091383069,43.84554124276243],[-79.26233901217202,43.846936688908734],[-79.26077639724751,43.85164102556462],[-79.2658968466659,43.85495015828814]]]},"properties":{"cell_id":"882b986db5fffff","hex_id":"882b986db5fffff","lat":43.850246,"lng":-79.267459,"resolution":8,"neighbourhood":"North Toronto"}},{"type":"Feature","geometry":{"type":"Polygon","coordinates":[[[-79.57829332814076,43.69725218617559],[-79.5849425386669,43.69584093860102],[-79.58646616714721,43.69114034687962],[-79.58134174573071,43.687851237810385],[-79.57469357591901,43.68926214524462],[-79.57316878691073,43.693962501842336],[-79.57829332814076,43.69725218617559]]]},"properties":{"cell_id":"882b9bc1b5fffff","hex_id":"882b9bc1b5fffff","lat":43.692552,"lng":-79.579818,"resolution":8,"neighbourhood":"Etobicoke"}},{"type":"Feature","geometry":{"type":"Polygon","coordinates":[[[-79.29951781327568,43.659822915375784],[-79.30617108275709,43.65842834772731],[-79.30772238192422,43.65373302325722],[-79.30262156521358,43.65043250726566],[-79.29596934207221,43.651826740162925],[-79.29441688940449,43.65652182375746],[-79.29951781327568,43.659822915375784]]]},"properties":{"cell_id":"882b9bc615fffff","hex_id":"882b9bc615fffff","lat":43.655128,"lng":-79.30107,"resolution":8,"neighbourhood":"Central Toronto"}},{"type":"Feature","geometry":{"type":"Polygon","coordinates":[[[-79.31973580881915,43.72990802876609],[-79.32639862794379,43.7285111545868],[-79.32795021279767,43.72381209312985],[-79.32284013605906,43.72051014646797],[-79.31617836596587,43.72190668518956],[-79.31462562368327,43.72660550598512],[-79.31973580881915,43.72990802876609]]]},"properties":{"cell_id":"882b9bd58bfffff","hex_id":"882b9bd58bfffff","lat":43.725209,"lng":-79.321288,"resolution":8,"neighbourhood":"North York"}},{"type":"Feature","geometry":{"type":"Polygon","coordinates":[[[-79.3871930559015,43.80765044129794],[-79.39386496018209,43.80624840427767],[-79.39541217610248,43.80154465579551],[-79.39028865048878,43.79824318376203],[-79.38361779704827,43.79964488369461],[-79.38206941848489,43.804348392702494],[-79.3871930559015,43.80765044129794]]]},"properties":{"cell_id":"882b9bd565fffff","hex_id":"882b9bd565fffff","lat":43.802947,"lng":-79.388741,"resolution":8,"neighbourhood":"North Toronto"}},{"type":"Feature","geometry":{"type":"Polygon","coordinates":[[[-79.12790152569305,43.765560913642425],[-79.13457600617502,43.764174556949456],[-79.13614872679118,43.759476132829825],[-79.13104812265871,43.75616431015078],[-79.1243746978579,43.75755033483548],[-79.12280082161338,43.762248514162195],[-79.12790152569305,43.765560913642425]]]},"properties":{"cell_id":"882b9b99e1fffff","hex_id":"882b9b99e1fffff","lat":43.760863,"lng":-79.129475,"resolution":8,"neighbourhood":"East Scarborough"}},{"type":"Feature","geometry":{"type":"Polygon","coordinates":[[[-79.60544916816559,43.708997031959235],[-79.61209915256299,43.707584025145124],[-79.61362035077562,43.70288252270263],[-79.60849272631124,43.69959426161289],[-79.6018437824426,43.70100692772509],[-79.60032142261079,43.705708195582815],[-79.60544916816559,43.708997031959235]]]},"properties":{"cell_id":"882b9bca9bfffff","hex_id":"882b9bca9bfffff","lat":43.704296,"lng":-79.606971,"resolution":8,"neighbourhood":"Etobicoke"}},{"type":"Feature","geometry":{"type":"Polygon","coordinates":[[[-79.30772238192422,43.65373302325722],[-79.3143744864326,43.652338081719186],[-79.31592472828075,43.64764295911188],[-79.3108240190688,43.64434301868234],[-79.30417296040706,43.645737625343585],[-79.30262156521358,43.65043250726566],[-79.30772238192422,43.65373302325722]]]},"properties":{"cell_id":"882b9bc63bfffff","hex_id":"882b9bc63bfffff","lat":43.649038,"lng":-79.309273,"resolution":8,"neighbourhood":"South Toronto"}},{"type":"Feature","geometry":{"type":"Polygon","coordinates":[[[-79.51024523304336,43.71604557396541],[-79.5168995298298,43.714637935307735],[-79.51843085828884,43.70993722858468],[-79.51330905030673,43.70664439708604],[-79.50665579689779,43.70805169678332],[-79.50512330819544,43.71275216689367],[-79.51024523304336,43.71604557396541]]]},"properties":{"cell_id":"882b9bc1dbfffff","hex_id":"882b9bc1dbfffff","lat":43.711345,"lng":-79.511777,"resolution":8,"neighbourhood":"Weston"}},{"type":"Feature","geometry":{"type":"Polygon","coordinates":[[[-79.59296645781706,43.632874722698645],[-79.59960578403562,43.631463703646816],[-79.60112574227315,43.62676614929389],[-79.59600753191557,43.62347984857492],[-79.58936924308952,43.62489052751975],[-79.58784812732935,43.62958784724455],[-79.59296645781706,43.632874722698645]]]},"properties":{"cell_id":"882b9bcc6bfffff","hex_id":"882b9bcc6bfffff","lat":43.628177,"lng":-79.594487,"resolution":8,"neighbourhood":"Etobicoke"}},{"type":"Feature","geometry":{"type":"Polygon","coordinates":[[[-79.35678286456732,43.86220830653612],[-79.36346380559512,43.86080714318612],[-79.36501604325294,43.85610107511794],[-79.3598885048522,43.85279641063069],[-79.35320861798972,43.85419723720935],[-79.3516552154667,43.858903065000696],[-79.35678286456732,43.86220830653612]]]},"properties":{"cell_id":"882b9bd0cbfffff","hex_id":"882b9bd0cbfffff","lat":43.857502,"lng":-79.358336,"resolution":8,"neighbourhood":"North Toronto"}},{"type":"Feature","geometry":{"type":"Polygon","coordinates":[[[-79.37647102971506,43.783635399398015],[-79.38313978230036,43.7822343733271],[-79.38468729805669,43.77753194589338],[-79.37956722254955,43.77423078411344],[-79.3728995199795,43.77563147341032],[-79.37135084300469,43.78033366121532],[-79.37647102971506,43.783635399398015]]]},"properties":{"cell_id":"882b9bd52bfffff","hex_id":"882b9bd52bfffff","lat":43.778933,"lng":-79.378019,"resolution":8,"neighbourhood":"North York"}},{"type":"Feature","geometry":{"type":"Polygon","coordinates":[[[-79.25522708207663,43.83091138452044],[-79.261906872125,43.829516608113586],[-79.26346861029452,43.82481334897785],[-79.25835171988098,43.82150510852349],[-79.25167298522038,43.822899550216896],[-79.25011008569012,43.82760256703247],[-79.25522708207663,43.83091138452044]]]},"properties":{"cell_id":"882b9bd75bfffff","hex_id":"882b9bd75bfffff","lat":43.826208,"lng":-79.25679,"resolution":8,"neighbourhood":"North Toronto"}},{"type":"Feature","geometry":{"type":"Polygon","coordinates":[[[-79.14910671008634,43.73929776324507],[-79.15577663801632,43.73791059934456],[-79.15734625322999,43.733213207778554],[-79.15224709531755,43.7299032243362],[-79.14557822130264,43.731290055948726],[-79.14400745138978,43.735987203246296],[-79.14910671008634,43.73929776324507]]]},"properties":{"cell_id":"882b9b99a7fffff","hex_id":"882b9b99a7fffff","lat":43.7346,"lng":-79.150677,"resolution":8,"neighbourhood":"East Scarborough"}},{"type":"Feature","geometry":{"type":"Polygon","coordinates":[[[-79.3304155987616,43.75391534208289],[-79.33708156663127,43.75251746090525],[-79.33863285907749,43.7478170757105],[-79.33351934260537,43.74451481215651],[-79.32685442459255,43.7459123575638],[-79.3253019732985,43.75061250224974],[-79.3304155987616,43.75391534208289]]]},"properties":{"cell_id":"882b9bd5c5fffff","hex_id":"882b9bd5c5fffff","lat":43.749215,"lng":-79.331968,"resolution":8,"neighbourhood":"Don Mills"}},{"type":"Feature","geometry":{"type":"Polygon","coordinates":[[[-79.5662015064491,43.79177999119618],[-79.57286494169801,43.790367873019136],[-79.57439299105606,43.7856627285774],[-79.56925877039858,43.78236993791911],[-79.56259638051233,43.78378171573237],[-79.56106716602297,43.78848662452152],[-79.5662015064491,43.79177999119618]]]},"properties":{"cell_id":"882b9bc141fffff","hex_id":"882b9bc141fffff","lat":43.787075,"lng":-79.56773,"resolution":8,"neighbourhood":"Etobicoke North"}},{"type":"Feature","geometry":{"type":"Polygon","coordinates":[[[-79.63545646025355,43.65446592150969],[-79.64209745874459,43.65305209859672],[-79.64361372434234,43.64835295783776],[-79.63849015093662,43.64506787374028],[-79.63185018969205,43.64648135565337],[-79.6303327647074,43.65118026261767],[-79.63545646025355,43.65446592150969]]]},"properties":{"cell_id":"882b9bcf35fffff","hex_id":"882b9bcf35fffff","lat":43.649767,"lng":-79.636973,"resolution":8,"neighbourhood":"Etobicoke"}},{"type":"Feature","geometry":{"type":"Polygon","coordinates":[[[-79.61627286974817,43.73297059229873],[-79.62292597734499,43.731556562747485],[-79.62444684962658,43.72685373744143],[-79.61931577745072,43.723565176065776],[-79.6126637111893,43.72497886459939],[-79.61114167586966,43.72968145548008],[-79.61627286974817,43.73297059229873]]]},"properties":{"cell_id":"882b9bcad5fffff","hex_id":"882b9bcad5fffff","lat":43.728268,"lng":-79.617794,"resolution":8,"neighbourhood":"Etobicoke"}},{"type":"Feature","geometry":{"type":"Polygon","coordinates":[[[-79.54755695883352,43.67751221974518],[-79.55420435154761,43.67610306987646],[-79.55573051302619,43.67140383184407],[-79.55061044085693,43.668113979348654],[-79.54396408877145,43.66952278974354],[-79.54243676832807,43.674221792061665],[-79.54755695883352,43.67751221974518]]]},"properties":{"cell_id":"882b9bce61fffff","hex_id":"882b9bce61fffff","lat":43.672813,"lng":-79.549084,"resolution":8,"neighbourhood":"Etobicoke"}},{"type":"Feature","geometry":{"type":"Polygon","coordinates":[[[-79.36252226739131,43.82596674305165],[-79.36919769636879,43.82456583524467],[-79.3707481021211,43.81986148551966],[-79.36562424211881,43.81655828360395],[-79.35894986547827,43.81795885470093],[-79.35739829660687,43.822662964377784],[-79.36252226739131,43.82596674305165]]]},"properties":{"cell_id":"882b9bd091fffff","hex_id":"882b9bd091fffff","lat":43.821262,"lng":-79.364073,"resolution":8,"neighbourhood":"North Toronto"}},{"type":"Feature","geometry":{"type":"Polygon","coordinates":[[[-79.36294094196934,43.65525252700156],[-79.36959139958641,43.653854377869884],[-79.37113596866543,43.64915849781663],[-79.36603123467654,43.645861006380706],[-79.3593818215322,43.64725881959322],[-79.3578360980066,43.65195446011523],[-79.36294094196934,43.65525252700156]]]},"properties":{"cell_id":"882b9bc445fffff","hex_id":"882b9bc445fffff","lat":43.650557,"lng":-79.364486,"resolution":8,"neighbourhood":"St. Lawrence"}},{"type":"Feature","geometry":{"type":"Polygon","coordinates":[[[-79.43184754833048,43.78512198400468],[-79.43851462909545,43.78371773373043],[-79.44005643599029,43.77901455213179],[-79.4349323245442,43.775715859228605],[-79.42826629240143,43.77711977168332],[-79.4267233231855,43.78182271481484],[-79.43184754833048,43.78512198400468]]]},"properties":{"cell_id":"882b9bc215fffff","hex_id":"882b9bc215fffff","lat":43.780419,"lng":-79.43339,"resolution":8,"neighbourhood":"North Toronto"}},{"type":"Feature","geometry":{"type":"Polygon","coordinates":[[[-79.33069349910784,43.828261558991024],[-79.33737034644315,43.8268624559226],[-79.33892414262571,43.822158387033646],[-79.33380225421884,43.81885366189236],[-79.32712646016545,43.8202524288385],[-79.32557150134102,43.82495625700243],[-79.33069349910784,43.828261558991024]]]},"properties":{"cell_id":"882b9bd721fffff","hex_id":"882b9bd721fffff","lat":43.823558,"lng":-79.332248,"resolution":8,"neighbourhood":"North Toronto"}},{"type":"Feature","geometry":{"type":"Polygon","coordinates":[[[-79.15616065812587,43.82966533146706],[-79.16284359413046,43.82827631497878],[-79.16441559105475,43.82357436461333],[-79.15930581150283,43.82026167508735],[-79.15262393341861,43.821650358738346],[-79.15105077707115,43.82635206470716],[-79.15616065812587,43.82966533146706]]]},"properties":{"cell_id":"882b9b996dfffff","hex_id":"882b9b996dfffff","lat":43.824963,"lng":-79.157733,"resolution":8,"neighbourhood":"Rouge"}},{"type":"Feature","geometry":{"type":"Polygon","coordinates":[[[-79.58716131474311,43.76543176969756],[-79.59382017216944,43.7640188786849],[-79.59534515739132,43.759314789189425],[-79.59021244945518,43.75602382579416],[-79.583554635625,43.75743637617711],[-79.58202848623657,43.76214023053884],[-79.58716131474311,43.76543176969756]]]},"properties":{"cell_id":"882b9bc107fffff","hex_id":"882b9bc107fffff","lat":43.760728,"lng":-79.588687,"resolution":8,"neighbourhood":"NW Toronto"}},{"type":"Feature","geometry":{"type":"Polygon","coordinates":[[[-79.54260659158706,43.78801488175289],[-79.54927029096925,43.78660418772878],[-79.550800670278,43.78189951483591],[-79.54566851481391,43.77860577206086],[-79.5390058612497,43.7800161261796],[-79.5374743174338,43.784720562932606],[-79.54260659158706,43.78801488175289]]]},"properties":{"cell_id":"882b9bc337fffff","hex_id":"882b9bc337fffff","lat":43.78331,"lng":-79.544138,"resolution":8,"neighbourhood":"Etobicoke North"}},{"type":"Feature","geometry":{"type":"Polygon","coordinates":[[[-79.47338441835849,43.65821174059099],[-79.48003154473787,43.656807180833304],[-79.48156475838104,43.65210980281888],[-79.47645200237683,43.648817221735605],[-79.46980591770442,43.650221443494544],[-79.46827154743109,43.654918584289675],[-79.47338441835849,43.65821174059099]]]},"properties":{"cell_id":"882b9bc567fffff","hex_id":"882b9bc567fffff","lat":43.653514,"lng":-79.474918,"resolution":8,"neighbourhood":"Bloor West Village"}},{"type":"Feature","geometry":{"type":"Polygon","coordinates":[[[-79.56847527581412,43.65119948261423],[-79.57511811441955,43.64978956641824],[-79.5766412251632,43.64509138994612],[-79.57152265541123,43.64180336482112],[-79.56488085568094,43.64321294127859],[-79.56335658692863,43.64791088255356],[-79.56847527581412,43.65119948261423]]]},"properties":{"cell_id":"882b9bce27fffff","hex_id":"882b9bce27fffff","lat":43.646501,"lng":-79.569999,"resolution":8,"neighbourhood":"Etobicoke South"}},{"type":"Feature","geometry":{"type":"Polygon","coordinates":[[[-79.27022320432853,43.69218058428952],[-79.27688218343262,43.69078718112117],[-79.27843762139243,43.6860906096895],[-79.27333523494312,43.68278768296791],[-79.26667730442946,43.68418075178464],[-79.2651207118782,43.688877081629094],[-79.27022320432853,43.69218058428952]]]},"properties":{"cell_id":"882b9bd4b7fffff","hex_id":"882b9bd4b7fffff","lat":43.687484,"lng":-79.271779,"resolution":8,"neighbourhood":"Upper Beaches"}},{"type":"Feature","geometry":{"type":"Polygon","coordinates":[[[-79.21859304061755,43.772923666249525],[-79.22526556415981,43.77153194309368],[-79.22682912168143,43.766832010244],[-79.22172131348333,43.76352404341893],[-79.21504984360233,43.76491543282057],[-79.2134851283626,43.769615122756015],[-79.21859304061755,43.772923666249525]]]},"properties":{"cell_id":"882b9bd6e7fffff","hex_id":"882b9bd6e7fffff","lat":43.768224,"lng":-79.220157,"resolution":8,"neighbourhood":"Scarborough"}},{"type":"Feature","geometry":{"type":"Polygon","coordinates":[[[-79.14320802017986,43.775497394863535],[-79.14988344564054,43.77410999339274],[-79.15145491997272,43.76941088355785],[-79.14635212537233,43.76609941965109],[-79.13967775565565,43.76748648877866],[-79.1381051249003,43.77218535411085],[-79.14320802017986,43.775497394863535]]]},"properties":{"cell_id":"882b9b9933fffff","hex_id":"882b9b9933fffff","lat":43.770798,"lng":-79.14478,"resolution":8,"neighbourhood":"East Scarborough"}},{"type":"Feature","geometry":{"type":"Polygon","coordinates":[[[-79.46211545164662,43.73058978381281],[-79.46877352316754,43.7291846807226],[-79.47031034204257,43.72448383553185],[-79.46519024959936,43.721188331054485],[-79.45853322339505,43.722593096015075],[-79.45699524441976,43.72729370353674],[-79.46211545164662,43.73058978381281]]]},"properties":{"cell_id":"882b9bc0cdfffff","hex_id":"882b9bc0cdfffff","lat":43.725889,"lng":-79.463653,"resolution":8,"neighbourhood":"North York"}},{"type":"Feature","geometry":{"type":"Polygon","coordinates":[[[-79.48156475838104,43.65210980281888],[-79.48821071572691,43.650704872910836],[-79.48974287575405,43.64600770008799],[-79.4846302350076,43.642715694156685],[-79.47798531887452,43.64412028594208],[-79.47645200237683,43.648817221735605],[-79.48156475838104,43.65210980281888]]]},"properties":{"cell_id":"882b9bc52dfffff","hex_id":"882b9bc52dfffff","lat":43.647413,"lng":-79.483098,"resolution":8,"neighbourhood":"South Toronto"}},{"type":"Feature","geometry":{"type":"Polygon","coordinates":[[[-79.36078554243358,43.69942661448857],[-79.36744251748708,43.69802786747599],[-79.36898880612358,43.69332981375918],[-79.36387927645441,43.69003074671737],[-79.35722334795516,43.69142915764431],[-79.35567590267377,43.696126971653015],[-79.36078554243358,43.69942661448857]]]},"properties":{"cell_id":"882b9bc75dfffff","hex_id":"882b9bc75dfffff","lat":43.694729,"lng":-79.362333,"resolution":8,"neighbourhood":"Central Toronto"}},{"type":"Feature","geometry":{"type":"Polygon","coordinates":[[[-79.22682912168143,43.766832010244],[-79.23350047641172,43.765439908630746],[-79.23506296967494,43.76074017411919],[-79.2299552658759,43.75743278389835],[-79.22328496431027,43.75882455163033],[-79.22172131348333,43.76352404341893],[-79.22682912168143,43.766832010244]]]},"properties":{"cell_id":"882b9bd6adfffff","hex_id":"882b9bd6adfffff","lat":43.762132,"lng":-79.228392,"resolution":8,"neighbourhood":"Scarborough"}},{"type":"Feature","geometry":{"type":"Polygon","coordinates":[[[-79.57604762366283,43.83790045158921],[-79.58271747052333,43.836487002482365],[-79.58424604131278,43.8317794554989],[-79.57910593301803,43.82848559315403],[-79.57243713337684,43.82989870149449],[-79.5709073949134,43.83460601289995],[-79.57604762366283,43.83790045158921]]]},"properties":{"cell_id":"882b9bd8ddfffff","hex_id":"882b9bd8ddfffff","lat":43.833193,"lng":-79.577577,"resolution":8,"neighbourhood":"NW Toronto"}},{"type":"Feature","geometry":{"type":"Polygon","coordinates":[[[-79.1361092861656,43.83383018907392],[-79.14279350400251,43.83244226859265],[-79.14436772916616,43.82774036693809],[-79.13925889585221,43.824426630549354],[-79.13257573665179,43.82581421855341],[-79.13100035223425,43.83051587537801],[-79.1361092861656,43.83383018907392]]]},"properties":{"cell_id":"882b986c93fffff","hex_id":"882b986c93fffff","lat":43.829128,"lng":-79.137684,"resolution":8,"neighbourhood":"Rouge"}},{"type":"Feature","geometry":{"type":"Polygon","coordinates":[[[-79.44883005666775,43.676516558268446],[-79.45548069086053,43.67511311092612],[-79.45701706807435,43.67041511890461],[-79.45190396830553,43.667120811969205],[-79.44525437730313,43.66852392168518],[-79.44371684298129,43.6732216759171],[-79.44883005666775,43.676516558268446]]]},"properties":{"cell_id":"882b9bc093fffff","hex_id":"882b9bc093fffff","lat":43.671819,"lng":-79.450367,"resolution":8,"neighbourhood":"Central Toronto"}},{"type":"Feature","geometry":{"type":"Polygon","coordinates":[[[-79.39753877278815,43.7573229235722],[-79.40420295769754,43.75592110953331],[-79.40574739090644,43.751219727184406],[-79.40062879957785,43.7479203979359],[-79.39396566291686,43.74932187492881],[-79.39242006943911,43.75402301817038],[-79.39753877278815,43.7573229235722]]]},"properties":{"cell_id":"882b9bc2c3fffff","hex_id":"882b9bc2c3fffff","lat":43.752622,"lng":-79.399084,"resolution":8,"neighbourhood":"York Mills"}},{"type":"Feature","geometry":{"type":"Polygon","coordinates":[[[-79.51960162261007,43.85861054133378],[-79.52627645625594,43.857200013905334],[-79.52781160708909,43.85249212648328],[-79.52267309207988,43.84919500327452],[-79.51599930811327,43.85060519089386],[-79.51446298957946,43.85531284148486],[-79.51960162261007,43.85861054133378]]]},"properties":{"cell_id":"882b9bda99fffff","hex_id":"882b9bda99fffff","lat":43.853903,"lng":-79.521138,"resolution":8,"neighbourhood":"NW Toronto"}},{"type":"Feature","geometry":{"type":"Polygon","coordinates":[[[-79.41711121468799,43.67883046798959],[-79.42376326868153,43.67742881041217],[-79.42530301554827,43.67273109044607],[-79.42019186516542,43.66943526647499],[-79.41354085530281,43.670836587008395],[-79.41199995179448,43.67553406851115],[-79.41711121468799,43.67883046798959]]]},"properties":{"cell_id":"882b9bc723fffff","hex_id":"882b9bc723fffff","lat":43.674133,"lng":-79.418652,"resolution":8,"neighbourhood":"Central Toronto"}},{"type":"Feature","geometry":{"type":"Polygon","coordinates":[[[-79.22098887622974,43.80304545317868],[-79.22766573284059,43.80165310730457],[-79.22923007502419,43.79695165415945],[-79.22411871999685,43.7936427897981],[-79.21744291837891,43.79503480173345],[-79.21587741690001,43.799736011923386],[-79.22098887622974,43.80304545317868]]]},"properties":{"cell_id":"882b9bd639fffff","hex_id":"882b9bd639fffff","lat":43.798344,"lng":-79.222554,"resolution":8,"neighbourhood":"Scarborough Town"}},{"type":"Feature","geometry":{"type":"Polygon","coordinates":[[[-79.26572451520475,43.78058197473428],[-79.27239657364885,43.77918740163426],[-79.27395549710697,43.774486499542896],[-79.26884352121921,43.771180412453916],[-79.26217251555833,43.77257465087618],[-79.26061243310613,43.77727531101958],[-79.26572451520475,43.78058197473428]]]},"properties":{"cell_id":"882b9bd409fffff","hex_id":"882b9bd409fffff","lat":43.775881,"lng":-79.267284,"resolution":8,"neighbourhood":"Scarborough Town"}},{"type":"Feature","geometry":{"type":"Polygon","coordinates":[[[-79.257491298749,43.78667727078605],[-79.26416452765311,43.78528307566435],[-79.26572451520475,43.78058197473428],[-79.26061243310613,43.77727531101958],[-79.25394025748257,43.77866917159029],[-79.25237911078132,43.7833700303811],[-79.257491298749,43.78667727078605]]]},"properties":{"cell_id":"882b9bd443fffff","hex_id":"882b9bd443fffff","lat":43.781976,"lng":-79.259052,"resolution":8,"neighbourhood":"Scarborough Town"}},{"type":"Feature","geometry":{"type":"Polygon","coordinates":[[[-79.63244055413439,43.81716770577357],[-79.63910540771317,43.81575134346641],[-79.64062740719199,43.81104414516217],[-79.63548572083283,43.80775354344448],[-79.62882191201285,43.80916956403173],[-79.62729874489499,43.813876528010226],[-79.63244055413439,43.81716770577357]]]},"properties":{"cell_id":"882b9bd8a3fffff","hex_id":"882b9bd8a3fffff","lat":43.812461,"lng":-79.633963,"resolution":8,"neighbourhood":"NW Toronto"}},{"type":"Feature","geometry":{"type":"Polygon","coordinates":[[[-79.45646750705424,43.76679917286601],[-79.4631310644648,43.765393800905066],[-79.46466969161048,43.760691226657165],[-79.45954592328937,43.75739426221871],[-79.45288341300716,43.75879929598514],[-79.4513436240204,43.76350163233858],[-79.45646750705424,43.76679917286601]]]},"properties":{"cell_id":"882b9bc059fffff","hex_id":"882b9bc059fffff","lat":43.762097,"lng":-79.458007,"resolution":8,"neighbourhood":"Downsview"}},{"type":"Feature","geometry":{"type":"Polygon","coordinates":[[[-79.40574739090644,43.751219727184406],[-79.41241040349729,43.74981753888906],[-79.41395377690523,43.74511635856228],[-79.40883529793538,43.74181760540155],[-79.40217333309592,43.74321945652565],[-79.40062879957785,43.7479203979359],[-79.40574739090644,43.751219727184406]]]},"properties":{"cell_id":"882b9bc289fffff","hex_id":"882b9bc289fffff","lat":43.746519,"lng":-79.407292,"resolution":8,"neighbourhood":"North York"}}]}